ModelFile,Arch,Location,BaseType,Reduction,Condition,ImageID,Eyes_PoS,Nose_PoS,Mouth_PoS
SE-Conv-L1_FaceBased_R2.pth,AlexNet,1,FaceBased,2,E,1,0.030945616,0.022024697,0.002283791
SE-Conv-L1_FaceBased_R2.pth,AlexNet,1,FaceBased,2,E,2,0.052412558,0.062833555,0.069228731
SE-Conv-L1_FaceBased_R2.pth,AlexNet,1,FaceBased,2,E,3,0.100645445,0.025838744,0.082511097
SE-Conv-L1_FaceBased_R2.pth,AlexNet,1,FaceBased,2,E,4,0.034296811,0.01221779,0.174292445
SE-Conv-L1_FaceBased_R2.pth,AlexNet,1,FaceBased,2,E,5,0.039168954,0.02269383,0.137567773
SE-Conv-L1_FaceBased_R2.pth,AlexNet,1,FaceBased,2,E,6,0.022897294,0.054084778,0.134164959
SE-Conv-L1_FaceBased_R2.pth,AlexNet,1,FaceBased,2,E,7,0.085315339,0.054681741,0.106319055
SE-Conv-L1_FaceBased_R2.pth,AlexNet,1,FaceBased,2,E,8,0.071398139,0.05407526,0.116578251
SE-Conv-L1_FaceBased_R2.pth,AlexNet,1,FaceBased,2,E,9,0.094412662,0.045420207,0.005060986
SE-Conv-L1_FaceBased_R2.pth,AlexNet,1,FaceBased,2,E,10,0.035830241,0.024031952,0.023907065
SE-Conv-L1_FaceBased_R2.pth,AlexNet,1,FaceBased,2,E,11,0.039693967,0.024394263,0.019529538
SE-Conv-L1_FaceBased_R2.pth,AlexNet,1,FaceBased,2,E,12,0.041906975,0.016107883,0.020768916
SE-Conv-L1_FaceBased_R2.pth,AlexNet,1,FaceBased,2,E,13,0,0,0
SE-Conv-L1_FaceBased_R2.pth,AlexNet,1,FaceBased,2,E,14,0.022182859,0.088591747,0.101308815
SE-Conv-L1_FaceBased_R2.pth,AlexNet,1,FaceBased,2,E,15,0.040659498,0.037919473,0.037876435
SE-Conv-L1_FaceBased_R2.pth,AlexNet,1,FaceBased,2,E,16,0.058085427,0.048391808,0.079351261
SE-Conv-L1_FaceBased_R2.pth,AlexNet,1,FaceBased,2,E,17,0,0.128366426,0.299978733
SE-Conv-L1_FaceBased_R2.pth,AlexNet,1,FaceBased,2,E,18,0,0.017948683,0.207308233
SE-Conv-L1_FaceBased_R2.pth,AlexNet,1,FaceBased,2,E,19,0,0.220994696,0.1364692
SE-Conv-L1_FaceBased_R2.pth,AlexNet,1,FaceBased,2,E,20,0,0.187687099,0.146094188
SE-Conv-L1_FaceBased_R2.pth,AlexNet,1,FaceBased,2,E,21,0,0,0
SE-Conv-L1_FaceBased_R2.pth,AlexNet,1,FaceBased,2,Full,1,0,0,0
SE-Conv-L1_FaceBased_R2.pth,AlexNet,1,FaceBased,2,Full,2,0,0,0
SE-Conv-L1_FaceBased_R2.pth,AlexNet,1,FaceBased,2,Full,3,0,0,0
SE-Conv-L1_FaceBased_R2.pth,AlexNet,1,FaceBased,2,Full,4,0.082564324,0,0
SE-Conv-L1_FaceBased_R2.pth,AlexNet,1,FaceBased,2,Full,5,0,0,0
SE-Conv-L1_FaceBased_R2.pth,AlexNet,1,FaceBased,2,Full,6,0,0,0
SE-Conv-L1_FaceBased_R2.pth,AlexNet,1,FaceBased,2,Full,7,0,0,0
SE-Conv-L1_FaceBased_R2.pth,AlexNet,1,FaceBased,2,Full,8,0,0,0
SE-Conv-L1_FaceBased_R2.pth,AlexNet,1,FaceBased,2,Full,9,0,0,0
SE-Conv-L1_FaceBased_R2.pth,AlexNet,1,FaceBased,2,Full,10,0,0,0
SE-Conv-L1_FaceBased_R2.pth,AlexNet,1,FaceBased,2,Full,11,0,0,0
SE-Conv-L1_FaceBased_R2.pth,AlexNet,1,FaceBased,2,Full,12,0,0,0
SE-Conv-L1_FaceBased_R2.pth,AlexNet,1,FaceBased,2,Full,13,0,0,0.224972725
SE-Conv-L1_FaceBased_R2.pth,AlexNet,1,FaceBased,2,Full,14,0,0,0
SE-Conv-L1_FaceBased_R2.pth,AlexNet,1,FaceBased,2,Full,15,0.045854032,0,0.003132053
SE-Conv-L1_FaceBased_R2.pth,AlexNet,1,FaceBased,2,Full,16,0.040282711,0.040703509,0.03238279
SE-Conv-L1_FaceBased_R2.pth,AlexNet,1,FaceBased,2,Full,17,0.087193631,0.121692114,0.008949608
SE-Conv-L1_FaceBased_R2.pth,AlexNet,1,FaceBased,2,Full,18,0.093857042,0,0.000620752
SE-Conv-L1_FaceBased_R2.pth,AlexNet,1,FaceBased,2,Full,19,0.144269586,0.152484804,0.013079046
SE-Conv-L1_FaceBased_R2.pth,AlexNet,1,FaceBased,2,Full,20,0.003336183,0.701021492,0.011747002
SE-Conv-L1_FaceBased_R2.pth,AlexNet,1,FaceBased,2,Full,21,0,0,0
SE-Conv-L1_FaceBased_R2.pth,AlexNet,1,FaceBased,2,M,1,0.534102738,0,0
SE-Conv-L1_FaceBased_R2.pth,AlexNet,1,FaceBased,2,M,2,0.330145955,0,0
SE-Conv-L1_FaceBased_R2.pth,AlexNet,1,FaceBased,2,M,3,0.260017842,0,0
SE-Conv-L1_FaceBased_R2.pth,AlexNet,1,FaceBased,2,M,4,0.729126871,0,0
SE-Conv-L1_FaceBased_R2.pth,AlexNet,1,FaceBased,2,M,5,0.729126871,0,0
SE-Conv-L1_FaceBased_R2.pth,AlexNet,1,FaceBased,2,M,6,0.729126811,0,0
SE-Conv-L1_FaceBased_R2.pth,AlexNet,1,FaceBased,2,M,7,0.729126871,0,0
SE-Conv-L1_FaceBased_R2.pth,AlexNet,1,FaceBased,2,M,8,0,0,0
SE-Conv-L1_FaceBased_R2.pth,AlexNet,1,FaceBased,2,M,9,0,0,0
SE-Conv-L1_FaceBased_R2.pth,AlexNet,1,FaceBased,2,M,10,0,0,0
SE-Conv-L1_FaceBased_R2.pth,AlexNet,1,FaceBased,2,M,11,0,0,0
SE-Conv-L1_FaceBased_R2.pth,AlexNet,1,FaceBased,2,M,12,0,0,0
SE-Conv-L1_FaceBased_R2.pth,AlexNet,1,FaceBased,2,M,13,0,0,0
SE-Conv-L1_FaceBased_R2.pth,AlexNet,1,FaceBased,2,M,14,0,0,0
SE-Conv-L1_FaceBased_R2.pth,AlexNet,1,FaceBased,2,M,15,0,0,0
SE-Conv-L1_FaceBased_R2.pth,AlexNet,1,FaceBased,2,M,16,0,0,0
SE-Conv-L1_FaceBased_R2.pth,AlexNet,1,FaceBased,2,M,17,0,0,0
SE-Conv-L1_FaceBased_R2.pth,AlexNet,1,FaceBased,2,M,18,0,0,0
SE-Conv-L1_FaceBased_R2.pth,AlexNet,1,FaceBased,2,M,19,0,0,0
SE-Conv-L1_FaceBased_R2.pth,AlexNet,1,FaceBased,2,M,20,0.093807817,0,0
SE-Conv-L1_FaceBased_R2.pth,AlexNet,1,FaceBased,2,M,21,0.095349185,0,0
SE-Conv-L1_FaceBased_R2.pth,AlexNet,1,FaceBased,2,N,1,0.027414918,0.055855207,0.06034638
SE-Conv-L1_FaceBased_R2.pth,AlexNet,1,FaceBased,2,N,2,0.01174938,0.064381875,0.048015468
SE-Conv-L1_FaceBased_R2.pth,AlexNet,1,FaceBased,2,N,3,0.02433206,0.075018667,0.05220421
SE-Conv-L1_FaceBased_R2.pth,AlexNet,1,FaceBased,2,N,4,0.04095589,0.074057989,0.035731398
SE-Conv-L1_FaceBased_R2.pth,AlexNet,1,FaceBased,2,N,5,0.034793496,0.037784163,0.017988328
SE-Conv-L1_FaceBased_R2.pth,AlexNet,1,FaceBased,2,N,6,0.104227707,0.027273379,0.039304696
SE-Conv-L1_FaceBased_R2.pth,AlexNet,1,FaceBased,2,N,7,0.094852179,0.054121055,0.051303867
SE-Conv-L1_FaceBased_R2.pth,AlexNet,1,FaceBased,2,N,8,0.101376951,0.021739429,0.039508149
SE-Conv-L1_FaceBased_R2.pth,AlexNet,1,FaceBased,2,N,9,0.201447979,0.016380416,0.055135235
SE-Conv-L1_FaceBased_R2.pth,AlexNet,1,FaceBased,2,N,10,0.209252372,0.025885327,0.075290248
SE-Conv-L1_FaceBased_R2.pth,AlexNet,1,FaceBased,2,N,11,0.261336654,0.017622136,0.024572177
SE-Conv-L1_FaceBased_R2.pth,AlexNet,1,FaceBased,2,N,12,0.07598497,0.029742975,0.053211257
SE-Conv-L1_FaceBased_R2.pth,AlexNet,1,FaceBased,2,N,13,0.058449663,0.042782929,0.04807011
SE-Conv-L1_FaceBased_R2.pth,AlexNet,1,FaceBased,2,N,14,0.066199541,0.078907676,0.075203501
SE-Conv-L1_FaceBased_R2.pth,AlexNet,1,FaceBased,2,N,15,0.027847704,0.077091157,0.086713053
SE-Conv-L1_FaceBased_R2.pth,AlexNet,1,FaceBased,2,N,16,0.027580546,0.023118297,0.032805894
SE-Conv-L1_FaceBased_R2.pth,AlexNet,1,FaceBased,2,N,17,0.000371455,0.009834877,0.035941597
SE-Conv-L1_FaceBased_R2.pth,AlexNet,1,FaceBased,2,N,18,0.01247658,0.024929777,0.104107246
SE-Conv-L1_FaceBased_R2.pth,AlexNet,1,FaceBased,2,N,19,0.273045629,0.018724883,0.175490603
SE-Conv-L1_FaceBased_R2.pth,AlexNet,1,FaceBased,2,N,20,0.154475555,0.034303945,0.11326997
SE-Conv-L1_FaceBased_R2.pth,AlexNet,1,FaceBased,2,N,21,0.093302809,0.019571608,0
SE-Conv-L1_ObjectBased_R2.pth,AlexNet,1,ObjectBased,2,E,1,0.204641566,0.272483081,0.03665382
SE-Conv-L1_ObjectBased_R2.pth,AlexNet,1,ObjectBased,2,E,2,0.298955083,0.168457523,0.007235928
SE-Conv-L1_ObjectBased_R2.pth,AlexNet,1,ObjectBased,2,E,3,0.233017445,0.237702727,0.011093585
SE-Conv-L1_ObjectBased_R2.pth,AlexNet,1,ObjectBased,2,E,4,0.049678814,0.195549935,0.141534224
SE-Conv-L1_ObjectBased_R2.pth,AlexNet,1,ObjectBased,2,E,5,0.054178976,0.160447478,0.129669473
SE-Conv-L1_ObjectBased_R2.pth,AlexNet,1,ObjectBased,2,E,6,0.045769509,0.239791408,0.131454423
SE-Conv-L1_ObjectBased_R2.pth,AlexNet,1,ObjectBased,2,E,7,0.050811026,0.228331313,0.083524324
SE-Conv-L1_ObjectBased_R2.pth,AlexNet,1,ObjectBased,2,E,8,0.040647492,0.240790516,0.119770348
SE-Conv-L1_ObjectBased_R2.pth,AlexNet,1,ObjectBased,2,E,9,0.038113311,0.22807759,0.147629395
SE-Conv-L1_ObjectBased_R2.pth,AlexNet,1,ObjectBased,2,E,10,0.033831637,0.260548621,0.122966647
SE-Conv-L1_ObjectBased_R2.pth,AlexNet,1,ObjectBased,2,E,11,0.037779301,0.222144827,0.119112022
SE-Conv-L1_ObjectBased_R2.pth,AlexNet,1,ObjectBased,2,E,12,0.058326233,0.234783173,0.08705458
SE-Conv-L1_ObjectBased_R2.pth,AlexNet,1,ObjectBased,2,E,13,0.060806118,0.252630472,0.094526656
SE-Conv-L1_ObjectBased_R2.pth,AlexNet,1,ObjectBased,2,E,14,0.073335916,0.332215041,0.047204319
SE-Conv-L1_ObjectBased_R2.pth,AlexNet,1,ObjectBased,2,E,15,0.07678166,0.675376415,0
SE-Conv-L1_ObjectBased_R2.pth,AlexNet,1,ObjectBased,2,E,16,0.083160654,0.267710775,0.04969975
SE-Conv-L1_ObjectBased_R2.pth,AlexNet,1,ObjectBased,2,E,17,0.049081851,0.301288933,0.07113082
SE-Conv-L1_ObjectBased_R2.pth,AlexNet,1,ObjectBased,2,E,18,0.077248886,0.317104965,0.070779413
SE-Conv-L1_ObjectBased_R2.pth,AlexNet,1,ObjectBased,2,E,19,0.102937073,0.304958373,0.107054099
SE-Conv-L1_ObjectBased_R2.pth,AlexNet,1,ObjectBased,2,E,20,0.046189796,0.38726306,0.169845074
SE-Conv-L1_ObjectBased_R2.pth,AlexNet,1,ObjectBased,2,E,21,0.090889126,0.413219035,0.066129893
SE-Conv-L1_ObjectBased_R2.pth,AlexNet,1,ObjectBased,2,Full,1,0.069615342,0.029518509,0.273066849
SE-Conv-L1_ObjectBased_R2.pth,AlexNet,1,ObjectBased,2,Full,2,0.05696547,0.05070335,0.205473393
SE-Conv-L1_ObjectBased_R2.pth,AlexNet,1,ObjectBased,2,Full,3,0.016561357,0.029909678,0.159761861
SE-Conv-L1_ObjectBased_R2.pth,AlexNet,1,ObjectBased,2,Full,4,0.202152818,0.024614425,0
SE-Conv-L1_ObjectBased_R2.pth,AlexNet,1,ObjectBased,2,Full,5,0.145169258,0.106854782,0
SE-Conv-L1_ObjectBased_R2.pth,AlexNet,1,ObjectBased,2,Full,6,0.215805024,0.268613845,0
SE-Conv-L1_ObjectBased_R2.pth,AlexNet,1,ObjectBased,2,Full,7,0.192849576,0.374563366,0
SE-Conv-L1_ObjectBased_R2.pth,AlexNet,1,ObjectBased,2,Full,8,0.288297653,0.303896248,0.038566578
SE-Conv-L1_ObjectBased_R2.pth,AlexNet,1,ObjectBased,2,Full,9,0.256169736,0.25263992,0.017127207
SE-Conv-L1_ObjectBased_R2.pth,AlexNet,1,ObjectBased,2,Full,10,0.277582616,0.290427893,0.050202511
SE-Conv-L1_ObjectBased_R2.pth,AlexNet,1,ObjectBased,2,Full,11,0.249207065,0.423083127,0.001696102
SE-Conv-L1_ObjectBased_R2.pth,AlexNet,1,ObjectBased,2,Full,12,0.172870785,0.220428467,0.081379928
SE-Conv-L1_ObjectBased_R2.pth,AlexNet,1,ObjectBased,2,Full,13,0.225205407,0.413231283,0.00062754
SE-Conv-L1_ObjectBased_R2.pth,AlexNet,1,ObjectBased,2,Full,14,0.163748443,0.524056077,0.010484392
SE-Conv-L1_ObjectBased_R2.pth,AlexNet,1,ObjectBased,2,Full,15,0.399848223,0.184376553,0.001306737
SE-Conv-L1_ObjectBased_R2.pth,AlexNet,1,ObjectBased,2,Full,16,0.398426473,0.08070232,0
SE-Conv-L1_ObjectBased_R2.pth,AlexNet,1,ObjectBased,2,Full,17,0.316376299,0.020153338,0
SE-Conv-L1_ObjectBased_R2.pth,AlexNet,1,ObjectBased,2,Full,18,0.327087313,0.212582871,0.013479622
SE-Conv-L1_ObjectBased_R2.pth,AlexNet,1,ObjectBased,2,Full,19,0.295938492,0.106639303,0.006741949
SE-Conv-L1_ObjectBased_R2.pth,AlexNet,1,ObjectBased,2,Full,20,0.21908015,0.348800063,0.05475514
SE-Conv-L1_ObjectBased_R2.pth,AlexNet,1,ObjectBased,2,Full,21,0.196461409,0.279860348,0.062808104
SE-Conv-L1_ObjectBased_R2.pth,AlexNet,1,ObjectBased,2,M,1,0.391442776,0.004045382,0
SE-Conv-L1_ObjectBased_R2.pth,AlexNet,1,ObjectBased,2,M,2,0.370970815,0.031790216,0.004530369
SE-Conv-L1_ObjectBased_R2.pth,AlexNet,1,ObjectBased,2,M,3,0.391577691,0.008660438,0.011126929
SE-Conv-L1_ObjectBased_R2.pth,AlexNet,1,ObjectBased,2,M,4,0.433142185,0.013934045,0.007335351
SE-Conv-L1_ObjectBased_R2.pth,AlexNet,1,ObjectBased,2,M,5,0.441581517,0.004006066,0.008619348
SE-Conv-L1_ObjectBased_R2.pth,AlexNet,1,ObjectBased,2,M,6,0.451071471,0.008710383,0.015292101
SE-Conv-L1_ObjectBased_R2.pth,AlexNet,1,ObjectBased,2,M,7,0.206858292,0.104941159,0.100256793
SE-Conv-L1_ObjectBased_R2.pth,AlexNet,1,ObjectBased,2,M,8,0.53861165,0.019585636,0.032228783
SE-Conv-L1_ObjectBased_R2.pth,AlexNet,1,ObjectBased,2,M,9,0.471566647,0.03359637,0.043884825
SE-Conv-L1_ObjectBased_R2.pth,AlexNet,1,ObjectBased,2,M,10,0.55715549,0.007325001,0.015459532
SE-Conv-L1_ObjectBased_R2.pth,AlexNet,1,ObjectBased,2,M,11,0.578645289,0.025233598,0.004066951
SE-Conv-L1_ObjectBased_R2.pth,AlexNet,1,ObjectBased,2,M,12,0.18833974,0.090053126,0.114120156
SE-Conv-L1_ObjectBased_R2.pth,AlexNet,1,ObjectBased,2,M,13,0.199886695,0.08822944,0.105349332
SE-Conv-L1_ObjectBased_R2.pth,AlexNet,1,ObjectBased,2,M,14,0.271224976,0.11646805,0.080040447
SE-Conv-L1_ObjectBased_R2.pth,AlexNet,1,ObjectBased,2,M,15,0.279139876,0.091723509,0.094439551
SE-Conv-L1_ObjectBased_R2.pth,AlexNet,1,ObjectBased,2,M,16,0.279068887,0.100657903,0.084113494
SE-Conv-L1_ObjectBased_R2.pth,AlexNet,1,ObjectBased,2,M,17,0.27157256,0.104472294,0.100871593
SE-Conv-L1_ObjectBased_R2.pth,AlexNet,1,ObjectBased,2,M,18,0.191637114,0.068435833,0.156508774
SE-Conv-L1_ObjectBased_R2.pth,AlexNet,1,ObjectBased,2,M,19,0.295277417,0.077190831,0.096159562
SE-Conv-L1_ObjectBased_R2.pth,AlexNet,1,ObjectBased,2,M,20,0.323640227,0.061109621,0.08350268
SE-Conv-L1_ObjectBased_R2.pth,AlexNet,1,ObjectBased,2,M,21,0.378205955,0.056439653,0.071047015
SE-Conv-L1_ObjectBased_R2.pth,AlexNet,1,ObjectBased,2,N,1,0.266835093,0.001323338,0.037412841
SE-Conv-L1_ObjectBased_R2.pth,AlexNet,1,ObjectBased,2,N,2,0.074250065,0.019441813,0.207038283
SE-Conv-L1_ObjectBased_R2.pth,AlexNet,1,ObjectBased,2,N,3,0.099234834,0.030140722,0.245316863
SE-Conv-L1_ObjectBased_R2.pth,AlexNet,1,ObjectBased,2,N,4,0.122414231,0.026691802,0.315031171
SE-Conv-L1_ObjectBased_R2.pth,AlexNet,1,ObjectBased,2,N,5,0.369799167,0.000289633,0.087964013
SE-Conv-L1_ObjectBased_R2.pth,AlexNet,1,ObjectBased,2,N,6,0.421906114,0.001048483,0.142605886
SE-Conv-L1_ObjectBased_R2.pth,AlexNet,1,ObjectBased,2,N,7,0.289698213,0,0.185819432
SE-Conv-L1_ObjectBased_R2.pth,AlexNet,1,ObjectBased,2,N,8,0.234247148,0.000273339,0.161699191
SE-Conv-L1_ObjectBased_R2.pth,AlexNet,1,ObjectBased,2,N,9,0.2405013,0.00026231,0.146426156
SE-Conv-L1_ObjectBased_R2.pth,AlexNet,1,ObjectBased,2,N,10,0.294634789,1.31E-05,0.049269367
SE-Conv-L1_ObjectBased_R2.pth,AlexNet,1,ObjectBased,2,N,11,0.284441024,0.001289513,0.033145536
SE-Conv-L1_ObjectBased_R2.pth,AlexNet,1,ObjectBased,2,N,12,0.315609097,1.31E-05,0.012358835
SE-Conv-L1_ObjectBased_R2.pth,AlexNet,1,ObjectBased,2,N,13,0.288847148,0.000522808,0.110905431
SE-Conv-L1_ObjectBased_R2.pth,AlexNet,1,ObjectBased,2,N,14,0.301872164,0.00053681,0.006200179
SE-Conv-L1_ObjectBased_R2.pth,AlexNet,1,ObjectBased,2,N,15,0.243359506,0.002496514,0.074364513
SE-Conv-L1_ObjectBased_R2.pth,AlexNet,1,ObjectBased,2,N,16,0.266736627,0.001040684,0.04942324
SE-Conv-L1_ObjectBased_R2.pth,AlexNet,1,ObjectBased,2,N,17,0.229800433,0.001664778,0.196543887
SE-Conv-L1_ObjectBased_R2.pth,AlexNet,1,ObjectBased,2,N,18,0.203283936,0.000758916,0.163941517
SE-Conv-L1_ObjectBased_R2.pth,AlexNet,1,ObjectBased,2,N,19,0.209331676,0.002203627,0.156058729
SE-Conv-L1_ObjectBased_R2.pth,AlexNet,1,ObjectBased,2,N,20,0.171294764,0.003088536,0.090706177
SE-Conv-L1_ObjectBased_R2.pth,AlexNet,1,ObjectBased,2,N,21,0.200510859,0.00510413,0.117132984
SE-Conv-L1_FaceBased_R4.pth,AlexNet,1,FaceBased,4,E,1,0.096419238,0.354366809,0.061582908
SE-Conv-L1_FaceBased_R4.pth,AlexNet,1,FaceBased,4,E,2,0.082258195,0.171447307,0.113190055
SE-Conv-L1_FaceBased_R4.pth,AlexNet,1,FaceBased,4,E,3,0.08386761,0.172012269,0.112374201
SE-Conv-L1_FaceBased_R4.pth,AlexNet,1,FaceBased,4,E,4,0.088342309,0.313465387,0.11282108
SE-Conv-L1_FaceBased_R4.pth,AlexNet,1,FaceBased,4,E,5,0.085805647,0.227055758,0.11588975
SE-Conv-L1_FaceBased_R4.pth,AlexNet,1,FaceBased,4,E,6,0.070947461,0.300968856,0.110413879
SE-Conv-L1_FaceBased_R4.pth,AlexNet,1,FaceBased,4,E,7,0.000630772,0.274173915,0.252019048
SE-Conv-L1_FaceBased_R4.pth,AlexNet,1,FaceBased,4,E,8,0.022306196,0.22827062,0.233364835
SE-Conv-L1_FaceBased_R4.pth,AlexNet,1,FaceBased,4,E,9,0.015626341,0.158306658,0.26826328
SE-Conv-L1_FaceBased_R4.pth,AlexNet,1,FaceBased,4,E,10,0.018362449,0.127670854,0.26197502
SE-Conv-L1_FaceBased_R4.pth,AlexNet,1,FaceBased,4,E,11,0.029759664,0.149313778,0.243649721
SE-Conv-L1_FaceBased_R4.pth,AlexNet,1,FaceBased,4,E,12,0.04695553,0.159109741,0.234342813
SE-Conv-L1_FaceBased_R4.pth,AlexNet,1,FaceBased,4,E,13,0.000945294,0.197174087,0.345422804
SE-Conv-L1_FaceBased_R4.pth,AlexNet,1,FaceBased,4,E,14,0.004644969,0.118371129,0.432164669
SE-Conv-L1_FaceBased_R4.pth,AlexNet,1,FaceBased,4,E,15,0.001356452,0.307609677,0.319682389
SE-Conv-L1_FaceBased_R4.pth,AlexNet,1,FaceBased,4,E,16,0.053980559,0.258331925,0.28525579
SE-Conv-L1_FaceBased_R4.pth,AlexNet,1,FaceBased,4,E,17,0.089747071,0.210133389,0.179993331
SE-Conv-L1_FaceBased_R4.pth,AlexNet,1,FaceBased,4,E,18,0.0280108,0.193323299,0.26826334
SE-Conv-L1_FaceBased_R4.pth,AlexNet,1,FaceBased,4,E,19,0.004109236,0.326707244,0.289531916
SE-Conv-L1_FaceBased_R4.pth,AlexNet,1,FaceBased,4,E,20,0.034120191,0.208659738,0.294075787
SE-Conv-L1_FaceBased_R4.pth,AlexNet,1,FaceBased,4,E,21,0.037527155,0.308165252,0.181558028
SE-Conv-L1_FaceBased_R4.pth,AlexNet,1,FaceBased,4,Full,1,0.439647019,0.091689214,0
SE-Conv-L1_FaceBased_R4.pth,AlexNet,1,FaceBased,4,Full,2,0.47737962,0.057522736,0
SE-Conv-L1_FaceBased_R4.pth,AlexNet,1,FaceBased,4,Full,3,0.533273458,0.041239139,0
SE-Conv-L1_FaceBased_R4.pth,AlexNet,1,FaceBased,4,Full,4,0.338256955,0.103583045,0
SE-Conv-L1_FaceBased_R4.pth,AlexNet,1,FaceBased,4,Full,5,0,0,0
SE-Conv-L1_FaceBased_R4.pth,AlexNet,1,FaceBased,4,Full,6,0,0,0
SE-Conv-L1_FaceBased_R4.pth,AlexNet,1,FaceBased,4,Full,7,0,0,0
SE-Conv-L1_FaceBased_R4.pth,AlexNet,1,FaceBased,4,Full,8,0,0,0
SE-Conv-L1_FaceBased_R4.pth,AlexNet,1,FaceBased,4,Full,9,0,0,0
SE-Conv-L1_FaceBased_R4.pth,AlexNet,1,FaceBased,4,Full,10,0,0,0
SE-Conv-L1_FaceBased_R4.pth,AlexNet,1,FaceBased,4,Full,11,0,0,0
SE-Conv-L1_FaceBased_R4.pth,AlexNet,1,FaceBased,4,Full,12,0,0,0
SE-Conv-L1_FaceBased_R4.pth,AlexNet,1,FaceBased,4,Full,13,0.015026898,0.564338148,0
SE-Conv-L1_FaceBased_R4.pth,AlexNet,1,FaceBased,4,Full,14,0.023551423,0.375807494,0
SE-Conv-L1_FaceBased_R4.pth,AlexNet,1,FaceBased,4,Full,15,0.015875418,0.552916944,0
SE-Conv-L1_FaceBased_R4.pth,AlexNet,1,FaceBased,4,Full,16,0.024490951,0.538448036,0.009205788
SE-Conv-L1_FaceBased_R4.pth,AlexNet,1,FaceBased,4,Full,17,0.024991168,0.504019797,0.081860587
SE-Conv-L1_FaceBased_R4.pth,AlexNet,1,FaceBased,4,Full,18,0.099753104,0.459575564,0.005761879
SE-Conv-L1_FaceBased_R4.pth,AlexNet,1,FaceBased,4,Full,19,0.177317575,0.410287797,0
SE-Conv-L1_FaceBased_R4.pth,AlexNet,1,FaceBased,4,Full,20,0.012291529,0.623213887,0
SE-Conv-L1_FaceBased_R4.pth,AlexNet,1,FaceBased,4,Full,21,0.027818119,0.563961744,0
SE-Conv-L1_FaceBased_R4.pth,AlexNet,1,FaceBased,4,M,1,0,0.886647105,0
SE-Conv-L1_FaceBased_R4.pth,AlexNet,1,FaceBased,4,M,2,0,0.838830292,0.004183013
SE-Conv-L1_FaceBased_R4.pth,AlexNet,1,FaceBased,4,M,3,0,0.349179298,0.065798059
SE-Conv-L1_FaceBased_R4.pth,AlexNet,1,FaceBased,4,M,4,0,0.353069991,0.061205506
SE-Conv-L1_FaceBased_R4.pth,AlexNet,1,FaceBased,4,M,5,0.000288128,0.455696434,0.037625398
SE-Conv-L1_FaceBased_R4.pth,AlexNet,1,FaceBased,4,M,6,0,0,0
SE-Conv-L1_FaceBased_R4.pth,AlexNet,1,FaceBased,4,M,7,0.010132035,0.623274505,0.007152411
SE-Conv-L1_FaceBased_R4.pth,AlexNet,1,FaceBased,4,M,8,0.009122961,0.731081963,0
SE-Conv-L1_FaceBased_R4.pth,AlexNet,1,FaceBased,4,M,9,0.017113693,0.601039171,0
SE-Conv-L1_FaceBased_R4.pth,AlexNet,1,FaceBased,4,M,10,0.027393119,0.440465868,0
SE-Conv-L1_FaceBased_R4.pth,AlexNet,1,FaceBased,4,M,11,0.018802617,0.575617313,0
SE-Conv-L1_FaceBased_R4.pth,AlexNet,1,FaceBased,4,M,12,0,0,0
SE-Conv-L1_FaceBased_R4.pth,AlexNet,1,FaceBased,4,M,13,0,0.772569656,0
SE-Conv-L1_FaceBased_R4.pth,AlexNet,1,FaceBased,4,M,14,0,0,0
SE-Conv-L1_FaceBased_R4.pth,AlexNet,1,FaceBased,4,M,15,0,0,0
SE-Conv-L1_FaceBased_R4.pth,AlexNet,1,FaceBased,4,M,16,0,0.892200172,0
SE-Conv-L1_FaceBased_R4.pth,AlexNet,1,FaceBased,4,M,17,0.403575152,0.079933286,0
SE-Conv-L1_FaceBased_R4.pth,AlexNet,1,FaceBased,4,M,18,0.418305695,0.053379126,0
SE-Conv-L1_FaceBased_R4.pth,AlexNet,1,FaceBased,4,M,19,0.344579697,0.109048955,0
SE-Conv-L1_FaceBased_R4.pth,AlexNet,1,FaceBased,4,M,20,0.1754511,0.151734531,0
SE-Conv-L1_FaceBased_R4.pth,AlexNet,1,FaceBased,4,M,21,0.202852592,0.160807103,0.008963105
SE-Conv-L1_FaceBased_R4.pth,AlexNet,1,FaceBased,4,N,1,0.121081345,0.164236099,0.030534217
SE-Conv-L1_FaceBased_R4.pth,AlexNet,1,FaceBased,4,N,2,0.121849909,0.11937961,0.050449703
SE-Conv-L1_FaceBased_R4.pth,AlexNet,1,FaceBased,4,N,3,0.081087708,0.108577289,0.06712427
SE-Conv-L1_FaceBased_R4.pth,AlexNet,1,FaceBased,4,N,4,0.101595044,0.154930994,0.038958237
SE-Conv-L1_FaceBased_R4.pth,AlexNet,1,FaceBased,4,N,5,0.04694682,0.254023373,0.001663717
SE-Conv-L1_FaceBased_R4.pth,AlexNet,1,FaceBased,4,N,6,0.122586228,0.238832161,0.004085032
SE-Conv-L1_FaceBased_R4.pth,AlexNet,1,FaceBased,4,N,7,0.124614865,0.219270483,0.000310136
SE-Conv-L1_FaceBased_R4.pth,AlexNet,1,FaceBased,4,N,8,0.107072689,0.13286835,0.018688776
SE-Conv-L1_FaceBased_R4.pth,AlexNet,1,FaceBased,4,N,9,0.103342459,0.16320163,0.020929951
SE-Conv-L1_FaceBased_R4.pth,AlexNet,1,FaceBased,4,N,10,0.082445323,0.147698268,0.007104474
SE-Conv-L1_FaceBased_R4.pth,AlexNet,1,FaceBased,4,N,11,0.079270065,0.115329839,0.012856945
SE-Conv-L1_FaceBased_R4.pth,AlexNet,1,FaceBased,4,N,12,0.09304788,0.179774493,0.018328626
SE-Conv-L1_FaceBased_R4.pth,AlexNet,1,FaceBased,4,N,13,0.029248027,0.124777935,0.059906147
SE-Conv-L1_FaceBased_R4.pth,AlexNet,1,FaceBased,4,N,14,0.099753194,0.114626996,0.063959911
SE-Conv-L1_FaceBased_R4.pth,AlexNet,1,FaceBased,4,N,15,0.2064033,0.038496666,0.132639393
SE-Conv-L1_FaceBased_R4.pth,AlexNet,1,FaceBased,4,N,16,0.013222117,0.088018976,0.216530636
SE-Conv-L1_FaceBased_R4.pth,AlexNet,1,FaceBased,4,N,17,0.255676746,0.143943503,0.370664924
SE-Conv-L1_FaceBased_R4.pth,AlexNet,1,FaceBased,4,N,18,0.085509732,0.137110785,0.451034516
SE-Conv-L1_FaceBased_R4.pth,AlexNet,1,FaceBased,4,N,19,0,0.031408273,0.487082601
SE-Conv-L1_FaceBased_R4.pth,AlexNet,1,FaceBased,4,N,20,0.360663623,0.097523794,0.124577291
SE-Conv-L1_FaceBased_R4.pth,AlexNet,1,FaceBased,4,N,21,0.523186088,0.005373553,0.217467189
SE-Conv-L1_ObjectBased_R4.pth,AlexNet,1,ObjectBased,4,E,1,0.506209195,0.011199012,0
SE-Conv-L1_ObjectBased_R4.pth,AlexNet,1,ObjectBased,4,E,2,0.457179517,0.01305068,3.01E-05
SE-Conv-L1_ObjectBased_R4.pth,AlexNet,1,ObjectBased,4,E,3,0.002664227,0.180018008,0.122701786
SE-Conv-L1_ObjectBased_R4.pth,AlexNet,1,ObjectBased,4,E,4,0.004552371,0.188290402,0.136304885
SE-Conv-L1_ObjectBased_R4.pth,AlexNet,1,ObjectBased,4,E,5,0.002924146,0.217924416,0.118513979
SE-Conv-L1_ObjectBased_R4.pth,AlexNet,1,ObjectBased,4,E,6,0.002572987,0.259615511,0.154790223
SE-Conv-L1_ObjectBased_R4.pth,AlexNet,1,ObjectBased,4,E,7,0.001141785,0.267225415,0.155159041
SE-Conv-L1_ObjectBased_R4.pth,AlexNet,1,ObjectBased,4,E,8,0.00392989,0.268123567,0.138357475
SE-Conv-L1_ObjectBased_R4.pth,AlexNet,1,ObjectBased,4,E,9,0.002171657,0.22015591,0.105165973
SE-Conv-L1_ObjectBased_R4.pth,AlexNet,1,ObjectBased,4,E,10,0.000370758,0.243399978,0.091934375
SE-Conv-L1_ObjectBased_R4.pth,AlexNet,1,ObjectBased,4,E,11,0.00066889,0.301447332,0.142036885
SE-Conv-L1_ObjectBased_R4.pth,AlexNet,1,ObjectBased,4,E,12,0.001422278,0.264050841,0.136566684
SE-Conv-L1_ObjectBased_R4.pth,AlexNet,1,ObjectBased,4,E,13,0.005439878,0.323108405,0.152488932
SE-Conv-L1_ObjectBased_R4.pth,AlexNet,1,ObjectBased,4,E,14,0.005627414,0.264512092,0.1274001
SE-Conv-L1_ObjectBased_R4.pth,AlexNet,1,ObjectBased,4,E,15,0.010154765,0.308353215,0.125042066
SE-Conv-L1_ObjectBased_R4.pth,AlexNet,1,ObjectBased,4,E,16,0.003103916,0.351020902,0.214894533
SE-Conv-L1_ObjectBased_R4.pth,AlexNet,1,ObjectBased,4,E,17,0.012822016,0.333524048,0.120183833
SE-Conv-L1_ObjectBased_R4.pth,AlexNet,1,ObjectBased,4,E,18,0.005278237,0.004942403,0.04162354
SE-Conv-L1_ObjectBased_R4.pth,AlexNet,1,ObjectBased,4,E,19,0.007389798,0.009744531,0.078286946
SE-Conv-L1_ObjectBased_R4.pth,AlexNet,1,ObjectBased,4,E,20,0.000439857,0,0.011043351
SE-Conv-L1_ObjectBased_R4.pth,AlexNet,1,ObjectBased,4,E,21,0.015093343,0.009724845,0.018334311
SE-Conv-L1_ObjectBased_R4.pth,AlexNet,1,ObjectBased,4,Full,1,0.527716994,0.091794312,0.028520685
SE-Conv-L1_ObjectBased_R4.pth,AlexNet,1,ObjectBased,4,Full,2,0.470114052,0.119267613,0.031699337
SE-Conv-L1_ObjectBased_R4.pth,AlexNet,1,ObjectBased,4,Full,3,0.583710134,0.009465663,2.05E-05
SE-Conv-L1_ObjectBased_R4.pth,AlexNet,1,ObjectBased,4,Full,4,0.359618694,0.000691537,0.000266653
SE-Conv-L1_ObjectBased_R4.pth,AlexNet,1,ObjectBased,4,Full,5,0.695438206,0,0
SE-Conv-L1_ObjectBased_R4.pth,AlexNet,1,ObjectBased,4,Full,6,0.202452585,0.28204,0.055188999
SE-Conv-L1_ObjectBased_R4.pth,AlexNet,1,ObjectBased,4,Full,7,0.332214445,0.145766303,0.096910067
SE-Conv-L1_ObjectBased_R4.pth,AlexNet,1,ObjectBased,4,Full,8,0.27640748,0.253400743,0.056539927
SE-Conv-L1_ObjectBased_R4.pth,AlexNet,1,ObjectBased,4,Full,9,0.449638486,0.168702662,0.056612339
SE-Conv-L1_ObjectBased_R4.pth,AlexNet,1,ObjectBased,4,Full,10,0.225652322,0.390267581,0.035607904
SE-Conv-L1_ObjectBased_R4.pth,AlexNet,1,ObjectBased,4,Full,11,0.306959152,0.413477898,0.008897988
SE-Conv-L1_ObjectBased_R4.pth,AlexNet,1,ObjectBased,4,Full,12,0.015029659,0.426463306,0.102072671
SE-Conv-L1_ObjectBased_R4.pth,AlexNet,1,ObjectBased,4,Full,13,0.03788377,0.635705829,0.030878434
SE-Conv-L1_ObjectBased_R4.pth,AlexNet,1,ObjectBased,4,Full,14,0,0.638381064,0.033056311
SE-Conv-L1_ObjectBased_R4.pth,AlexNet,1,ObjectBased,4,Full,15,0.056513198,0.362500668,0.071235001
SE-Conv-L1_ObjectBased_R4.pth,AlexNet,1,ObjectBased,4,Full,16,0,0.606603146,0.040922731
SE-Conv-L1_ObjectBased_R4.pth,AlexNet,1,ObjectBased,4,Full,17,0.210196868,0.160984159,0.043516107
SE-Conv-L1_ObjectBased_R4.pth,AlexNet,1,ObjectBased,4,Full,18,0.206476808,0.266149372,0.039454043
SE-Conv-L1_ObjectBased_R4.pth,AlexNet,1,ObjectBased,4,Full,19,0.127884448,0.351051956,0.038832016
SE-Conv-L1_ObjectBased_R4.pth,AlexNet,1,ObjectBased,4,Full,20,0.112950563,0.035435151,0
SE-Conv-L1_ObjectBased_R4.pth,AlexNet,1,ObjectBased,4,Full,21,0.105083145,0.459271252,0.006397984
SE-Conv-L1_ObjectBased_R4.pth,AlexNet,1,ObjectBased,4,M,1,0,0,0.005698737
SE-Conv-L1_ObjectBased_R4.pth,AlexNet,1,ObjectBased,4,M,2,0,0,0
SE-Conv-L1_ObjectBased_R4.pth,AlexNet,1,ObjectBased,4,M,3,0,0.663343072,0
SE-Conv-L1_ObjectBased_R4.pth,AlexNet,1,ObjectBased,4,M,4,0,0,0.005698737
SE-Conv-L1_ObjectBased_R4.pth,AlexNet,1,ObjectBased,4,M,5,0,0,0
SE-Conv-L1_ObjectBased_R4.pth,AlexNet,1,ObjectBased,4,M,6,0,0.259600759,0.003782203
SE-Conv-L1_ObjectBased_R4.pth,AlexNet,1,ObjectBased,4,M,7,0,0,0
SE-Conv-L1_ObjectBased_R4.pth,AlexNet,1,ObjectBased,4,M,8,0,0.254242033,0.003166272
SE-Conv-L1_ObjectBased_R4.pth,AlexNet,1,ObjectBased,4,M,9,0,0.810425699,0
SE-Conv-L1_ObjectBased_R4.pth,AlexNet,1,ObjectBased,4,M,10,0,0.764467657,5.98E-05
SE-Conv-L1_ObjectBased_R4.pth,AlexNet,1,ObjectBased,4,M,11,0,0.829681337,0
SE-Conv-L1_ObjectBased_R4.pth,AlexNet,1,ObjectBased,4,M,12,0,0.783284247,0
SE-Conv-L1_ObjectBased_R4.pth,AlexNet,1,ObjectBased,4,M,13,0,0.772569716,0
SE-Conv-L1_ObjectBased_R4.pth,AlexNet,1,ObjectBased,4,M,14,0,0,0
SE-Conv-L1_ObjectBased_R4.pth,AlexNet,1,ObjectBased,4,M,15,0,0.815393448,0
SE-Conv-L1_ObjectBased_R4.pth,AlexNet,1,ObjectBased,4,M,16,0,0,0
SE-Conv-L1_ObjectBased_R4.pth,AlexNet,1,ObjectBased,4,M,17,0,0.772569716,0
SE-Conv-L1_ObjectBased_R4.pth,AlexNet,1,ObjectBased,4,M,18,0,0.772569835,0
SE-Conv-L1_ObjectBased_R4.pth,AlexNet,1,ObjectBased,4,M,19,0,0.772569835,0
SE-Conv-L1_ObjectBased_R4.pth,AlexNet,1,ObjectBased,4,M,20,0.548017085,0.176407859,0
SE-Conv-L1_ObjectBased_R4.pth,AlexNet,1,ObjectBased,4,M,21,0.27167654,0.495470136,0
SE-Conv-L1_ObjectBased_R4.pth,AlexNet,1,ObjectBased,4,N,1,0.008563393,0.008443701,0.124948092
SE-Conv-L1_ObjectBased_R4.pth,AlexNet,1,ObjectBased,4,N,2,0.001371449,0.048217371,0.150652662
SE-Conv-L1_ObjectBased_R4.pth,AlexNet,1,ObjectBased,4,N,3,0.002428743,0.010927903,0.17233783
SE-Conv-L1_ObjectBased_R4.pth,AlexNet,1,ObjectBased,4,N,4,0,0.000389236,0.151945338
SE-Conv-L1_ObjectBased_R4.pth,AlexNet,1,ObjectBased,4,N,5,0,0.000518159,0.224299803
SE-Conv-L1_ObjectBased_R4.pth,AlexNet,1,ObjectBased,4,N,6,0.025908522,0.000385051,0.100923926
SE-Conv-L1_ObjectBased_R4.pth,AlexNet,1,ObjectBased,4,N,7,0.053715467,0,0.001911274
SE-Conv-L1_ObjectBased_R4.pth,AlexNet,1,ObjectBased,4,N,8,0,0,0
SE-Conv-L1_ObjectBased_R4.pth,AlexNet,1,ObjectBased,4,N,9,0,0,0
SE-Conv-L1_ObjectBased_R4.pth,AlexNet,1,ObjectBased,4,N,10,0,0,0
SE-Conv-L1_ObjectBased_R4.pth,AlexNet,1,ObjectBased,4,N,11,0,0,0.004047646
SE-Conv-L1_ObjectBased_R4.pth,AlexNet,1,ObjectBased,4,N,12,0.002256569,0.000185912,0.095094651
SE-Conv-L1_ObjectBased_R4.pth,AlexNet,1,ObjectBased,4,N,13,0,0.000101185,0.032091033
SE-Conv-L1_ObjectBased_R4.pth,AlexNet,1,ObjectBased,4,N,14,0.002764003,0.007953773,0.067517526
SE-Conv-L1_ObjectBased_R4.pth,AlexNet,1,ObjectBased,4,N,15,0.005995749,0.00034864,0.069758758
SE-Conv-L1_ObjectBased_R4.pth,AlexNet,1,ObjectBased,4,N,16,0.475424886,0.003681666,0.183506131
SE-Conv-L1_ObjectBased_R4.pth,AlexNet,1,ObjectBased,4,N,17,0.403907746,0.002489797,0.174442425
SE-Conv-L1_ObjectBased_R4.pth,AlexNet,1,ObjectBased,4,N,18,0.33541283,0.008504632,0.265221268
SE-Conv-L1_ObjectBased_R4.pth,AlexNet,1,ObjectBased,4,N,19,0.295715958,0.021970205,0.259557396
SE-Conv-L1_ObjectBased_R4.pth,AlexNet,1,ObjectBased,4,N,20,0.289986581,0.059215087,0.193434641
SE-Conv-L1_ObjectBased_R4.pth,AlexNet,1,ObjectBased,4,N,21,0.198273346,0.089588031,0.200869098
SE-Conv-L1_FaceBased_R8.pth,AlexNet,1,FaceBased,8,E,1,0.405107349,0.030879008,0.011281861
SE-Conv-L1_FaceBased_R8.pth,AlexNet,1,FaceBased,8,E,2,0.298332989,0.050900593,0.048140131
SE-Conv-L1_FaceBased_R8.pth,AlexNet,1,FaceBased,8,E,3,0.542481601,0.01301953,0.009023082
SE-Conv-L1_FaceBased_R8.pth,AlexNet,1,FaceBased,8,E,4,0.34526667,0.016296731,0.032940362
SE-Conv-L1_FaceBased_R8.pth,AlexNet,1,FaceBased,8,E,5,0.274936765,0.016384484,0.07268545
SE-Conv-L1_FaceBased_R8.pth,AlexNet,1,FaceBased,8,E,6,0.138302237,0.031796876,0.138548881
SE-Conv-L1_FaceBased_R8.pth,AlexNet,1,FaceBased,8,E,7,0.522780657,0.034932449,0
SE-Conv-L1_FaceBased_R8.pth,AlexNet,1,FaceBased,8,E,8,0.044231467,0.020702126,0.073266886
SE-Conv-L1_FaceBased_R8.pth,AlexNet,1,FaceBased,8,E,9,0,0.020138619,0.232602105
SE-Conv-L1_FaceBased_R8.pth,AlexNet,1,FaceBased,8,E,10,0,0.085683279,0.218931243
SE-Conv-L1_FaceBased_R8.pth,AlexNet,1,FaceBased,8,E,11,0,0.005308021,0.061307929
SE-Conv-L1_FaceBased_R8.pth,AlexNet,1,FaceBased,8,E,12,0.061468899,0.268978029,0.004425571
SE-Conv-L1_FaceBased_R8.pth,AlexNet,1,FaceBased,8,E,13,0.104963787,0.179750979,0.040510219
SE-Conv-L1_FaceBased_R8.pth,AlexNet,1,FaceBased,8,E,14,0.124458358,0.278126299,0.002708801
SE-Conv-L1_FaceBased_R8.pth,AlexNet,1,FaceBased,8,E,15,0.005608554,0.248255,0.241012767
SE-Conv-L1_FaceBased_R8.pth,AlexNet,1,FaceBased,8,E,16,0.16485402,0.196448952,0.000966851
SE-Conv-L1_FaceBased_R8.pth,AlexNet,1,FaceBased,8,E,17,0.017524906,0.104989462,0.334047765
SE-Conv-L1_FaceBased_R8.pth,AlexNet,1,FaceBased,8,E,18,0.057657093,0.086408064,0.246022075
SE-Conv-L1_FaceBased_R8.pth,AlexNet,1,FaceBased,8,E,19,0.039145414,0.109902956,0.239354119
SE-Conv-L1_FaceBased_R8.pth,AlexNet,1,FaceBased,8,E,20,0.056677666,0.13343142,0.250341266
SE-Conv-L1_FaceBased_R8.pth,AlexNet,1,FaceBased,8,E,21,4.35E-05,0.178667456,0.341046482
SE-Conv-L1_FaceBased_R8.pth,AlexNet,1,FaceBased,8,Full,1,0.119460084,0.105343461,0.296855301
SE-Conv-L1_FaceBased_R8.pth,AlexNet,1,FaceBased,8,Full,2,0.239626005,0.140817732,0.037218593
SE-Conv-L1_FaceBased_R8.pth,AlexNet,1,FaceBased,8,Full,3,0.005402346,0.124482036,0.420645595
SE-Conv-L1_FaceBased_R8.pth,AlexNet,1,FaceBased,8,Full,4,0,0.08327619,0.628060043
SE-Conv-L1_FaceBased_R8.pth,AlexNet,1,FaceBased,8,Full,5,0,0,0
SE-Conv-L1_FaceBased_R8.pth,AlexNet,1,FaceBased,8,Full,6,0.207619622,0.024187645,0.39897868
SE-Conv-L1_FaceBased_R8.pth,AlexNet,1,FaceBased,8,Full,7,0.72912699,0,0
SE-Conv-L1_FaceBased_R8.pth,AlexNet,1,FaceBased,8,Full,8,0.142809838,0.000945896,0.137592718
SE-Conv-L1_FaceBased_R8.pth,AlexNet,1,FaceBased,8,Full,9,0.000213315,0.010902338,0.372634619
SE-Conv-L1_FaceBased_R8.pth,AlexNet,1,FaceBased,8,Full,10,0,0.019289196,0.497047067
SE-Conv-L1_FaceBased_R8.pth,AlexNet,1,FaceBased,8,Full,11,0,0.033846561,0.388775498
SE-Conv-L1_FaceBased_R8.pth,AlexNet,1,FaceBased,8,Full,12,0.00739289,0.032488614,0.457917064
SE-Conv-L1_FaceBased_R8.pth,AlexNet,1,FaceBased,8,Full,13,0.003574973,0.098794609,0.468620539
SE-Conv-L1_FaceBased_R8.pth,AlexNet,1,FaceBased,8,Full,14,0.005246567,0.061331626,0.285755634
SE-Conv-L1_FaceBased_R8.pth,AlexNet,1,FaceBased,8,Full,15,0.014476098,0.022444636,0.424533397
SE-Conv-L1_FaceBased_R8.pth,AlexNet,1,FaceBased,8,Full,16,0.00069822,0.000177078,0.001616828
SE-Conv-L1_FaceBased_R8.pth,AlexNet,1,FaceBased,8,Full,17,0,0,0.003102173
SE-Conv-L1_FaceBased_R8.pth,AlexNet,1,FaceBased,8,Full,18,0.000223012,0,0.002262178
SE-Conv-L1_FaceBased_R8.pth,AlexNet,1,FaceBased,8,Full,19,0.000855558,0.00087603,0.002651532
SE-Conv-L1_FaceBased_R8.pth,AlexNet,1,FaceBased,8,Full,20,0.004810317,0,0.004278183
SE-Conv-L1_FaceBased_R8.pth,AlexNet,1,FaceBased,8,Full,21,0,0,0.002959268
SE-Conv-L1_FaceBased_R8.pth,AlexNet,1,FaceBased,8,M,1,0.05070848,0.017456835,0.022744099
SE-Conv-L1_FaceBased_R8.pth,AlexNet,1,FaceBased,8,M,2,0.183940679,0.010172922,0.010394819
SE-Conv-L1_FaceBased_R8.pth,AlexNet,1,FaceBased,8,M,3,0.089007556,0.034822948,0.031564403
SE-Conv-L1_FaceBased_R8.pth,AlexNet,1,FaceBased,8,M,4,0.02627947,0.063262314,0.03540685
SE-Conv-L1_FaceBased_R8.pth,AlexNet,1,FaceBased,8,M,5,0.031051414,0.029124578,0.056795683
SE-Conv-L1_FaceBased_R8.pth,AlexNet,1,FaceBased,8,M,6,0.012754988,0.010464506,0.02007696
SE-Conv-L1_FaceBased_R8.pth,AlexNet,1,FaceBased,8,M,7,0.009183485,0.001892258,0.022388773
SE-Conv-L1_FaceBased_R8.pth,AlexNet,1,FaceBased,8,M,8,0.003775597,0.009561931,0.018852891
SE-Conv-L1_FaceBased_R8.pth,AlexNet,1,FaceBased,8,M,9,0.011228587,0.009107832,0.018507751
SE-Conv-L1_FaceBased_R8.pth,AlexNet,1,FaceBased,8,M,10,0.012802999,0.002924875,0.012850396
SE-Conv-L1_FaceBased_R8.pth,AlexNet,1,FaceBased,8,M,11,0.030266408,0.004434664,0.027476164
SE-Conv-L1_FaceBased_R8.pth,AlexNet,1,FaceBased,8,M,12,0.041345354,0.00074889,0.001280129
SE-Conv-L1_FaceBased_R8.pth,AlexNet,1,FaceBased,8,M,13,0.022552697,0.003175481,0.018053487
SE-Conv-L1_FaceBased_R8.pth,AlexNet,1,FaceBased,8,M,14,0.038103431,0.004663035,0.028763274
SE-Conv-L1_FaceBased_R8.pth,AlexNet,1,FaceBased,8,M,15,0.021955594,0.003856118,0.02190531
SE-Conv-L1_FaceBased_R8.pth,AlexNet,1,FaceBased,8,M,16,0.019521141,0.020345936,0.065030605
SE-Conv-L1_FaceBased_R8.pth,AlexNet,1,FaceBased,8,M,17,0.010933429,0.004440324,0.020445831
SE-Conv-L1_FaceBased_R8.pth,AlexNet,1,FaceBased,8,M,18,0.012701089,0.002042487,0.02881486
SE-Conv-L1_FaceBased_R8.pth,AlexNet,1,FaceBased,8,M,19,0.005878772,0,0.00153458
SE-Conv-L1_FaceBased_R8.pth,AlexNet,1,FaceBased,8,M,20,0,0,0.002537417
SE-Conv-L1_FaceBased_R8.pth,AlexNet,1,FaceBased,8,M,21,0,0,0.002455649
SE-Conv-L1_FaceBased_R8.pth,AlexNet,1,FaceBased,8,N,1,0.169418022,0,0
SE-Conv-L1_FaceBased_R8.pth,AlexNet,1,FaceBased,8,N,2,0,0,0
SE-Conv-L1_FaceBased_R8.pth,AlexNet,1,FaceBased,8,N,3,0,0,0
SE-Conv-L1_FaceBased_R8.pth,AlexNet,1,FaceBased,8,N,4,0.321617842,0,0
SE-Conv-L1_FaceBased_R8.pth,AlexNet,1,FaceBased,8,N,5,0.471265912,0,0
SE-Conv-L1_FaceBased_R8.pth,AlexNet,1,FaceBased,8,N,6,0.398306817,0,0
SE-Conv-L1_FaceBased_R8.pth,AlexNet,1,FaceBased,8,N,7,0.262241632,0.008798758,0
SE-Conv-L1_FaceBased_R8.pth,AlexNet,1,FaceBased,8,N,8,0.525485933,0.046764605,0
SE-Conv-L1_FaceBased_R8.pth,AlexNet,1,FaceBased,8,N,9,0.737004459,0.002250579,0
SE-Conv-L1_FaceBased_R8.pth,AlexNet,1,FaceBased,8,N,10,0.407149881,0,0
SE-Conv-L1_FaceBased_R8.pth,AlexNet,1,FaceBased,8,N,11,0.66926223,0,0
SE-Conv-L1_FaceBased_R8.pth,AlexNet,1,FaceBased,8,N,12,0.729127049,0,0
SE-Conv-L1_FaceBased_R8.pth,AlexNet,1,FaceBased,8,N,13,0.5343678,0,0
SE-Conv-L1_FaceBased_R8.pth,AlexNet,1,FaceBased,8,N,14,0.256217569,0,0.000237178
SE-Conv-L1_FaceBased_R8.pth,AlexNet,1,FaceBased,8,N,15,0.136247337,0,0
SE-Conv-L1_FaceBased_R8.pth,AlexNet,1,FaceBased,8,N,16,0.0432164,0,0
SE-Conv-L1_FaceBased_R8.pth,AlexNet,1,FaceBased,8,N,17,0.083721042,0.000443052,0.00538567
SE-Conv-L1_FaceBased_R8.pth,AlexNet,1,FaceBased,8,N,18,0.051664896,0,0
SE-Conv-L1_FaceBased_R8.pth,AlexNet,1,FaceBased,8,N,19,0,0,0
SE-Conv-L1_FaceBased_R8.pth,AlexNet,1,FaceBased,8,N,20,0,0,0
SE-Conv-L1_FaceBased_R8.pth,AlexNet,1,FaceBased,8,N,21,0,0,0
SE-Conv-L1_ObjectBased_R8.pth,AlexNet,1,ObjectBased,8,E,1,0.145099178,0.210724369,0.02372876
SE-Conv-L1_ObjectBased_R8.pth,AlexNet,1,ObjectBased,8,E,2,0.160178989,0.241823241,0.014164945
SE-Conv-L1_ObjectBased_R8.pth,AlexNet,1,ObjectBased,8,E,3,0.253841072,0.142059386,0.004713817
SE-Conv-L1_ObjectBased_R8.pth,AlexNet,1,ObjectBased,8,E,4,0.197847962,0.191418022,0.021061478
SE-Conv-L1_ObjectBased_R8.pth,AlexNet,1,ObjectBased,8,E,5,0.24221994,0.167949617,0.009892841
SE-Conv-L1_ObjectBased_R8.pth,AlexNet,1,ObjectBased,8,E,6,0.169975221,0.164060399,0.036404658
SE-Conv-L1_ObjectBased_R8.pth,AlexNet,1,ObjectBased,8,E,7,0.170142576,0.185974956,0.02906502
SE-Conv-L1_ObjectBased_R8.pth,AlexNet,1,ObjectBased,8,E,8,0.176284969,0.168721646,0.057809856
SE-Conv-L1_ObjectBased_R8.pth,AlexNet,1,ObjectBased,8,E,9,0.127842575,0.217517108,0.063827753
SE-Conv-L1_ObjectBased_R8.pth,AlexNet,1,ObjectBased,8,E,10,0.116963327,0.20793891,0.095545322
SE-Conv-L1_ObjectBased_R8.pth,AlexNet,1,ObjectBased,8,E,11,0.150874734,0.226577237,0.044149552
SE-Conv-L1_ObjectBased_R8.pth,AlexNet,1,ObjectBased,8,E,12,0.106063604,0.31105122,0.058322817
SE-Conv-L1_ObjectBased_R8.pth,AlexNet,1,ObjectBased,8,E,13,0.091309376,0.224308863,0.066861689
SE-Conv-L1_ObjectBased_R8.pth,AlexNet,1,ObjectBased,8,E,14,0.128051206,0.273583621,0.042969596
SE-Conv-L1_ObjectBased_R8.pth,AlexNet,1,ObjectBased,8,E,15,0.097194836,0.184798867,0.06764473
SE-Conv-L1_ObjectBased_R8.pth,AlexNet,1,ObjectBased,8,E,16,0.114476018,0.177718133,0.014839012
SE-Conv-L1_ObjectBased_R8.pth,AlexNet,1,ObjectBased,8,E,17,0.069883265,0.084000275,0.075837702
SE-Conv-L1_ObjectBased_R8.pth,AlexNet,1,ObjectBased,8,E,18,0.100523546,0.088379428,0.044274598
SE-Conv-L1_ObjectBased_R8.pth,AlexNet,1,ObjectBased,8,E,19,0.083581671,0.111628547,0.077872142
SE-Conv-L1_ObjectBased_R8.pth,AlexNet,1,ObjectBased,8,E,20,0.068310648,0.113893874,0.080755435
SE-Conv-L1_ObjectBased_R8.pth,AlexNet,1,ObjectBased,8,E,21,0.048955377,0.079833046,0.080731563
SE-Conv-L1_ObjectBased_R8.pth,AlexNet,1,ObjectBased,8,Full,1,0.229643255,0.294326782,0.16274859
SE-Conv-L1_ObjectBased_R8.pth,AlexNet,1,ObjectBased,8,Full,2,0.186712518,0.185093388,0.144842923
SE-Conv-L1_ObjectBased_R8.pth,AlexNet,1,ObjectBased,8,Full,3,0.282438248,0.200709522,0.095809817
SE-Conv-L1_ObjectBased_R8.pth,AlexNet,1,ObjectBased,8,Full,4,0.237045854,0.231415048,0.110111646
SE-Conv-L1_ObjectBased_R8.pth,AlexNet,1,ObjectBased,8,Full,5,0.227877289,0.22543253,0.087114036
SE-Conv-L1_ObjectBased_R8.pth,AlexNet,1,ObjectBased,8,Full,6,0.09061826,0.290064663,0.142458335
SE-Conv-L1_ObjectBased_R8.pth,AlexNet,1,ObjectBased,8,Full,7,0.044860911,0.433665901,0.04955586
SE-Conv-L1_ObjectBased_R8.pth,AlexNet,1,ObjectBased,8,Full,8,0.088339299,0.456775188,0.061578911
SE-Conv-L1_ObjectBased_R8.pth,AlexNet,1,ObjectBased,8,Full,9,0.0768952,0.483059943,0.044610318
SE-Conv-L1_ObjectBased_R8.pth,AlexNet,1,ObjectBased,8,Full,10,0,0.567406952,0.053047378
SE-Conv-L1_ObjectBased_R8.pth,AlexNet,1,ObjectBased,8,Full,11,0,0.55197829,0.046600878
SE-Conv-L1_ObjectBased_R8.pth,AlexNet,1,ObjectBased,8,Full,12,0,0.592530251,0.048979569
SE-Conv-L1_ObjectBased_R8.pth,AlexNet,1,ObjectBased,8,Full,13,0,0.659248531,0.030364091
SE-Conv-L1_ObjectBased_R8.pth,AlexNet,1,ObjectBased,8,Full,14,0,0.631820381,0.020160547
SE-Conv-L1_ObjectBased_R8.pth,AlexNet,1,ObjectBased,8,Full,15,0,0.695866644,0
SE-Conv-L1_ObjectBased_R8.pth,AlexNet,1,ObjectBased,8,Full,16,0.002229123,0.598421633,0.005892342
SE-Conv-L1_ObjectBased_R8.pth,AlexNet,1,ObjectBased,8,Full,17,0.000819563,0.410840034,0.056541186
SE-Conv-L1_ObjectBased_R8.pth,AlexNet,1,ObjectBased,8,Full,18,0.000281695,0.600365937,0
SE-Conv-L1_ObjectBased_R8.pth,AlexNet,1,ObjectBased,8,Full,19,0,0.711701334,0
SE-Conv-L1_ObjectBased_R8.pth,AlexNet,1,ObjectBased,8,Full,20,0,0.693967283,0
SE-Conv-L1_ObjectBased_R8.pth,AlexNet,1,ObjectBased,8,Full,21,0,0.772569716,0
SE-Conv-L1_ObjectBased_R8.pth,AlexNet,1,ObjectBased,8,M,1,0.008577216,0.049992088,0.021303114
SE-Conv-L1_ObjectBased_R8.pth,AlexNet,1,ObjectBased,8,M,2,0.001500114,0.022076054,0.027432829
SE-Conv-L1_ObjectBased_R8.pth,AlexNet,1,ObjectBased,8,M,3,0.003953994,0.000487125,0.110788837
SE-Conv-L1_ObjectBased_R8.pth,AlexNet,1,ObjectBased,8,M,4,0.056346957,0.003542307,0.053414326
SE-Conv-L1_ObjectBased_R8.pth,AlexNet,1,ObjectBased,8,M,5,0.011660445,0.011727823,0.175366595
SE-Conv-L1_ObjectBased_R8.pth,AlexNet,1,ObjectBased,8,M,6,0.009366781,0.003889468,0.266179085
SE-Conv-L1_ObjectBased_R8.pth,AlexNet,1,ObjectBased,8,M,7,0.000585348,0,0.127311617
SE-Conv-L1_ObjectBased_R8.pth,AlexNet,1,ObjectBased,8,M,8,0,0,0.212152362
SE-Conv-L1_ObjectBased_R8.pth,AlexNet,1,ObjectBased,8,M,9,0.002452744,0.00764843,0
SE-Conv-L1_ObjectBased_R8.pth,AlexNet,1,ObjectBased,8,M,10,0,0,0.046192553
SE-Conv-L1_ObjectBased_R8.pth,AlexNet,1,ObjectBased,8,M,11,0.019038755,0.021742038,0
SE-Conv-L1_ObjectBased_R8.pth,AlexNet,1,ObjectBased,8,M,12,0.002578649,0.05126724,0.060012218
SE-Conv-L1_ObjectBased_R8.pth,AlexNet,1,ObjectBased,8,M,13,0.004535728,0.029233912,0.251460463
SE-Conv-L1_ObjectBased_R8.pth,AlexNet,1,ObjectBased,8,M,14,0.001531509,0.020656845,0.180022538
SE-Conv-L1_ObjectBased_R8.pth,AlexNet,1,ObjectBased,8,M,15,0.000632691,0.035511192,0.32174778
SE-Conv-L1_ObjectBased_R8.pth,AlexNet,1,ObjectBased,8,M,16,0.002132812,0.021357518,0.22322841
SE-Conv-L1_ObjectBased_R8.pth,AlexNet,1,ObjectBased,8,M,17,0.000912924,0.025048971,0.271332085
SE-Conv-L1_ObjectBased_R8.pth,AlexNet,1,ObjectBased,8,M,18,0,0.00497366,0.463882923
SE-Conv-L1_ObjectBased_R8.pth,AlexNet,1,ObjectBased,8,M,19,0,0.031190418,0.380523294
SE-Conv-L1_ObjectBased_R8.pth,AlexNet,1,ObjectBased,8,M,20,0,0.061060179,0.50222522
SE-Conv-L1_ObjectBased_R8.pth,AlexNet,1,ObjectBased,8,M,21,0,0.080991335,0.526844203
SE-Conv-L1_ObjectBased_R8.pth,AlexNet,1,ObjectBased,8,N,1,0.065633878,0.014824035,0.407711536
SE-Conv-L1_ObjectBased_R8.pth,AlexNet,1,ObjectBased,8,N,2,0.004976034,0.017038589,0.443471164
SE-Conv-L1_ObjectBased_R8.pth,AlexNet,1,ObjectBased,8,N,3,0.001184564,0.01277268,0.453378439
SE-Conv-L1_ObjectBased_R8.pth,AlexNet,1,ObjectBased,8,N,4,0.01587683,0.013569042,0.387729973
SE-Conv-L1_ObjectBased_R8.pth,AlexNet,1,ObjectBased,8,N,5,0.05864254,0.009236823,0.361752123
SE-Conv-L1_ObjectBased_R8.pth,AlexNet,1,ObjectBased,8,N,6,0.078790583,0.009321635,0.330865383
SE-Conv-L1_ObjectBased_R8.pth,AlexNet,1,ObjectBased,8,N,7,0.037603464,0.005984723,0.384010881
SE-Conv-L1_ObjectBased_R8.pth,AlexNet,1,ObjectBased,8,N,8,0.059094962,0.006192609,0.431398511
SE-Conv-L1_ObjectBased_R8.pth,AlexNet,1,ObjectBased,8,N,9,0.025345519,0.01208667,0.42475605
SE-Conv-L1_ObjectBased_R8.pth,AlexNet,1,ObjectBased,8,N,10,0.032270696,0.008740048,0.315346003
SE-Conv-L1_ObjectBased_R8.pth,AlexNet,1,ObjectBased,8,N,11,0.004171658,0.013719834,0.444640934
SE-Conv-L1_ObjectBased_R8.pth,AlexNet,1,ObjectBased,8,N,12,0.02509409,0.017970713,0.391711235
SE-Conv-L1_ObjectBased_R8.pth,AlexNet,1,ObjectBased,8,N,13,0.095842883,0.006632109,0.357218236
SE-Conv-L1_ObjectBased_R8.pth,AlexNet,1,ObjectBased,8,N,14,0.075751677,0.007491954,0.307813823
SE-Conv-L1_ObjectBased_R8.pth,AlexNet,1,ObjectBased,8,N,15,0.056554314,0.01062189,0.483753115
SE-Conv-L1_ObjectBased_R8.pth,AlexNet,1,ObjectBased,8,N,16,0.108582735,0.039671768,0.363684565
SE-Conv-L1_ObjectBased_R8.pth,AlexNet,1,ObjectBased,8,N,17,0.149412274,0.003028992,0.467957109
SE-Conv-L1_ObjectBased_R8.pth,AlexNet,1,ObjectBased,8,N,18,0.009745506,0.00328108,0.466521531
SE-Conv-L1_ObjectBased_R8.pth,AlexNet,1,ObjectBased,8,N,19,0,0.018993055,0.544576824
SE-Conv-L1_ObjectBased_R8.pth,AlexNet,1,ObjectBased,8,N,20,0.053123057,0.004524814,0.475303024
SE-Conv-L1_ObjectBased_R8.pth,AlexNet,1,ObjectBased,8,N,21,0.035433251,0.009561097,0.413677335
SE-Conv-L1_FaceBased_R16.pth,AlexNet,1,FaceBased,16,E,1,0.027993111,0.168636918,0.258613825
SE-Conv-L1_FaceBased_R16.pth,AlexNet,1,FaceBased,16,E,2,0.030156318,0.190651998,0.240719885
SE-Conv-L1_FaceBased_R16.pth,AlexNet,1,FaceBased,16,E,3,0.03246367,0.176256046,0.228769183
SE-Conv-L1_FaceBased_R16.pth,AlexNet,1,FaceBased,16,E,4,0.015005517,0.181834355,0.244287148
SE-Conv-L1_FaceBased_R16.pth,AlexNet,1,FaceBased,16,E,5,0.012660994,0.191393703,0.258560568
SE-Conv-L1_FaceBased_R16.pth,AlexNet,1,FaceBased,16,E,6,0.029493567,0.142002374,0.259869576
SE-Conv-L1_FaceBased_R16.pth,AlexNet,1,FaceBased,16,E,7,0.008568185,0.159229994,0.322398186
SE-Conv-L1_FaceBased_R16.pth,AlexNet,1,FaceBased,16,E,8,0.011493314,0.211943358,0.298494488
SE-Conv-L1_FaceBased_R16.pth,AlexNet,1,FaceBased,16,E,9,0.00188048,0.134077504,0.426854223
SE-Conv-L1_FaceBased_R16.pth,AlexNet,1,FaceBased,16,E,10,0.002635665,0.119766511,0.448340446
SE-Conv-L1_FaceBased_R16.pth,AlexNet,1,FaceBased,16,E,11,0.001941619,0.190223306,0.360534757
SE-Conv-L1_FaceBased_R16.pth,AlexNet,1,FaceBased,16,E,12,0.007432803,0.18255198,0.358312726
SE-Conv-L1_FaceBased_R16.pth,AlexNet,1,FaceBased,16,E,13,0,0.171373725,0.432759315
SE-Conv-L1_FaceBased_R16.pth,AlexNet,1,FaceBased,16,E,14,0,0.115570769,0.492573172
SE-Conv-L1_FaceBased_R16.pth,AlexNet,1,FaceBased,16,E,15,0,0.11303281,0.485260963
SE-Conv-L1_FaceBased_R16.pth,AlexNet,1,FaceBased,16,E,16,0.001749202,0.155474141,0.366146654
SE-Conv-L1_FaceBased_R16.pth,AlexNet,1,FaceBased,16,E,17,0.013907005,0.093494989,0.23439078
SE-Conv-L1_FaceBased_R16.pth,AlexNet,1,FaceBased,16,E,18,0.026544642,0.041814726,0.261829019
SE-Conv-L1_FaceBased_R16.pth,AlexNet,1,FaceBased,16,E,19,0.000250217,0.12570557,0.410874695
SE-Conv-L1_FaceBased_R16.pth,AlexNet,1,FaceBased,16,E,20,0.01250489,0.120757543,0.285054892
SE-Conv-L1_FaceBased_R16.pth,AlexNet,1,FaceBased,16,E,21,0.030984085,0.12326254,0.213815197
SE-Conv-L1_FaceBased_R16.pth,AlexNet,1,FaceBased,16,Full,1,0.128832936,0.078162111,0.255234927
SE-Conv-L1_FaceBased_R16.pth,AlexNet,1,FaceBased,16,Full,2,0.259973764,0.091213323,0.201070532
SE-Conv-L1_FaceBased_R16.pth,AlexNet,1,FaceBased,16,Full,3,0.114192486,0.039500233,0.315090835
SE-Conv-L1_FaceBased_R16.pth,AlexNet,1,FaceBased,16,Full,4,0.095349118,0.103848442,0.209558547
SE-Conv-L1_FaceBased_R16.pth,AlexNet,1,FaceBased,16,Full,5,0.109220013,0.110721104,0.23368901
SE-Conv-L1_FaceBased_R16.pth,AlexNet,1,FaceBased,16,Full,6,0.088665582,0.122643329,0.224639729
SE-Conv-L1_FaceBased_R16.pth,AlexNet,1,FaceBased,16,Full,7,0.062425777,0.116793193,0.227673739
SE-Conv-L1_FaceBased_R16.pth,AlexNet,1,FaceBased,16,Full,8,0.020885212,0.110164806,0.344910562
SE-Conv-L1_FaceBased_R16.pth,AlexNet,1,FaceBased,16,Full,9,0.012208123,0.123312056,0.284041792
SE-Conv-L1_FaceBased_R16.pth,AlexNet,1,FaceBased,16,Full,10,0.025355211,0.135036841,0.228681773
SE-Conv-L1_FaceBased_R16.pth,AlexNet,1,FaceBased,16,Full,11,0.004185254,0.142026559,0.271250606
SE-Conv-L1_FaceBased_R16.pth,AlexNet,1,FaceBased,16,Full,12,0.020263646,0.108853959,0.266403526
SE-Conv-L1_FaceBased_R16.pth,AlexNet,1,FaceBased,16,Full,13,0.037864204,0.121002071,0.243759155
SE-Conv-L1_FaceBased_R16.pth,AlexNet,1,FaceBased,16,Full,14,0.048759375,0.093127675,0.269553423
SE-Conv-L1_FaceBased_R16.pth,AlexNet,1,FaceBased,16,Full,15,0.073842138,0.055231482,0.333501875
SE-Conv-L1_FaceBased_R16.pth,AlexNet,1,FaceBased,16,Full,16,0.077191658,0.05738486,0.307938486
SE-Conv-L1_FaceBased_R16.pth,AlexNet,1,FaceBased,16,Full,17,0.159204587,0.018645478,0.234140828
SE-Conv-L1_FaceBased_R16.pth,AlexNet,1,FaceBased,16,Full,18,0.107330211,0.045899563,0.185250267
SE-Conv-L1_FaceBased_R16.pth,AlexNet,1,FaceBased,16,Full,19,0.01589388,0.032800969,0.367777169
SE-Conv-L1_FaceBased_R16.pth,AlexNet,1,FaceBased,16,Full,20,0.007146856,0.015487862,0.399643362
SE-Conv-L1_FaceBased_R16.pth,AlexNet,1,FaceBased,16,Full,21,0.064598724,0.001251295,0.277711272
SE-Conv-L1_FaceBased_R16.pth,AlexNet,1,FaceBased,16,M,1,0.123371325,0.071179911,0.005213394
SE-Conv-L1_FaceBased_R16.pth,AlexNet,1,FaceBased,16,M,2,0.173760399,0.085951686,0.010182441
SE-Conv-L1_FaceBased_R16.pth,AlexNet,1,FaceBased,16,M,3,0.15048188,0.183247715,0.007913814
SE-Conv-L1_FaceBased_R16.pth,AlexNet,1,FaceBased,16,M,4,0.204943612,0.06771782,4.97E-05
SE-Conv-L1_FaceBased_R16.pth,AlexNet,1,FaceBased,16,M,5,0.183851525,0.086885825,0.00012005
SE-Conv-L1_FaceBased_R16.pth,AlexNet,1,FaceBased,16,M,6,0.262455374,0.017609047,0
SE-Conv-L1_FaceBased_R16.pth,AlexNet,1,FaceBased,16,M,7,0.184620157,0.053969081,0
SE-Conv-L1_FaceBased_R16.pth,AlexNet,1,FaceBased,16,M,8,0.175725043,0.015181061,0
SE-Conv-L1_FaceBased_R16.pth,AlexNet,1,FaceBased,16,M,9,0.103702478,0.079688422,0.001895564
SE-Conv-L1_FaceBased_R16.pth,AlexNet,1,FaceBased,16,M,10,0.113538533,0.065616183,0.005157753
SE-Conv-L1_FaceBased_R16.pth,AlexNet,1,FaceBased,16,M,11,0.112247743,0.071975015,0.003694398
SE-Conv-L1_FaceBased_R16.pth,AlexNet,1,FaceBased,16,M,12,0.095178895,0.139418274,0
SE-Conv-L1_FaceBased_R16.pth,AlexNet,1,FaceBased,16,M,13,0.159332544,0.029780651,0
SE-Conv-L1_FaceBased_R16.pth,AlexNet,1,FaceBased,16,M,14,0.181648642,0.05086055,0.000739068
SE-Conv-L1_FaceBased_R16.pth,AlexNet,1,FaceBased,16,M,15,0.143628374,0.037328944,0.000594352
SE-Conv-L1_FaceBased_R16.pth,AlexNet,1,FaceBased,16,M,16,0.097774006,0.077863529,0.037834097
SE-Conv-L1_FaceBased_R16.pth,AlexNet,1,FaceBased,16,M,17,0.161327764,0.043519299,0.028957902
SE-Conv-L1_FaceBased_R16.pth,AlexNet,1,FaceBased,16,M,18,0.200165048,0.05542174,0.088410795
SE-Conv-L1_FaceBased_R16.pth,AlexNet,1,FaceBased,16,M,19,0.276382983,0.065873146,0.056903452
SE-Conv-L1_FaceBased_R16.pth,AlexNet,1,FaceBased,16,M,20,0.189432174,0.123291776,0.062806688
SE-Conv-L1_FaceBased_R16.pth,AlexNet,1,FaceBased,16,M,21,0.154443994,0.130266458,0.085412316
SE-Conv-L1_FaceBased_R16.pth,AlexNet,1,FaceBased,16,N,1,0.153982714,0.007938414,0.035480872
SE-Conv-L1_FaceBased_R16.pth,AlexNet,1,FaceBased,16,N,2,0.151220977,0,0.055965893
SE-Conv-L1_FaceBased_R16.pth,AlexNet,1,FaceBased,16,N,3,0.232320011,0.006119535,0.000447055
SE-Conv-L1_FaceBased_R16.pth,AlexNet,1,FaceBased,16,N,4,0.115002051,0.021561092,0.062271837
SE-Conv-L1_FaceBased_R16.pth,AlexNet,1,FaceBased,16,N,5,0.229874775,0.014941229,0.026847215
SE-Conv-L1_FaceBased_R16.pth,AlexNet,1,FaceBased,16,N,6,0.18112351,0.036132306,0.026606238
SE-Conv-L1_FaceBased_R16.pth,AlexNet,1,FaceBased,16,N,7,0.100064144,0.046187948,0.064568274
SE-Conv-L1_FaceBased_R16.pth,AlexNet,1,FaceBased,16,N,8,0.091135658,0.061130203,0.067752101
SE-Conv-L1_FaceBased_R16.pth,AlexNet,1,FaceBased,16,N,9,0.098479249,0.033523604,0.086444683
SE-Conv-L1_FaceBased_R16.pth,AlexNet,1,FaceBased,16,N,10,0.164735511,0.001180874,0.009112066
SE-Conv-L1_FaceBased_R16.pth,AlexNet,1,FaceBased,16,N,11,0.271724731,0.020091182,0.051567521
SE-Conv-L1_FaceBased_R16.pth,AlexNet,1,FaceBased,16,N,12,0.245675445,0.043318838,0.072793409
SE-Conv-L1_FaceBased_R16.pth,AlexNet,1,FaceBased,16,N,13,0.241464898,0.077185497,0.08457952
SE-Conv-L1_FaceBased_R16.pth,AlexNet,1,FaceBased,16,N,14,0.224225163,0.114408076,0.064767502
SE-Conv-L1_FaceBased_R16.pth,AlexNet,1,FaceBased,16,N,15,0.383722305,0.094363369,0.036243211
SE-Conv-L1_FaceBased_R16.pth,AlexNet,1,FaceBased,16,N,16,0.359885365,0.035952162,0.017251281
SE-Conv-L1_FaceBased_R16.pth,AlexNet,1,FaceBased,16,N,17,0.245892122,0,0.113972314
SE-Conv-L1_FaceBased_R16.pth,AlexNet,1,FaceBased,16,N,18,0.149477512,0.035200361,0.0291341
SE-Conv-L1_FaceBased_R16.pth,AlexNet,1,FaceBased,16,N,19,0.107225396,0.048331,0.016807936
SE-Conv-L1_FaceBased_R16.pth,AlexNet,1,FaceBased,16,N,20,0.163186416,0.056744024,0.046753567
SE-Conv-L1_FaceBased_R16.pth,AlexNet,1,FaceBased,16,N,21,0.188690469,0.012338995,0
SE-Conv-L1_ObjectBased_R16.pth,AlexNet,1,ObjectBased,16,E,1,0,0,0
SE-Conv-L1_ObjectBased_R16.pth,AlexNet,1,ObjectBased,16,E,2,0,0.6845783,0
SE-Conv-L1_ObjectBased_R16.pth,AlexNet,1,ObjectBased,16,E,3,0.201810569,0.271149099,0
SE-Conv-L1_ObjectBased_R16.pth,AlexNet,1,ObjectBased,16,E,4,0.099520251,0.398039728,0
SE-Conv-L1_ObjectBased_R16.pth,AlexNet,1,ObjectBased,16,E,5,0,0,0
SE-Conv-L1_ObjectBased_R16.pth,AlexNet,1,ObjectBased,16,E,6,0,0,0
SE-Conv-L1_ObjectBased_R16.pth,AlexNet,1,ObjectBased,16,E,7,0,0,0
SE-Conv-L1_ObjectBased_R16.pth,AlexNet,1,ObjectBased,16,E,8,0,0,0
SE-Conv-L1_ObjectBased_R16.pth,AlexNet,1,ObjectBased,16,E,9,0,0,0
SE-Conv-L1_ObjectBased_R16.pth,AlexNet,1,ObjectBased,16,E,10,0,0,0
SE-Conv-L1_ObjectBased_R16.pth,AlexNet,1,ObjectBased,16,E,11,0,0,0
SE-Conv-L1_ObjectBased_R16.pth,AlexNet,1,ObjectBased,16,E,12,0,0.6845783,0
SE-Conv-L1_ObjectBased_R16.pth,AlexNet,1,ObjectBased,16,E,13,0,0,0
SE-Conv-L1_ObjectBased_R16.pth,AlexNet,1,ObjectBased,16,E,14,0,0,0
SE-Conv-L1_ObjectBased_R16.pth,AlexNet,1,ObjectBased,16,E,15,0,0.6845783,0
SE-Conv-L1_ObjectBased_R16.pth,AlexNet,1,ObjectBased,16,E,16,0,0.743035078,0
SE-Conv-L1_ObjectBased_R16.pth,AlexNet,1,ObjectBased,16,E,17,0,0.559318662,0.02704332
SE-Conv-L1_ObjectBased_R16.pth,AlexNet,1,ObjectBased,16,E,18,0.006001884,0.293371022,0.062961183
SE-Conv-L1_ObjectBased_R16.pth,AlexNet,1,ObjectBased,16,E,19,0.04388041,0.322148979,0.01677499
SE-Conv-L1_ObjectBased_R16.pth,AlexNet,1,ObjectBased,16,E,20,0.001306461,0.416677773,0.098518111
SE-Conv-L1_ObjectBased_R16.pth,AlexNet,1,ObjectBased,16,E,21,0.007958153,0.417685479,0.061743867
SE-Conv-L1_ObjectBased_R16.pth,AlexNet,1,ObjectBased,16,Full,1,0.393372059,0,0
SE-Conv-L1_ObjectBased_R16.pth,AlexNet,1,ObjectBased,16,Full,2,0.418686777,0,0
SE-Conv-L1_ObjectBased_R16.pth,AlexNet,1,ObjectBased,16,Full,3,0.291598976,0,0
SE-Conv-L1_ObjectBased_R16.pth,AlexNet,1,ObjectBased,16,Full,4,0.243188202,0,0
SE-Conv-L1_ObjectBased_R16.pth,AlexNet,1,ObjectBased,16,Full,5,0.340386599,0,0
SE-Conv-L1_ObjectBased_R16.pth,AlexNet,1,ObjectBased,16,Full,6,0.24050431,0.058172721,0.035404999
SE-Conv-L1_ObjectBased_R16.pth,AlexNet,1,ObjectBased,16,Full,7,0.038780157,0.078190014,0.12393564
SE-Conv-L1_ObjectBased_R16.pth,AlexNet,1,ObjectBased,16,Full,8,0.335721403,0.052156158,0.115993798
SE-Conv-L1_ObjectBased_R16.pth,AlexNet,1,ObjectBased,16,Full,9,0.589041054,0,0
SE-Conv-L1_ObjectBased_R16.pth,AlexNet,1,ObjectBased,16,Full,10,0.285175711,0.060015358,0.046960678
SE-Conv-L1_ObjectBased_R16.pth,AlexNet,1,ObjectBased,16,Full,11,0.261790812,0.004843159,0.055950288
SE-Conv-L1_ObjectBased_R16.pth,AlexNet,1,ObjectBased,16,Full,12,0.431969553,0.053646941,0.039277088
SE-Conv-L1_ObjectBased_R16.pth,AlexNet,1,ObjectBased,16,Full,13,0.842030406,0,0
SE-Conv-L1_ObjectBased_R16.pth,AlexNet,1,ObjectBased,16,Full,14,0,0,0
SE-Conv-L1_ObjectBased_R16.pth,AlexNet,1,ObjectBased,16,Full,15,0,0,0
SE-Conv-L1_ObjectBased_R16.pth,AlexNet,1,ObjectBased,16,Full,16,0.387133121,0.011198063,0.129338235
SE-Conv-L1_ObjectBased_R16.pth,AlexNet,1,ObjectBased,16,Full,17,0.095349193,0,0
SE-Conv-L1_ObjectBased_R16.pth,AlexNet,1,ObjectBased,16,Full,18,0,0,0
SE-Conv-L1_ObjectBased_R16.pth,AlexNet,1,ObjectBased,16,Full,19,0,0,0
SE-Conv-L1_ObjectBased_R16.pth,AlexNet,1,ObjectBased,16,Full,20,0,0,0
SE-Conv-L1_ObjectBased_R16.pth,AlexNet,1,ObjectBased,16,Full,21,0.022691069,0,0
SE-Conv-L1_ObjectBased_R16.pth,AlexNet,1,ObjectBased,16,M,1,0.018476373,0.002700267,0.002690207
SE-Conv-L1_ObjectBased_R16.pth,AlexNet,1,ObjectBased,16,M,2,0.023894265,0.020585559,0.00869202
SE-Conv-L1_ObjectBased_R16.pth,AlexNet,1,ObjectBased,16,M,3,0.03108649,0.010852156,0
SE-Conv-L1_ObjectBased_R16.pth,AlexNet,1,ObjectBased,16,M,4,0.035397552,0.022349048,0.001205028
SE-Conv-L1_ObjectBased_R16.pth,AlexNet,1,ObjectBased,16,M,5,0.017613694,0.189813942,0
SE-Conv-L1_ObjectBased_R16.pth,AlexNet,1,ObjectBased,16,M,6,0.017951917,0.044661038,0
SE-Conv-L1_ObjectBased_R16.pth,AlexNet,1,ObjectBased,16,M,7,0.024664419,0.13361758,0
SE-Conv-L1_ObjectBased_R16.pth,AlexNet,1,ObjectBased,16,M,8,0.028187877,0.064097635,0
SE-Conv-L1_ObjectBased_R16.pth,AlexNet,1,ObjectBased,16,M,9,0.176206276,0.087168097,0.001376797
SE-Conv-L1_ObjectBased_R16.pth,AlexNet,1,ObjectBased,16,M,10,0.202007905,0.535225987,0
SE-Conv-L1_ObjectBased_R16.pth,AlexNet,1,ObjectBased,16,M,11,0.42871061,0.22796604,0
SE-Conv-L1_ObjectBased_R16.pth,AlexNet,1,ObjectBased,16,M,12,0.270269364,0.290740132,0.002616047
SE-Conv-L1_ObjectBased_R16.pth,AlexNet,1,ObjectBased,16,M,13,0.284135401,0.205408156,0
SE-Conv-L1_ObjectBased_R16.pth,AlexNet,1,ObjectBased,16,M,14,0.21359165,0.249000281,0
SE-Conv-L1_ObjectBased_R16.pth,AlexNet,1,ObjectBased,16,M,15,0.232373118,0.308775067,0
SE-Conv-L1_ObjectBased_R16.pth,AlexNet,1,ObjectBased,16,M,16,0.159261212,0.312034726,0
SE-Conv-L1_ObjectBased_R16.pth,AlexNet,1,ObjectBased,16,M,17,0.242379293,0.448948354,0
SE-Conv-L1_ObjectBased_R16.pth,AlexNet,1,ObjectBased,16,M,18,0.194267794,0.241706282,0.003515627
SE-Conv-L1_ObjectBased_R16.pth,AlexNet,1,ObjectBased,16,M,19,0.152230695,0.419985384,0.00257031
SE-Conv-L1_ObjectBased_R16.pth,AlexNet,1,ObjectBased,16,M,20,0.169662476,0.271869987,0.007448663
SE-Conv-L1_ObjectBased_R16.pth,AlexNet,1,ObjectBased,16,M,21,0.307253033,0.255875885,0
SE-Conv-L1_ObjectBased_R16.pth,AlexNet,1,ObjectBased,16,N,1,0.043096095,0,0.000963235
SE-Conv-L1_ObjectBased_R16.pth,AlexNet,1,ObjectBased,16,N,2,0.050720021,0.001891824,0.022286074
SE-Conv-L1_ObjectBased_R16.pth,AlexNet,1,ObjectBased,16,N,3,0.072842516,0.011540867,0
SE-Conv-L1_ObjectBased_R16.pth,AlexNet,1,ObjectBased,16,N,4,0.115104266,0.017256342,0
SE-Conv-L1_ObjectBased_R16.pth,AlexNet,1,ObjectBased,16,N,5,0.223032817,0,0
SE-Conv-L1_ObjectBased_R16.pth,AlexNet,1,ObjectBased,16,N,6,0.234662145,0,0
SE-Conv-L1_ObjectBased_R16.pth,AlexNet,1,ObjectBased,16,N,7,0.081271306,0,0
SE-Conv-L1_ObjectBased_R16.pth,AlexNet,1,ObjectBased,16,N,8,0.165768817,0,0
SE-Conv-L1_ObjectBased_R16.pth,AlexNet,1,ObjectBased,16,N,9,0.035115123,0.025267513,0
SE-Conv-L1_ObjectBased_R16.pth,AlexNet,1,ObjectBased,16,N,10,0.035678338,0.11143145,0.066787578
SE-Conv-L1_ObjectBased_R16.pth,AlexNet,1,ObjectBased,16,N,11,0.046239901,0.058580425,0.026885044
SE-Conv-L1_ObjectBased_R16.pth,AlexNet,1,ObjectBased,16,N,12,0.061283343,0.037240516,0
SE-Conv-L1_ObjectBased_R16.pth,AlexNet,1,ObjectBased,16,N,13,0.013780194,0,0
SE-Conv-L1_ObjectBased_R16.pth,AlexNet,1,ObjectBased,16,N,14,0.174248576,0.009104833,0
SE-Conv-L1_ObjectBased_R16.pth,AlexNet,1,ObjectBased,16,N,15,0.116650306,9.93E-05,0
SE-Conv-L1_ObjectBased_R16.pth,AlexNet,1,ObjectBased,16,N,16,0.178758696,0.00178627,0
SE-Conv-L1_ObjectBased_R16.pth,AlexNet,1,ObjectBased,16,N,17,0.311567008,0,0
SE-Conv-L1_ObjectBased_R16.pth,AlexNet,1,ObjectBased,16,N,18,0.225697383,0.020344034,0.009552112
SE-Conv-L1_ObjectBased_R16.pth,AlexNet,1,ObjectBased,16,N,19,0.219629034,0,0
SE-Conv-L1_ObjectBased_R16.pth,AlexNet,1,ObjectBased,16,N,20,0.238831222,0.012696455,0.001265892
SE-Conv-L1_ObjectBased_R16.pth,AlexNet,1,ObjectBased,16,N,21,0.227369696,0.013660641,0
SE-Conv-L1_FaceBased_R32.pth,AlexNet,1,FaceBased,32,E,1,0.00969498,0.634433448,0.001925519
SE-Conv-L1_FaceBased_R32.pth,AlexNet,1,FaceBased,32,E,2,0.005878855,0.642786443,0.000840262
SE-Conv-L1_FaceBased_R32.pth,AlexNet,1,FaceBased,32,E,3,0.016270535,0.535482466,0.002805742
SE-Conv-L1_FaceBased_R32.pth,AlexNet,1,FaceBased,32,E,4,0.00885137,0.623685956,6.03E-05
SE-Conv-L1_FaceBased_R32.pth,AlexNet,1,FaceBased,32,E,5,0.003522633,0.699136972,0
SE-Conv-L1_FaceBased_R32.pth,AlexNet,1,FaceBased,32,E,6,0.002331071,0.714492559,0
SE-Conv-L1_FaceBased_R32.pth,AlexNet,1,FaceBased,32,E,7,0.014122475,0.653044462,0.000132875
SE-Conv-L1_FaceBased_R32.pth,AlexNet,1,FaceBased,32,E,8,0.025326164,0.554132462,0.000361702
SE-Conv-L1_FaceBased_R32.pth,AlexNet,1,FaceBased,32,E,9,0.006566906,0.644337058,0.000161868
SE-Conv-L1_FaceBased_R32.pth,AlexNet,1,FaceBased,32,E,10,0.005209298,0.582547665,0.002069556
SE-Conv-L1_FaceBased_R32.pth,AlexNet,1,FaceBased,32,E,11,0.020401586,0.49644509,0.001053646
SE-Conv-L1_FaceBased_R32.pth,AlexNet,1,FaceBased,32,E,12,0.013677362,0.600521684,0.000293058
SE-Conv-L1_FaceBased_R32.pth,AlexNet,1,FaceBased,32,E,13,0.056948591,0.304098934,0.001103075
SE-Conv-L1_FaceBased_R32.pth,AlexNet,1,FaceBased,32,E,14,0.092574261,0.188151151,0.006668522
SE-Conv-L1_FaceBased_R32.pth,AlexNet,1,FaceBased,32,E,15,0.151884899,0.197915435,0.00393722
SE-Conv-L1_FaceBased_R32.pth,AlexNet,1,FaceBased,32,E,16,0.141861662,0.162905082,0.014831208
SE-Conv-L1_FaceBased_R32.pth,AlexNet,1,FaceBased,32,E,17,0.122037493,0.228956521,0.012995135
SE-Conv-L1_FaceBased_R32.pth,AlexNet,1,FaceBased,32,E,18,0.090821043,0.132430002,0.015292924
SE-Conv-L1_FaceBased_R32.pth,AlexNet,1,FaceBased,32,E,19,0.085906513,0.075074598,0.037407301
SE-Conv-L1_FaceBased_R32.pth,AlexNet,1,FaceBased,32,E,20,0.078699827,0.124862351,0.039050233
SE-Conv-L1_FaceBased_R32.pth,AlexNet,1,FaceBased,32,E,21,0.078448512,0.119440518,0.05211236
SE-Conv-L1_FaceBased_R32.pth,AlexNet,1,FaceBased,32,Full,1,0.129109725,0.167639479,0.046974652
SE-Conv-L1_FaceBased_R32.pth,AlexNet,1,FaceBased,32,Full,2,0.155066967,0.18794021,0.006367605
SE-Conv-L1_FaceBased_R32.pth,AlexNet,1,FaceBased,32,Full,3,0.111299977,0.14398919,0.013866345
SE-Conv-L1_FaceBased_R32.pth,AlexNet,1,FaceBased,32,Full,4,0.167215526,0.170598239,0.00255377
SE-Conv-L1_FaceBased_R32.pth,AlexNet,1,FaceBased,32,Full,5,0.147630259,0.188549712,0.001463518
SE-Conv-L1_FaceBased_R32.pth,AlexNet,1,FaceBased,32,Full,6,0.205859125,0.195678487,0.000208144
SE-Conv-L1_FaceBased_R32.pth,AlexNet,1,FaceBased,32,Full,7,0.257983357,0.239078224,1.80E-05
SE-Conv-L1_FaceBased_R32.pth,AlexNet,1,FaceBased,32,Full,8,0.249153912,0.207698613,6.49E-05
SE-Conv-L1_FaceBased_R32.pth,AlexNet,1,FaceBased,32,Full,9,0.253458828,0.209897935,0.000134149
SE-Conv-L1_FaceBased_R32.pth,AlexNet,1,FaceBased,32,Full,10,0.288634241,0.184289947,0.000221567
SE-Conv-L1_FaceBased_R32.pth,AlexNet,1,FaceBased,32,Full,11,0.339064717,0.20315659,7.42E-05
SE-Conv-L1_FaceBased_R32.pth,AlexNet,1,FaceBased,32,Full,12,0.347135127,0.16903396,5.29E-05
SE-Conv-L1_FaceBased_R32.pth,AlexNet,1,FaceBased,32,Full,13,0.183223918,0.06846299,0.001982306
SE-Conv-L1_FaceBased_R32.pth,AlexNet,1,FaceBased,32,Full,14,0.140416816,0.177843437,0.001418078
SE-Conv-L1_FaceBased_R32.pth,AlexNet,1,FaceBased,32,Full,15,0.27621907,0.169167265,0
SE-Conv-L1_FaceBased_R32.pth,AlexNet,1,FaceBased,32,Full,16,0.176429212,0.268406838,1.16E-05
SE-Conv-L1_FaceBased_R32.pth,AlexNet,1,FaceBased,32,Full,17,0.193444028,0.336472958,0.014897061
SE-Conv-L1_FaceBased_R32.pth,AlexNet,1,FaceBased,32,Full,18,0,0,0
SE-Conv-L1_FaceBased_R32.pth,AlexNet,1,FaceBased,32,Full,19,0.655887604,0,0
SE-Conv-L1_FaceBased_R32.pth,AlexNet,1,FaceBased,32,Full,20,0,0,0
SE-Conv-L1_FaceBased_R32.pth,AlexNet,1,FaceBased,32,Full,21,0.168226168,0.166217819,0.097154342
SE-Conv-L1_FaceBased_R32.pth,AlexNet,1,FaceBased,32,M,1,0.003132619,0.141032308,0.069025934
SE-Conv-L1_FaceBased_R32.pth,AlexNet,1,FaceBased,32,M,2,0.811409891,0,0
SE-Conv-L1_FaceBased_R32.pth,AlexNet,1,FaceBased,32,M,3,0.579622924,0.033734363,0.001563869
SE-Conv-L1_FaceBased_R32.pth,AlexNet,1,FaceBased,32,M,4,0.747368455,0,0
SE-Conv-L1_FaceBased_R32.pth,AlexNet,1,FaceBased,32,M,5,0.193863809,0.001192391,0.011074158
SE-Conv-L1_FaceBased_R32.pth,AlexNet,1,FaceBased,32,M,6,0,0.00136221,0.278352767
SE-Conv-L1_FaceBased_R32.pth,AlexNet,1,FaceBased,32,M,7,0,0,0
SE-Conv-L1_FaceBased_R32.pth,AlexNet,1,FaceBased,32,M,8,0,0,0
SE-Conv-L1_FaceBased_R32.pth,AlexNet,1,FaceBased,32,M,9,0,0,0
SE-Conv-L1_FaceBased_R32.pth,AlexNet,1,FaceBased,32,M,10,0,0,0
SE-Conv-L1_FaceBased_R32.pth,AlexNet,1,FaceBased,32,M,11,0,0,0
SE-Conv-L1_FaceBased_R32.pth,AlexNet,1,FaceBased,32,M,12,0,0,0
SE-Conv-L1_FaceBased_R32.pth,AlexNet,1,FaceBased,32,M,13,0,0,0
SE-Conv-L1_FaceBased_R32.pth,AlexNet,1,FaceBased,32,M,14,0,0,0
SE-Conv-L1_FaceBased_R32.pth,AlexNet,1,FaceBased,32,M,15,0,0,0
SE-Conv-L1_FaceBased_R32.pth,AlexNet,1,FaceBased,32,M,16,0,0,0
SE-Conv-L1_FaceBased_R32.pth,AlexNet,1,FaceBased,32,M,17,0,0,0
SE-Conv-L1_FaceBased_R32.pth,AlexNet,1,FaceBased,32,M,18,0.265724957,0.014599223,0.182666957
SE-Conv-L1_FaceBased_R32.pth,AlexNet,1,FaceBased,32,M,19,0.545402825,0.039799593,0
SE-Conv-L1_FaceBased_R32.pth,AlexNet,1,FaceBased,32,M,20,0,0,0
SE-Conv-L1_FaceBased_R32.pth,AlexNet,1,FaceBased,32,M,21,0.274210751,0.014712483,0
SE-Conv-L1_FaceBased_R32.pth,AlexNet,1,FaceBased,32,N,1,0.1107319,0.048841409,0.078505494
SE-Conv-L1_FaceBased_R32.pth,AlexNet,1,FaceBased,32,N,2,0.210623354,0.027574316,0.039311409
SE-Conv-L1_FaceBased_R32.pth,AlexNet,1,FaceBased,32,N,3,0.168913499,0.081937671,0.044067673
SE-Conv-L1_FaceBased_R32.pth,AlexNet,1,FaceBased,32,N,4,0.08809863,0.05399327,0.102702282
SE-Conv-L1_FaceBased_R32.pth,AlexNet,1,FaceBased,32,N,5,0.030365504,0.060795289,0.102024317
SE-Conv-L1_FaceBased_R32.pth,AlexNet,1,FaceBased,32,N,6,0.05419236,0.070366584,0.101652205
SE-Conv-L1_FaceBased_R32.pth,AlexNet,1,FaceBased,32,N,7,0.059822608,0.00866528,0.106742002
SE-Conv-L1_FaceBased_R32.pth,AlexNet,1,FaceBased,32,N,8,0.100153074,0.004831184,0.084658094
SE-Conv-L1_FaceBased_R32.pth,AlexNet,1,FaceBased,32,N,9,0.521118164,0,0.058419105
SE-Conv-L1_FaceBased_R32.pth,AlexNet,1,FaceBased,32,N,10,0.326092422,0,0.019933205
SE-Conv-L1_FaceBased_R32.pth,AlexNet,1,FaceBased,32,N,11,0.212982416,0.00528519,0.13271372
SE-Conv-L1_FaceBased_R32.pth,AlexNet,1,FaceBased,32,N,12,0.148738831,0.002921307,0.093872279
SE-Conv-L1_FaceBased_R32.pth,AlexNet,1,FaceBased,32,N,13,0.423343539,0,0.001315884
SE-Conv-L1_FaceBased_R32.pth,AlexNet,1,FaceBased,32,N,14,0.371322691,6.10E-05,0.026631281
SE-Conv-L1_FaceBased_R32.pth,AlexNet,1,FaceBased,32,N,15,0.143858045,0.018975254,0.096334971
SE-Conv-L1_FaceBased_R32.pth,AlexNet,1,FaceBased,32,N,16,0.091900319,0.001365118,0.09913078
SE-Conv-L1_FaceBased_R32.pth,AlexNet,1,FaceBased,32,N,17,0.136100173,0.000367808,0.106099106
SE-Conv-L1_FaceBased_R32.pth,AlexNet,1,FaceBased,32,N,18,0.729414582,0.000165132,0.002236589
SE-Conv-L1_FaceBased_R32.pth,AlexNet,1,FaceBased,32,N,19,0.716960609,0,0.000614078
SE-Conv-L1_FaceBased_R32.pth,AlexNet,1,FaceBased,32,N,20,0.227102384,0.000300992,0.13026984
SE-Conv-L1_FaceBased_R32.pth,AlexNet,1,FaceBased,32,N,21,0.475803524,0.007324353,0.150082856
SE-Conv-L1_ObjectBased_R32.pth,AlexNet,1,ObjectBased,32,E,1,0.193940178,0.03213241,0.000481441
SE-Conv-L1_ObjectBased_R32.pth,AlexNet,1,ObjectBased,32,E,2,0.260107011,0.033346649,0.000309563
SE-Conv-L1_ObjectBased_R32.pth,AlexNet,1,ObjectBased,32,E,3,0.287138075,0.057335638,0.040045165
SE-Conv-L1_ObjectBased_R32.pth,AlexNet,1,ObjectBased,32,E,4,0.177218899,0.154269323,0.018390166
SE-Conv-L1_ObjectBased_R32.pth,AlexNet,1,ObjectBased,32,E,5,0.312520206,0.127391025,0
SE-Conv-L1_ObjectBased_R32.pth,AlexNet,1,ObjectBased,32,E,6,0.336257666,0.104461066,0
SE-Conv-L1_ObjectBased_R32.pth,AlexNet,1,ObjectBased,32,E,7,0.363282651,0.061476525,3.88E-05
SE-Conv-L1_ObjectBased_R32.pth,AlexNet,1,ObjectBased,32,E,8,0.274921656,0.058774594,2.20E-05
SE-Conv-L1_ObjectBased_R32.pth,AlexNet,1,ObjectBased,32,E,9,0.33244139,0.061502986,0.000190876
SE-Conv-L1_ObjectBased_R32.pth,AlexNet,1,ObjectBased,32,E,10,0.186363801,0.137951717,0
SE-Conv-L1_ObjectBased_R32.pth,AlexNet,1,ObjectBased,32,E,11,0.273147881,0.109580062,0
SE-Conv-L1_ObjectBased_R32.pth,AlexNet,1,ObjectBased,32,E,12,0.156101167,0.134719372,0
SE-Conv-L1_ObjectBased_R32.pth,AlexNet,1,ObjectBased,32,E,13,0.183732763,0.072700799,0.000287081
SE-Conv-L1_ObjectBased_R32.pth,AlexNet,1,ObjectBased,32,E,14,0.115995742,0.035248019,0.001531419
SE-Conv-L1_ObjectBased_R32.pth,AlexNet,1,ObjectBased,32,E,15,0.102510825,0.021728789,0.001374439
SE-Conv-L1_ObjectBased_R32.pth,AlexNet,1,ObjectBased,32,E,16,0.066794559,0.02065688,0.000800057
SE-Conv-L1_ObjectBased_R32.pth,AlexNet,1,ObjectBased,32,E,17,0.072944701,0.019235823,0.003467704
SE-Conv-L1_ObjectBased_R32.pth,AlexNet,1,ObjectBased,32,E,18,0.087601997,0.050915085,0.022743741
SE-Conv-L1_ObjectBased_R32.pth,AlexNet,1,ObjectBased,32,E,19,0.184386492,0.036199205,0.001076899
SE-Conv-L1_ObjectBased_R32.pth,AlexNet,1,ObjectBased,32,E,20,0.121593915,0.016651755,0.001762697
SE-Conv-L1_ObjectBased_R32.pth,AlexNet,1,ObjectBased,32,E,21,0.05902914,0.011104451,0.057991538
SE-Conv-L1_ObjectBased_R32.pth,AlexNet,1,ObjectBased,32,Full,1,0.537173033,0.007780776,7.22E-05
SE-Conv-L1_ObjectBased_R32.pth,AlexNet,1,ObjectBased,32,Full,2,0.556635022,0.004874745,0.000103964
SE-Conv-L1_ObjectBased_R32.pth,AlexNet,1,ObjectBased,32,Full,3,0.55585587,0,0
SE-Conv-L1_ObjectBased_R32.pth,AlexNet,1,ObjectBased,32,Full,4,0.516933739,0.00125482,0
SE-Conv-L1_ObjectBased_R32.pth,AlexNet,1,ObjectBased,32,Full,5,0.679383636,0,0
SE-Conv-L1_ObjectBased_R32.pth,AlexNet,1,ObjectBased,32,Full,6,0.678108633,0,0
SE-Conv-L1_ObjectBased_R32.pth,AlexNet,1,ObjectBased,32,Full,7,0.665037036,0,7.06E-05
SE-Conv-L1_ObjectBased_R32.pth,AlexNet,1,ObjectBased,32,Full,8,0.741405487,0,0
SE-Conv-L1_ObjectBased_R32.pth,AlexNet,1,ObjectBased,32,Full,9,0.817274809,0,0
SE-Conv-L1_ObjectBased_R32.pth,AlexNet,1,ObjectBased,32,Full,10,0.803947389,0,0
SE-Conv-L1_ObjectBased_R32.pth,AlexNet,1,ObjectBased,32,Full,11,0.651532114,0,0
SE-Conv-L1_ObjectBased_R32.pth,AlexNet,1,ObjectBased,32,Full,12,0.751225591,0.002626934,0
SE-Conv-L1_ObjectBased_R32.pth,AlexNet,1,ObjectBased,32,Full,13,0.632012308,0,0
SE-Conv-L1_ObjectBased_R32.pth,AlexNet,1,ObjectBased,32,Full,14,0.64835608,0,0.00011706
SE-Conv-L1_ObjectBased_R32.pth,AlexNet,1,ObjectBased,32,Full,15,0.656129539,0,0
SE-Conv-L1_ObjectBased_R32.pth,AlexNet,1,ObjectBased,32,Full,16,0.555853963,0,0
SE-Conv-L1_ObjectBased_R32.pth,AlexNet,1,ObjectBased,32,Full,17,0.563021004,0,0
SE-Conv-L1_ObjectBased_R32.pth,AlexNet,1,ObjectBased,32,Full,18,0.616945803,0,0
SE-Conv-L1_ObjectBased_R32.pth,AlexNet,1,ObjectBased,32,Full,19,0.582789063,0,0
SE-Conv-L1_ObjectBased_R32.pth,AlexNet,1,ObjectBased,32,Full,20,0.551498353,0,1.96E-05
SE-Conv-L1_ObjectBased_R32.pth,AlexNet,1,ObjectBased,32,Full,21,0.750321865,0,0
SE-Conv-L1_ObjectBased_R32.pth,AlexNet,1,ObjectBased,32,M,1,0.487733275,0.03903335,4.40E-05
SE-Conv-L1_ObjectBased_R32.pth,AlexNet,1,ObjectBased,32,M,2,0.57636255,0.044266481,0
SE-Conv-L1_ObjectBased_R32.pth,AlexNet,1,ObjectBased,32,M,3,0.64712292,0.029744159,0
SE-Conv-L1_ObjectBased_R32.pth,AlexNet,1,ObjectBased,32,M,4,0.485521644,0.092432536,0
SE-Conv-L1_ObjectBased_R32.pth,AlexNet,1,ObjectBased,32,M,5,0.551605701,0.042710304,0
SE-Conv-L1_ObjectBased_R32.pth,AlexNet,1,ObjectBased,32,M,6,0.611298025,0.027590288,0
SE-Conv-L1_ObjectBased_R32.pth,AlexNet,1,ObjectBased,32,M,7,0.535550952,0.048460882,0
SE-Conv-L1_ObjectBased_R32.pth,AlexNet,1,ObjectBased,32,M,8,0.59465009,0.036907971,3.70E-06
SE-Conv-L1_ObjectBased_R32.pth,AlexNet,1,ObjectBased,32,M,9,0.599220693,0.048747156,0
SE-Conv-L1_ObjectBased_R32.pth,AlexNet,1,ObjectBased,32,M,10,0.682087362,0.055591095,0
SE-Conv-L1_ObjectBased_R32.pth,AlexNet,1,ObjectBased,32,M,11,0.537975192,0.056177296,0.026310876
SE-Conv-L1_ObjectBased_R32.pth,AlexNet,1,ObjectBased,32,M,12,0.68777287,0.044734407,0.000211446
SE-Conv-L1_ObjectBased_R32.pth,AlexNet,1,ObjectBased,32,M,13,0.698502183,0.027442222,0.00013505
SE-Conv-L1_ObjectBased_R32.pth,AlexNet,1,ObjectBased,32,M,14,0.748278975,0.057635125,0
SE-Conv-L1_ObjectBased_R32.pth,AlexNet,1,ObjectBased,32,M,15,0.783003867,0.039977219,0
SE-Conv-L1_ObjectBased_R32.pth,AlexNet,1,ObjectBased,32,M,16,0.589497566,0.057316802,0
SE-Conv-L1_ObjectBased_R32.pth,AlexNet,1,ObjectBased,32,M,17,0.680057645,0.051353689,0
SE-Conv-L1_ObjectBased_R32.pth,AlexNet,1,ObjectBased,32,M,18,0.660490155,0.044229221,0
SE-Conv-L1_ObjectBased_R32.pth,AlexNet,1,ObjectBased,32,M,19,0.649245322,0.039380591,0
SE-Conv-L1_ObjectBased_R32.pth,AlexNet,1,ObjectBased,32,M,20,0.749272823,0.012034137,0
SE-Conv-L1_ObjectBased_R32.pth,AlexNet,1,ObjectBased,32,M,21,0.799892187,0,0
SE-Conv-L1_ObjectBased_R32.pth,AlexNet,1,ObjectBased,32,N,1,0.046132684,0.411286831,0
SE-Conv-L1_ObjectBased_R32.pth,AlexNet,1,ObjectBased,32,N,2,0.138809755,0.404557109,0.011420159
SE-Conv-L1_ObjectBased_R32.pth,AlexNet,1,ObjectBased,32,N,3,0.220370159,0.308458328,0.022978192
SE-Conv-L1_ObjectBased_R32.pth,AlexNet,1,ObjectBased,32,N,4,0.262478709,0.21119228,0.157317013
SE-Conv-L1_ObjectBased_R32.pth,AlexNet,1,ObjectBased,32,N,5,0.306812793,0.184177428,0.121728107
SE-Conv-L1_ObjectBased_R32.pth,AlexNet,1,ObjectBased,32,N,6,0.22877194,0.132756785,0.143554673
SE-Conv-L1_ObjectBased_R32.pth,AlexNet,1,ObjectBased,32,N,7,0.229249731,0.272193581,0.023908935
SE-Conv-L1_ObjectBased_R32.pth,AlexNet,1,ObjectBased,32,N,8,0.376672596,0.132937789,0.036198363
SE-Conv-L1_ObjectBased_R32.pth,AlexNet,1,ObjectBased,32,N,9,0.301628202,0.195645854,0.027412582
SE-Conv-L1_ObjectBased_R32.pth,AlexNet,1,ObjectBased,32,N,10,0.245693147,0.163171798,0.009041459
SE-Conv-L1_ObjectBased_R32.pth,AlexNet,1,ObjectBased,32,N,11,0.246254504,0.21664615,0.008473927
SE-Conv-L1_ObjectBased_R32.pth,AlexNet,1,ObjectBased,32,N,12,0.251070499,0.206206322,0.016906211
SE-Conv-L1_ObjectBased_R32.pth,AlexNet,1,ObjectBased,32,N,13,0.260369629,0.193897486,0.013604011
SE-Conv-L1_ObjectBased_R32.pth,AlexNet,1,ObjectBased,32,N,14,0.262316823,0.16180028,0.009746253
SE-Conv-L1_ObjectBased_R32.pth,AlexNet,1,ObjectBased,32,N,15,0.28976652,0.178360716,0.006528845
SE-Conv-L1_ObjectBased_R32.pth,AlexNet,1,ObjectBased,32,N,16,0.290099114,0.210418686,0.002148668
SE-Conv-L1_ObjectBased_R32.pth,AlexNet,1,ObjectBased,32,N,17,0.279325247,0.175457567,0.013079042
SE-Conv-L1_ObjectBased_R32.pth,AlexNet,1,ObjectBased,32,N,18,0.255293727,0.170738623,0.009568061
SE-Conv-L1_ObjectBased_R32.pth,AlexNet,1,ObjectBased,32,N,19,0.257972658,0.179707587,0.029203473
SE-Conv-L1_ObjectBased_R32.pth,AlexNet,1,ObjectBased,32,N,20,0.236728847,0.143327951,0.009389357
SE-Conv-L1_ObjectBased_R32.pth,AlexNet,1,ObjectBased,32,N,21,0.208869129,0.224223092,0.019569583
SE-Conv-L2_FaceBased_R2.pth,AlexNet,2,FaceBased,2,E,1,0.009174994,0.465103328,0.166595519
SE-Conv-L2_FaceBased_R2.pth,AlexNet,2,FaceBased,2,E,2,0.006817578,0.238557994,0.340085834
SE-Conv-L2_FaceBased_R2.pth,AlexNet,2,FaceBased,2,E,3,0.009711319,0.301237881,0.335784614
SE-Conv-L2_FaceBased_R2.pth,AlexNet,2,FaceBased,2,E,4,0.00509599,0.227494001,0.296866387
SE-Conv-L2_FaceBased_R2.pth,AlexNet,2,FaceBased,2,E,5,0.006158518,0.169825181,0.43150261
SE-Conv-L2_FaceBased_R2.pth,AlexNet,2,FaceBased,2,E,6,0.003569812,0.16894722,0.442012846
SE-Conv-L2_FaceBased_R2.pth,AlexNet,2,FaceBased,2,E,7,0.001470263,0.013115583,0.527597427
SE-Conv-L2_FaceBased_R2.pth,AlexNet,2,FaceBased,2,E,8,0.001920135,0.009896891,0.422635496
SE-Conv-L2_FaceBased_R2.pth,AlexNet,2,FaceBased,2,E,9,0.00123679,0.019113179,0.427206367
SE-Conv-L2_FaceBased_R2.pth,AlexNet,2,FaceBased,2,E,10,0.000558443,0.007988825,0.679404378
SE-Conv-L2_FaceBased_R2.pth,AlexNet,2,FaceBased,2,E,11,0.000308723,0.005105271,0.426085591
SE-Conv-L2_FaceBased_R2.pth,AlexNet,2,FaceBased,2,E,12,0.000304786,0.010462086,0.457580507
SE-Conv-L2_FaceBased_R2.pth,AlexNet,2,FaceBased,2,E,13,0.001234197,0.048169166,0.358763903
SE-Conv-L2_FaceBased_R2.pth,AlexNet,2,FaceBased,2,E,14,0.001751066,0.047374234,0.4235484
SE-Conv-L2_FaceBased_R2.pth,AlexNet,2,FaceBased,2,E,15,0.002094972,0.092662662,0.402819127
SE-Conv-L2_FaceBased_R2.pth,AlexNet,2,FaceBased,2,E,16,0.006575964,0.03566014,0.374892205
SE-Conv-L2_FaceBased_R2.pth,AlexNet,2,FaceBased,2,E,17,0.002486786,0.034924563,0.375112623
SE-Conv-L2_FaceBased_R2.pth,AlexNet,2,FaceBased,2,E,18,0.063606828,0.082479365,0.240416288
SE-Conv-L2_FaceBased_R2.pth,AlexNet,2,FaceBased,2,E,19,0.02624386,0.038884874,0.296976745
SE-Conv-L2_FaceBased_R2.pth,AlexNet,2,FaceBased,2,E,20,0.053914417,0.046799604,0.242204696
SE-Conv-L2_FaceBased_R2.pth,AlexNet,2,FaceBased,2,E,21,0.075998232,0.067632362,0.198369041
SE-Conv-L2_FaceBased_R2.pth,AlexNet,2,FaceBased,2,Full,1,0.089125998,0.384313881,0.06476403
SE-Conv-L2_FaceBased_R2.pth,AlexNet,2,FaceBased,2,Full,2,0.002847806,0.284474462,0.328800857
SE-Conv-L2_FaceBased_R2.pth,AlexNet,2,FaceBased,2,Full,3,0.003847492,0.208589733,0.480743021
SE-Conv-L2_FaceBased_R2.pth,AlexNet,2,FaceBased,2,Full,4,0.020056782,0.023611892,0.764703929
SE-Conv-L2_FaceBased_R2.pth,AlexNet,2,FaceBased,2,Full,5,0.057258595,0.007550977,0.676793993
SE-Conv-L2_FaceBased_R2.pth,AlexNet,2,FaceBased,2,Full,6,0.205859631,0.159203812,0.210583329
SE-Conv-L2_FaceBased_R2.pth,AlexNet,2,FaceBased,2,Full,7,0.000413307,0.08026088,0.551051795
SE-Conv-L2_FaceBased_R2.pth,AlexNet,2,FaceBased,2,Full,8,0.084448241,0.120207503,0.259361982
SE-Conv-L2_FaceBased_R2.pth,AlexNet,2,FaceBased,2,Full,9,0.245265216,0.034028746,0.124368757
SE-Conv-L2_FaceBased_R2.pth,AlexNet,2,FaceBased,2,Full,10,0.166861355,0.136400804,0.12993452
SE-Conv-L2_FaceBased_R2.pth,AlexNet,2,FaceBased,2,Full,11,0.229278177,0.074165232,0.023283964
SE-Conv-L2_FaceBased_R2.pth,AlexNet,2,FaceBased,2,Full,12,0,0.10659083,0.368273348
SE-Conv-L2_FaceBased_R2.pth,AlexNet,2,FaceBased,2,Full,13,0,0.056897137,0.536679626
SE-Conv-L2_FaceBased_R2.pth,AlexNet,2,FaceBased,2,Full,14,0.12225873,0.09997607,0.231892169
SE-Conv-L2_FaceBased_R2.pth,AlexNet,2,FaceBased,2,Full,15,0.145631656,0.169144928,0.176649958
SE-Conv-L2_FaceBased_R2.pth,AlexNet,2,FaceBased,2,Full,16,0.130456582,0.181917563,0.17440024
SE-Conv-L2_FaceBased_R2.pth,AlexNet,2,FaceBased,2,Full,17,0.050689965,0.233251825,0.241203532
SE-Conv-L2_FaceBased_R2.pth,AlexNet,2,FaceBased,2,Full,18,0.164292917,0.205872163,0.177409634
SE-Conv-L2_FaceBased_R2.pth,AlexNet,2,FaceBased,2,Full,19,0.159978554,0.214269981,0.171562299
SE-Conv-L2_FaceBased_R2.pth,AlexNet,2,FaceBased,2,Full,20,0.117627904,0.20717755,0.181645378
SE-Conv-L2_FaceBased_R2.pth,AlexNet,2,FaceBased,2,Full,21,0.096503317,0.184444472,0.21647054
SE-Conv-L2_FaceBased_R2.pth,AlexNet,2,FaceBased,2,M,1,0.273118973,0.080697678,0.147012204
SE-Conv-L2_FaceBased_R2.pth,AlexNet,2,FaceBased,2,M,2,0.261583,0.095923945,0.150116161
SE-Conv-L2_FaceBased_R2.pth,AlexNet,2,FaceBased,2,M,3,0.294664294,0.082053572,0.146522537
SE-Conv-L2_FaceBased_R2.pth,AlexNet,2,FaceBased,2,M,4,0.19920902,0.109414145,0.187415823
SE-Conv-L2_FaceBased_R2.pth,AlexNet,2,FaceBased,2,M,5,0.20849219,0.098422222,0.214976341
SE-Conv-L2_FaceBased_R2.pth,AlexNet,2,FaceBased,2,M,6,0.137653917,0.174706876,0.243896618
SE-Conv-L2_FaceBased_R2.pth,AlexNet,2,FaceBased,2,M,7,0.033784579,0.372618049,0.146723822
SE-Conv-L2_FaceBased_R2.pth,AlexNet,2,FaceBased,2,M,8,0.011421515,0.508397758,0.044941571
SE-Conv-L2_FaceBased_R2.pth,AlexNet,2,FaceBased,2,M,9,0.007473753,0.549067438,0.067076527
SE-Conv-L2_FaceBased_R2.pth,AlexNet,2,FaceBased,2,M,10,0.016248623,0.368491739,0.18452628
SE-Conv-L2_FaceBased_R2.pth,AlexNet,2,FaceBased,2,M,11,0.006817057,0.431348413,0.130255058
SE-Conv-L2_FaceBased_R2.pth,AlexNet,2,FaceBased,2,M,12,0.004137882,0.3926135,0.175907329
SE-Conv-L2_FaceBased_R2.pth,AlexNet,2,FaceBased,2,M,13,0.031001069,0.247318283,0.185916245
SE-Conv-L2_FaceBased_R2.pth,AlexNet,2,FaceBased,2,M,14,0.003580166,0.323341459,0.278347194
SE-Conv-L2_FaceBased_R2.pth,AlexNet,2,FaceBased,2,M,15,0.021276088,0.281459153,0.199061036
SE-Conv-L2_FaceBased_R2.pth,AlexNet,2,FaceBased,2,M,16,0.007796474,0.542907476,0.096525997
SE-Conv-L2_FaceBased_R2.pth,AlexNet,2,FaceBased,2,M,17,0.010965217,0.621798933,0
SE-Conv-L2_FaceBased_R2.pth,AlexNet,2,FaceBased,2,M,18,0.008147544,0.414092183,0.162361041
SE-Conv-L2_FaceBased_R2.pth,AlexNet,2,FaceBased,2,M,19,0.012432771,0.464893788,0.104955532
SE-Conv-L2_FaceBased_R2.pth,AlexNet,2,FaceBased,2,M,20,0.080743857,0.37741068,0.094575755
SE-Conv-L2_FaceBased_R2.pth,AlexNet,2,FaceBased,2,M,21,0.151390776,0.358892798,0.053133681
SE-Conv-L2_FaceBased_R2.pth,AlexNet,2,FaceBased,2,N,1,0.589876056,0,0
SE-Conv-L2_FaceBased_R2.pth,AlexNet,2,FaceBased,2,N,2,0.179430038,0.057886835,0.134280369
SE-Conv-L2_FaceBased_R2.pth,AlexNet,2,FaceBased,2,N,3,0,0,0
SE-Conv-L2_FaceBased_R2.pth,AlexNet,2,FaceBased,2,N,4,0.165335059,0.11536558,0
SE-Conv-L2_FaceBased_R2.pth,AlexNet,2,FaceBased,2,N,5,0,0,0
SE-Conv-L2_FaceBased_R2.pth,AlexNet,2,FaceBased,2,N,6,0,0,0
SE-Conv-L2_FaceBased_R2.pth,AlexNet,2,FaceBased,2,N,7,0,0,0
SE-Conv-L2_FaceBased_R2.pth,AlexNet,2,FaceBased,2,N,8,0,0,0
SE-Conv-L2_FaceBased_R2.pth,AlexNet,2,FaceBased,2,N,9,0,0,0
SE-Conv-L2_FaceBased_R2.pth,AlexNet,2,FaceBased,2,N,10,0.655887604,0,0
SE-Conv-L2_FaceBased_R2.pth,AlexNet,2,FaceBased,2,N,11,0,0,0
SE-Conv-L2_FaceBased_R2.pth,AlexNet,2,FaceBased,2,N,12,0.539474905,0,0
SE-Conv-L2_FaceBased_R2.pth,AlexNet,2,FaceBased,2,N,13,0.102369763,0.005619726,0.020172652
SE-Conv-L2_FaceBased_R2.pth,AlexNet,2,FaceBased,2,N,14,0.069040067,0.025947284,0.031227417
SE-Conv-L2_FaceBased_R2.pth,AlexNet,2,FaceBased,2,N,15,0.35406813,0.005781188,0
SE-Conv-L2_FaceBased_R2.pth,AlexNet,2,FaceBased,2,N,16,0.119843714,0.055639394,0.104571886
SE-Conv-L2_FaceBased_R2.pth,AlexNet,2,FaceBased,2,N,17,0.104858063,0.021046145,0.019853612
SE-Conv-L2_FaceBased_R2.pth,AlexNet,2,FaceBased,2,N,18,0.105596557,0.094346799,0.043304596
SE-Conv-L2_FaceBased_R2.pth,AlexNet,2,FaceBased,2,N,19,0.03267977,0.20361653,0.092195101
SE-Conv-L2_FaceBased_R2.pth,AlexNet,2,FaceBased,2,N,20,0.0170184,0.199807003,0.161878541
SE-Conv-L2_FaceBased_R2.pth,AlexNet,2,FaceBased,2,N,21,0.077495851,0.100003988,0.137823209
SE-Conv-L2_ObjectBased_R2.pth,AlexNet,2,ObjectBased,2,E,1,0.001543117,0.538722813,0.073466614
SE-Conv-L2_ObjectBased_R2.pth,AlexNet,2,ObjectBased,2,E,2,0.00081214,0.415299833,0.141891792
SE-Conv-L2_ObjectBased_R2.pth,AlexNet,2,ObjectBased,2,E,3,0.001169809,0.538731217,0.080455504
SE-Conv-L2_ObjectBased_R2.pth,AlexNet,2,ObjectBased,2,E,4,0.001245525,0.581577659,0.062932491
SE-Conv-L2_ObjectBased_R2.pth,AlexNet,2,ObjectBased,2,E,5,0.002236044,0.36143443,0.10305874
SE-Conv-L2_ObjectBased_R2.pth,AlexNet,2,ObjectBased,2,E,6,0.000730173,0.453005463,0.119107537
SE-Conv-L2_ObjectBased_R2.pth,AlexNet,2,ObjectBased,2,E,7,0.001376704,0.440231711,0.117110938
SE-Conv-L2_ObjectBased_R2.pth,AlexNet,2,ObjectBased,2,E,8,0.000841529,0.362561405,0.185472518
SE-Conv-L2_ObjectBased_R2.pth,AlexNet,2,ObjectBased,2,E,9,0.005387627,0.188849688,0.125419527
SE-Conv-L2_ObjectBased_R2.pth,AlexNet,2,ObjectBased,2,E,10,0.004062461,0.198218927,0.091139525
SE-Conv-L2_ObjectBased_R2.pth,AlexNet,2,ObjectBased,2,E,11,0.001999562,0.25370416,0.118341848
SE-Conv-L2_ObjectBased_R2.pth,AlexNet,2,ObjectBased,2,E,12,0.00365829,0.180406407,0.155223042
SE-Conv-L2_ObjectBased_R2.pth,AlexNet,2,ObjectBased,2,E,13,0.014045994,0.156940699,0.106105804
SE-Conv-L2_ObjectBased_R2.pth,AlexNet,2,ObjectBased,2,E,14,0.018093692,0.145666555,0.130011424
SE-Conv-L2_ObjectBased_R2.pth,AlexNet,2,ObjectBased,2,E,15,0.089618757,0.120029055,0.053369436
SE-Conv-L2_ObjectBased_R2.pth,AlexNet,2,ObjectBased,2,E,16,0.092689224,0.115348794,0.052415848
SE-Conv-L2_ObjectBased_R2.pth,AlexNet,2,ObjectBased,2,E,17,0.0010026,0.288599223,0.080233842
SE-Conv-L2_ObjectBased_R2.pth,AlexNet,2,ObjectBased,2,E,18,0.00030684,0.102190591,0.04091721
SE-Conv-L2_ObjectBased_R2.pth,AlexNet,2,ObjectBased,2,E,19,0.000143256,0.143056333,0.111852683
SE-Conv-L2_ObjectBased_R2.pth,AlexNet,2,ObjectBased,2,E,20,0.012999264,0.112077691,0.097254552
SE-Conv-L2_ObjectBased_R2.pth,AlexNet,2,ObjectBased,2,E,21,0.007411041,0.177271456,0.122741662
SE-Conv-L2_ObjectBased_R2.pth,AlexNet,2,ObjectBased,2,Full,1,0.061060373,0.071958371,0.12501207
SE-Conv-L2_ObjectBased_R2.pth,AlexNet,2,ObjectBased,2,Full,2,0.045964882,0.074148931,0.145660356
SE-Conv-L2_ObjectBased_R2.pth,AlexNet,2,ObjectBased,2,Full,3,0.049240574,0.111124843,0.23486115
SE-Conv-L2_ObjectBased_R2.pth,AlexNet,2,ObjectBased,2,Full,4,0.014783911,0.125759661,0.165013984
SE-Conv-L2_ObjectBased_R2.pth,AlexNet,2,ObjectBased,2,Full,5,0.001918452,0.200724468,0.251142979
SE-Conv-L2_ObjectBased_R2.pth,AlexNet,2,ObjectBased,2,Full,6,0.007629095,0.21050401,0.200671509
SE-Conv-L2_ObjectBased_R2.pth,AlexNet,2,ObjectBased,2,Full,7,0.0386246,0.306051403,0.182665244
SE-Conv-L2_ObjectBased_R2.pth,AlexNet,2,ObjectBased,2,Full,8,0.035171743,0.240524873,0.217628181
SE-Conv-L2_ObjectBased_R2.pth,AlexNet,2,ObjectBased,2,Full,9,0.026575932,0.160109714,0.177569076
SE-Conv-L2_ObjectBased_R2.pth,AlexNet,2,ObjectBased,2,Full,10,0.053709656,0.183583349,0.13484174
SE-Conv-L2_ObjectBased_R2.pth,AlexNet,2,ObjectBased,2,Full,11,0.050035771,0.206100091,0.174490705
SE-Conv-L2_ObjectBased_R2.pth,AlexNet,2,ObjectBased,2,Full,12,0.01236899,0.303939909,0.188991457
SE-Conv-L2_ObjectBased_R2.pth,AlexNet,2,ObjectBased,2,Full,13,0.042854842,0.17879118,0.063886456
SE-Conv-L2_ObjectBased_R2.pth,AlexNet,2,ObjectBased,2,Full,14,0.052612957,0.407122523,0.055155117
SE-Conv-L2_ObjectBased_R2.pth,AlexNet,2,ObjectBased,2,Full,15,0,0.417176515,0.166834876
SE-Conv-L2_ObjectBased_R2.pth,AlexNet,2,ObjectBased,2,Full,16,0.098388605,0.164380863,0.05575959
SE-Conv-L2_ObjectBased_R2.pth,AlexNet,2,ObjectBased,2,Full,17,0.112941004,0.057664111,0.171206325
SE-Conv-L2_ObjectBased_R2.pth,AlexNet,2,ObjectBased,2,Full,18,0.127606124,0.084114946,0.085249141
SE-Conv-L2_ObjectBased_R2.pth,AlexNet,2,ObjectBased,2,Full,19,0.075778797,0.097920209,0.046155393
SE-Conv-L2_ObjectBased_R2.pth,AlexNet,2,ObjectBased,2,Full,20,0.173273474,0.118307471,0.043765806
SE-Conv-L2_ObjectBased_R2.pth,AlexNet,2,ObjectBased,2,Full,21,0.217188448,0.157714054,0.041797485
SE-Conv-L2_ObjectBased_R2.pth,AlexNet,2,ObjectBased,2,M,1,0.057410628,0.06371557,0.016762918
SE-Conv-L2_ObjectBased_R2.pth,AlexNet,2,ObjectBased,2,M,2,0.037564725,0.049448587,0.043868549
SE-Conv-L2_ObjectBased_R2.pth,AlexNet,2,ObjectBased,2,M,3,0.056454636,0.05663833,0.030222092
SE-Conv-L2_ObjectBased_R2.pth,AlexNet,2,ObjectBased,2,M,4,0.050420891,0.059676118,0.024659235
SE-Conv-L2_ObjectBased_R2.pth,AlexNet,2,ObjectBased,2,M,5,0.064018846,0.051628102,0.040270232
SE-Conv-L2_ObjectBased_R2.pth,AlexNet,2,ObjectBased,2,M,6,0.132702664,0.04689109,0.391346335
SE-Conv-L2_ObjectBased_R2.pth,AlexNet,2,ObjectBased,2,M,7,0.205424845,0.069635473,0.335702389
SE-Conv-L2_ObjectBased_R2.pth,AlexNet,2,ObjectBased,2,M,8,0.194490537,0.02932178,0.40618217
SE-Conv-L2_ObjectBased_R2.pth,AlexNet,2,ObjectBased,2,M,9,0.068110198,0.042715978,0.532890797
SE-Conv-L2_ObjectBased_R2.pth,AlexNet,2,ObjectBased,2,M,10,0.125369832,0.024284139,0.580521226
SE-Conv-L2_ObjectBased_R2.pth,AlexNet,2,ObjectBased,2,M,11,0.116259657,0.021741768,0.356216937
SE-Conv-L2_ObjectBased_R2.pth,AlexNet,2,ObjectBased,2,M,12,0.122920282,0.030721603,0.478944391
SE-Conv-L2_ObjectBased_R2.pth,AlexNet,2,ObjectBased,2,M,13,0.180086136,0.070180871,0.391446292
SE-Conv-L2_ObjectBased_R2.pth,AlexNet,2,ObjectBased,2,M,14,0.103335522,0.136015266,0.452679545
SE-Conv-L2_ObjectBased_R2.pth,AlexNet,2,ObjectBased,2,M,15,0.047158111,0.116144434,0.561932921
SE-Conv-L2_ObjectBased_R2.pth,AlexNet,2,ObjectBased,2,M,16,0.047324788,0.164327294,0.450434089
SE-Conv-L2_ObjectBased_R2.pth,AlexNet,2,ObjectBased,2,M,17,0.131327197,0.07979247,0.403933823
SE-Conv-L2_ObjectBased_R2.pth,AlexNet,2,ObjectBased,2,M,18,0.068749227,0.038006816,0.523067713
SE-Conv-L2_ObjectBased_R2.pth,AlexNet,2,ObjectBased,2,M,19,0.072863363,0.175945207,0.407296747
SE-Conv-L2_ObjectBased_R2.pth,AlexNet,2,ObjectBased,2,M,20,0.166111052,0.145516112,0.016901018
SE-Conv-L2_ObjectBased_R2.pth,AlexNet,2,ObjectBased,2,M,21,0.143264115,0.10930635,0.018812643
SE-Conv-L2_ObjectBased_R2.pth,AlexNet,2,ObjectBased,2,N,1,0,0.05278378,0.413829595
SE-Conv-L2_ObjectBased_R2.pth,AlexNet,2,ObjectBased,2,N,2,0,0.07938198,0.384125471
SE-Conv-L2_ObjectBased_R2.pth,AlexNet,2,ObjectBased,2,N,3,0,0.109850354,0.307079881
SE-Conv-L2_ObjectBased_R2.pth,AlexNet,2,ObjectBased,2,N,4,0.000436595,0.180800453,0.2566953
SE-Conv-L2_ObjectBased_R2.pth,AlexNet,2,ObjectBased,2,N,5,0.003059169,0.337314785,0.188170657
SE-Conv-L2_ObjectBased_R2.pth,AlexNet,2,ObjectBased,2,N,6,0.001924195,0.425645143,0.085781328
SE-Conv-L2_ObjectBased_R2.pth,AlexNet,2,ObjectBased,2,N,7,0,0.387086868,0.113760084
SE-Conv-L2_ObjectBased_R2.pth,AlexNet,2,ObjectBased,2,N,8,0.005846045,0.364271611,0.092085078
SE-Conv-L2_ObjectBased_R2.pth,AlexNet,2,ObjectBased,2,N,9,0.001052173,0.282797515,0.19732444
SE-Conv-L2_ObjectBased_R2.pth,AlexNet,2,ObjectBased,2,N,10,0.019843701,0.194047287,0.159748554
SE-Conv-L2_ObjectBased_R2.pth,AlexNet,2,ObjectBased,2,N,11,0.046821531,0.23675859,0.113364786
SE-Conv-L2_ObjectBased_R2.pth,AlexNet,2,ObjectBased,2,N,12,0,0.258236289,0.143274799
SE-Conv-L2_ObjectBased_R2.pth,AlexNet,2,ObjectBased,2,N,13,0.084755786,0.006467491,0.213486224
SE-Conv-L2_ObjectBased_R2.pth,AlexNet,2,ObjectBased,2,N,14,0.048655231,0.005219449,0.259905666
SE-Conv-L2_ObjectBased_R2.pth,AlexNet,2,ObjectBased,2,N,15,0.033751525,0.114640787,0.193861097
SE-Conv-L2_ObjectBased_R2.pth,AlexNet,2,ObjectBased,2,N,16,0.079788126,0.048174839,0.104772493
SE-Conv-L2_ObjectBased_R2.pth,AlexNet,2,ObjectBased,2,N,17,0.023218617,0.110021025,0.079552889
SE-Conv-L2_ObjectBased_R2.pth,AlexNet,2,ObjectBased,2,N,18,0.043865919,0.119336493,0.067912348
SE-Conv-L2_ObjectBased_R2.pth,AlexNet,2,ObjectBased,2,N,19,0.081239469,0.198975116,0.171335608
SE-Conv-L2_ObjectBased_R2.pth,AlexNet,2,ObjectBased,2,N,20,0.032030653,0.208595812,0.225147173
SE-Conv-L2_ObjectBased_R2.pth,AlexNet,2,ObjectBased,2,N,21,0.008664237,0.300626516,0.224350229
SE-Conv-L2_FaceBased_R4.pth,AlexNet,2,FaceBased,4,E,1,0.000351545,0.136149511,0.118364595
SE-Conv-L2_FaceBased_R4.pth,AlexNet,2,FaceBased,4,E,2,0.000242495,0.099845938,0.244387135
SE-Conv-L2_FaceBased_R4.pth,AlexNet,2,FaceBased,4,E,3,0.000847696,0.126058429,0.070979804
SE-Conv-L2_FaceBased_R4.pth,AlexNet,2,FaceBased,4,E,4,0.000881684,0.132902309,0.152106181
SE-Conv-L2_FaceBased_R4.pth,AlexNet,2,FaceBased,4,E,5,0.000688086,0.145582929,0.087485783
SE-Conv-L2_FaceBased_R4.pth,AlexNet,2,FaceBased,4,E,6,0.000174318,0.096724421,0.207624152
SE-Conv-L2_FaceBased_R4.pth,AlexNet,2,FaceBased,4,E,7,4.53E-05,0.102292858,0.203781173
SE-Conv-L2_FaceBased_R4.pth,AlexNet,2,FaceBased,4,E,8,0,0.001153988,0.119044878
SE-Conv-L2_FaceBased_R4.pth,AlexNet,2,FaceBased,4,E,9,3.77E-05,0.07312613,0.166595355
SE-Conv-L2_FaceBased_R4.pth,AlexNet,2,FaceBased,4,E,10,0.001760527,0.025033932,0.139886916
SE-Conv-L2_FaceBased_R4.pth,AlexNet,2,FaceBased,4,E,11,0.000401724,0.007631451,0.187231883
SE-Conv-L2_FaceBased_R4.pth,AlexNet,2,FaceBased,4,E,12,0.003432418,0.005242426,0.213723391
SE-Conv-L2_FaceBased_R4.pth,AlexNet,2,FaceBased,4,E,13,0.000766365,0.000223083,0.052413397
SE-Conv-L2_FaceBased_R4.pth,AlexNet,2,FaceBased,4,E,14,0,8.60E-05,0.041366704
SE-Conv-L2_FaceBased_R4.pth,AlexNet,2,FaceBased,4,E,15,0,0.014007337,0.08192239
SE-Conv-L2_FaceBased_R4.pth,AlexNet,2,FaceBased,4,E,16,0.004568099,0.007956508,0.014183646
SE-Conv-L2_FaceBased_R4.pth,AlexNet,2,FaceBased,4,E,17,0,0.011852426,0.074117176
SE-Conv-L2_FaceBased_R4.pth,AlexNet,2,FaceBased,4,E,18,0,0.002191387,0.025310637
SE-Conv-L2_FaceBased_R4.pth,AlexNet,2,FaceBased,4,E,19,0,0.043839846,0.00781848
SE-Conv-L2_FaceBased_R4.pth,AlexNet,2,FaceBased,4,E,20,0,0.001441452,0.236480519
SE-Conv-L2_FaceBased_R4.pth,AlexNet,2,FaceBased,4,E,21,0,0,0
SE-Conv-L2_FaceBased_R4.pth,AlexNet,2,FaceBased,4,Full,1,0.000292195,0.048700407,0.542984545
SE-Conv-L2_FaceBased_R4.pth,AlexNet,2,FaceBased,4,Full,2,0,0.017440433,0.626408458
SE-Conv-L2_FaceBased_R4.pth,AlexNet,2,FaceBased,4,Full,3,0.004663866,0.074674644,0.379832029
SE-Conv-L2_FaceBased_R4.pth,AlexNet,2,FaceBased,4,Full,4,0,0.095665656,0.502671957
SE-Conv-L2_FaceBased_R4.pth,AlexNet,2,FaceBased,4,Full,5,0.001565273,0.161856771,0.378477991
SE-Conv-L2_FaceBased_R4.pth,AlexNet,2,FaceBased,4,Full,6,0,0.026347939,0.787163854
SE-Conv-L2_FaceBased_R4.pth,AlexNet,2,FaceBased,4,Full,7,0.059467617,0.14574872,0.262768626
SE-Conv-L2_FaceBased_R4.pth,AlexNet,2,FaceBased,4,Full,8,0.12497171,0.24289684,0.160986364
SE-Conv-L2_FaceBased_R4.pth,AlexNet,2,FaceBased,4,Full,9,0.011249502,0.212369353,0.332302243
SE-Conv-L2_FaceBased_R4.pth,AlexNet,2,FaceBased,4,Full,10,0.004383123,0.143068284,0.402046949
SE-Conv-L2_FaceBased_R4.pth,AlexNet,2,FaceBased,4,Full,11,0,0.040601373,0.483573765
SE-Conv-L2_FaceBased_R4.pth,AlexNet,2,FaceBased,4,Full,12,0,0.027372627,0.578510404
SE-Conv-L2_FaceBased_R4.pth,AlexNet,2,FaceBased,4,Full,13,0.003387589,0.080805168,0.314803213
SE-Conv-L2_FaceBased_R4.pth,AlexNet,2,FaceBased,4,Full,14,0.047551073,0.05903586,0.246733069
SE-Conv-L2_FaceBased_R4.pth,AlexNet,2,FaceBased,4,Full,15,0.055185493,0.069168426,0.225028902
SE-Conv-L2_FaceBased_R4.pth,AlexNet,2,FaceBased,4,Full,16,0.087859459,0.030502472,0.189365074
SE-Conv-L2_FaceBased_R4.pth,AlexNet,2,FaceBased,4,Full,17,0.044278871,0.079918735,0.280615866
SE-Conv-L2_FaceBased_R4.pth,AlexNet,2,FaceBased,4,Full,18,0.019201066,0.146246746,0.25145638
SE-Conv-L2_FaceBased_R4.pth,AlexNet,2,FaceBased,4,Full,19,0.000308403,0.144582167,0.3354702
SE-Conv-L2_FaceBased_R4.pth,AlexNet,2,FaceBased,4,Full,20,0.001214318,0.023834528,0.39157179
SE-Conv-L2_FaceBased_R4.pth,AlexNet,2,FaceBased,4,Full,21,0,0.021862911,0.367713779
SE-Conv-L2_FaceBased_R4.pth,AlexNet,2,FaceBased,4,M,1,0.31641686,0.044493865,0.007810207
SE-Conv-L2_FaceBased_R4.pth,AlexNet,2,FaceBased,4,M,2,0.281186581,0.052508123,0.017664723
SE-Conv-L2_FaceBased_R4.pth,AlexNet,2,FaceBased,4,M,3,0.286486059,0.066130176,0.008249143
SE-Conv-L2_FaceBased_R4.pth,AlexNet,2,FaceBased,4,M,4,0.294992089,0.063135147,0.02456204
SE-Conv-L2_FaceBased_R4.pth,AlexNet,2,FaceBased,4,M,5,0.427946329,0.052889176,0.008499117
SE-Conv-L2_FaceBased_R4.pth,AlexNet,2,FaceBased,4,M,6,0.34620285,0.023586249,0.035021797
SE-Conv-L2_FaceBased_R4.pth,AlexNet,2,FaceBased,4,M,7,0.250343502,0.093463175,0.06503021
SE-Conv-L2_FaceBased_R4.pth,AlexNet,2,FaceBased,4,M,8,0.321345896,0.024496574,0.072005719
SE-Conv-L2_FaceBased_R4.pth,AlexNet,2,FaceBased,4,M,9,0.2178635,0.060513321,0.090623036
SE-Conv-L2_FaceBased_R4.pth,AlexNet,2,FaceBased,4,M,10,0.239674851,0.069723748,0.091099411
SE-Conv-L2_FaceBased_R4.pth,AlexNet,2,FaceBased,4,M,11,0.186926872,0.055781338,0.124835558
SE-Conv-L2_FaceBased_R4.pth,AlexNet,2,FaceBased,4,M,12,0.169951111,0.080165222,0.10600087
SE-Conv-L2_FaceBased_R4.pth,AlexNet,2,FaceBased,4,M,13,0.000570969,0.144256294,0.184957832
SE-Conv-L2_FaceBased_R4.pth,AlexNet,2,FaceBased,4,M,14,0.093292877,0.184430823,0.106467739
SE-Conv-L2_FaceBased_R4.pth,AlexNet,2,FaceBased,4,M,15,0.178854883,0.163385153,0.049941566
SE-Conv-L2_FaceBased_R4.pth,AlexNet,2,FaceBased,4,M,16,0.130382285,0.088743046,0.101673082
SE-Conv-L2_FaceBased_R4.pth,AlexNet,2,FaceBased,4,M,17,0.219965622,0.104425102,0.057592183
SE-Conv-L2_FaceBased_R4.pth,AlexNet,2,FaceBased,4,M,18,0.214545459,0.082994193,0.070248969
SE-Conv-L2_FaceBased_R4.pth,AlexNet,2,FaceBased,4,M,19,0.248792022,0.076010227,0.077224202
SE-Conv-L2_FaceBased_R4.pth,AlexNet,2,FaceBased,4,M,20,0.251824915,0.040201802,0.079292484
SE-Conv-L2_FaceBased_R4.pth,AlexNet,2,FaceBased,4,M,21,0.235815048,0.01810473,0.074930184
SE-Conv-L2_FaceBased_R4.pth,AlexNet,2,FaceBased,4,N,1,0.082564324,0,0
SE-Conv-L2_FaceBased_R4.pth,AlexNet,2,FaceBased,4,N,2,0,0,0
SE-Conv-L2_FaceBased_R4.pth,AlexNet,2,FaceBased,4,N,3,0.02791102,0.011318452,0
SE-Conv-L2_FaceBased_R4.pth,AlexNet,2,FaceBased,4,N,4,0.0200285,0.032338012,0
SE-Conv-L2_FaceBased_R4.pth,AlexNet,2,FaceBased,4,N,5,0.015595801,0.017298462,0
SE-Conv-L2_FaceBased_R4.pth,AlexNet,2,FaceBased,4,N,6,0.021103971,0,0
SE-Conv-L2_FaceBased_R4.pth,AlexNet,2,FaceBased,4,N,7,0.010516686,0.033914845,0
SE-Conv-L2_FaceBased_R4.pth,AlexNet,2,FaceBased,4,N,8,0.030675754,0.084576108,0.063787542
SE-Conv-L2_FaceBased_R4.pth,AlexNet,2,FaceBased,4,N,9,0.008363194,0.117524885,0.050802696
SE-Conv-L2_FaceBased_R4.pth,AlexNet,2,FaceBased,4,N,10,0.005408118,0.122712336,0.042707913
SE-Conv-L2_FaceBased_R4.pth,AlexNet,2,FaceBased,4,N,11,0.009592378,0.109562933,0.034820098
SE-Conv-L2_FaceBased_R4.pth,AlexNet,2,FaceBased,4,N,12,0.005388082,0.122255281,0.014035318
SE-Conv-L2_FaceBased_R4.pth,AlexNet,2,FaceBased,4,N,13,0.006427494,0.044790208,0.037210796
SE-Conv-L2_FaceBased_R4.pth,AlexNet,2,FaceBased,4,N,14,0.001922547,0.058139876,0.048962574
SE-Conv-L2_FaceBased_R4.pth,AlexNet,2,FaceBased,4,N,15,0.060585793,0.048450172,0.101151317
SE-Conv-L2_FaceBased_R4.pth,AlexNet,2,FaceBased,4,N,16,0.018711383,0.057019945,0.109660827
SE-Conv-L2_FaceBased_R4.pth,AlexNet,2,FaceBased,4,N,17,0.006983876,0.056853395,0.132572562
SE-Conv-L2_FaceBased_R4.pth,AlexNet,2,FaceBased,4,N,18,0.043262858,0.038098689,0.127782166
SE-Conv-L2_FaceBased_R4.pth,AlexNet,2,FaceBased,4,N,19,0.099076137,0.017338891,0.051891427
SE-Conv-L2_FaceBased_R4.pth,AlexNet,2,FaceBased,4,N,20,0.040005576,0.061476484,0.009261522
SE-Conv-L2_FaceBased_R4.pth,AlexNet,2,FaceBased,4,N,21,0.033032566,0.043709654,0.022801895
SE-Conv-L2_ObjectBased_R4.pth,AlexNet,2,ObjectBased,4,E,1,0.002220147,0,0.000605608
SE-Conv-L2_ObjectBased_R4.pth,AlexNet,2,ObjectBased,4,E,2,0.008294069,5.65E-05,9.70E-05
SE-Conv-L2_ObjectBased_R4.pth,AlexNet,2,ObjectBased,4,E,3,0.003556304,0.035885856,0.002044308
SE-Conv-L2_ObjectBased_R4.pth,AlexNet,2,ObjectBased,4,E,4,0.001643747,0.013438717,0.004227055
SE-Conv-L2_ObjectBased_R4.pth,AlexNet,2,ObjectBased,4,E,5,0.000728119,0.008635427,0.00249703
SE-Conv-L2_ObjectBased_R4.pth,AlexNet,2,ObjectBased,4,E,6,0.001145746,0.034085907,0.003085012
SE-Conv-L2_ObjectBased_R4.pth,AlexNet,2,ObjectBased,4,E,7,0,0,0.002610235
SE-Conv-L2_ObjectBased_R4.pth,AlexNet,2,ObjectBased,4,E,8,0,0,5.56E-05
SE-Conv-L2_ObjectBased_R4.pth,AlexNet,2,ObjectBased,4,E,9,0,0.012980809,0.002745067
SE-Conv-L2_ObjectBased_R4.pth,AlexNet,2,ObjectBased,4,E,10,0,0.00105259,0.01592751
SE-Conv-L2_ObjectBased_R4.pth,AlexNet,2,ObjectBased,4,E,11,0,0,0.006832171
SE-Conv-L2_ObjectBased_R4.pth,AlexNet,2,ObjectBased,4,E,12,0,0,0.035486814
SE-Conv-L2_ObjectBased_R4.pth,AlexNet,2,ObjectBased,4,E,13,0,0,0.013618522
SE-Conv-L2_ObjectBased_R4.pth,AlexNet,2,ObjectBased,4,E,14,0,0,0.022230498
SE-Conv-L2_ObjectBased_R4.pth,AlexNet,2,ObjectBased,4,E,15,0,0,0.014533727
SE-Conv-L2_ObjectBased_R4.pth,AlexNet,2,ObjectBased,4,E,16,0,0,0.004151777
SE-Conv-L2_ObjectBased_R4.pth,AlexNet,2,ObjectBased,4,E,17,0,0,0
SE-Conv-L2_ObjectBased_R4.pth,AlexNet,2,ObjectBased,4,E,18,0,0,0.005616159
SE-Conv-L2_ObjectBased_R4.pth,AlexNet,2,ObjectBased,4,E,19,0.00011674,0.001438609,0.057584848
SE-Conv-L2_ObjectBased_R4.pth,AlexNet,2,ObjectBased,4,E,20,0,0,0.103085078
SE-Conv-L2_ObjectBased_R4.pth,AlexNet,2,ObjectBased,4,E,21,0.00124744,0,0.113216564
SE-Conv-L2_ObjectBased_R4.pth,AlexNet,2,ObjectBased,4,Full,1,0.020355692,0.071779728,0.074758232
SE-Conv-L2_ObjectBased_R4.pth,AlexNet,2,ObjectBased,4,Full,2,0.000844558,0.016696868,0.116408654
SE-Conv-L2_ObjectBased_R4.pth,AlexNet,2,ObjectBased,4,Full,3,0.000864462,0.018453443,0.147853971
SE-Conv-L2_ObjectBased_R4.pth,AlexNet,2,ObjectBased,4,Full,4,0.000517586,0.022754489,0.140086114
SE-Conv-L2_ObjectBased_R4.pth,AlexNet,2,ObjectBased,4,Full,5,0.002943478,0.028520592,0.127777025
SE-Conv-L2_ObjectBased_R4.pth,AlexNet,2,ObjectBased,4,Full,6,0.002670155,0.034533922,0.129480615
SE-Conv-L2_ObjectBased_R4.pth,AlexNet,2,ObjectBased,4,Full,7,0.013147808,0.052704331,0.140445367
SE-Conv-L2_ObjectBased_R4.pth,AlexNet,2,ObjectBased,4,Full,8,0.007247648,0.034969445,0.104756199
SE-Conv-L2_ObjectBased_R4.pth,AlexNet,2,ObjectBased,4,Full,9,0.002815956,0.015210013,0.120404877
SE-Conv-L2_ObjectBased_R4.pth,AlexNet,2,ObjectBased,4,Full,10,0.000321756,0.019262694,0.109742731
SE-Conv-L2_ObjectBased_R4.pth,AlexNet,2,ObjectBased,4,Full,11,0,0.021818321,0.228325292
SE-Conv-L2_ObjectBased_R4.pth,AlexNet,2,ObjectBased,4,Full,12,5.82E-05,0.028154241,0.144002408
SE-Conv-L2_ObjectBased_R4.pth,AlexNet,2,ObjectBased,4,Full,13,0.000915012,0.057709541,0.194752827
SE-Conv-L2_ObjectBased_R4.pth,AlexNet,2,ObjectBased,4,Full,14,0.008623403,0.106330805,0.202840477
SE-Conv-L2_ObjectBased_R4.pth,AlexNet,2,ObjectBased,4,Full,15,0.132317215,0.195071056,0.169417739
SE-Conv-L2_ObjectBased_R4.pth,AlexNet,2,ObjectBased,4,Full,16,0.323541671,0.184852004,0.0451038
SE-Conv-L2_ObjectBased_R4.pth,AlexNet,2,ObjectBased,4,Full,17,0.142897204,0.263015777,0.162300035
SE-Conv-L2_ObjectBased_R4.pth,AlexNet,2,ObjectBased,4,Full,18,0.211450621,0.181502461,0.080437392
SE-Conv-L2_ObjectBased_R4.pth,AlexNet,2,ObjectBased,4,Full,19,0.155471101,0.128561109,0.123925932
SE-Conv-L2_ObjectBased_R4.pth,AlexNet,2,ObjectBased,4,Full,20,0.046514377,0.022878204,0.163129523
SE-Conv-L2_ObjectBased_R4.pth,AlexNet,2,ObjectBased,4,Full,21,0.049778424,0.010227177,0.093049027
SE-Conv-L2_ObjectBased_R4.pth,AlexNet,2,ObjectBased,4,M,1,0.08973787,0.145695016,0.007125369
SE-Conv-L2_ObjectBased_R4.pth,AlexNet,2,ObjectBased,4,M,2,0.046686172,0.105432846,0.027351541
SE-Conv-L2_ObjectBased_R4.pth,AlexNet,2,ObjectBased,4,M,3,0.068846792,0.228261858,0.487461686
SE-Conv-L2_ObjectBased_R4.pth,AlexNet,2,ObjectBased,4,M,4,0.21004492,0.325238526,0.18007338
SE-Conv-L2_ObjectBased_R4.pth,AlexNet,2,ObjectBased,4,M,5,0.280165136,0.327032745,0.141255647
SE-Conv-L2_ObjectBased_R4.pth,AlexNet,2,ObjectBased,4,M,6,0,0.249200299,0.384449422
SE-Conv-L2_ObjectBased_R4.pth,AlexNet,2,ObjectBased,4,M,7,0.012616463,0.235026851,0.395506591
SE-Conv-L2_ObjectBased_R4.pth,AlexNet,2,ObjectBased,4,M,8,0.03164437,0.25425303,0.276872903
SE-Conv-L2_ObjectBased_R4.pth,AlexNet,2,ObjectBased,4,M,9,0.004347357,0.33660081,0.314027488
SE-Conv-L2_ObjectBased_R4.pth,AlexNet,2,ObjectBased,4,M,10,0.045086544,0.276263356,0.136783078
SE-Conv-L2_ObjectBased_R4.pth,AlexNet,2,ObjectBased,4,M,11,0.121665232,0.202162787,0.077644095
SE-Conv-L2_ObjectBased_R4.pth,AlexNet,2,ObjectBased,4,M,12,0.079210758,0.224933833,0.121011868
SE-Conv-L2_ObjectBased_R4.pth,AlexNet,2,ObjectBased,4,M,13,0.071008012,0.190121219,0.120929539
SE-Conv-L2_ObjectBased_R4.pth,AlexNet,2,ObjectBased,4,M,14,0.003013576,0.309643894,0.166012138
SE-Conv-L2_ObjectBased_R4.pth,AlexNet,2,ObjectBased,4,M,15,0.076085262,0.218240559,0.114476413
SE-Conv-L2_ObjectBased_R4.pth,AlexNet,2,ObjectBased,4,M,16,0.158804134,0.27089268,0.117559209
SE-Conv-L2_ObjectBased_R4.pth,AlexNet,2,ObjectBased,4,M,17,0.155002311,0.166235745,0.089621119
SE-Conv-L2_ObjectBased_R4.pth,AlexNet,2,ObjectBased,4,M,18,0.079129808,0.174136028,0.139038816
SE-Conv-L2_ObjectBased_R4.pth,AlexNet,2,ObjectBased,4,M,19,0.155672833,0.153355628,0.110677041
SE-Conv-L2_ObjectBased_R4.pth,AlexNet,2,ObjectBased,4,M,20,0.176249027,0.016816931,0.022276003
SE-Conv-L2_ObjectBased_R4.pth,AlexNet,2,ObjectBased,4,M,21,0.036291972,0.008377045,0.052496318
SE-Conv-L2_ObjectBased_R4.pth,AlexNet,2,ObjectBased,4,N,1,0.414997071,0.017741712,0.102082781
SE-Conv-L2_ObjectBased_R4.pth,AlexNet,2,ObjectBased,4,N,2,0.455192864,0.013390567,0.048492406
SE-Conv-L2_ObjectBased_R4.pth,AlexNet,2,ObjectBased,4,N,3,0.521625936,0.015209561,0.034980558
SE-Conv-L2_ObjectBased_R4.pth,AlexNet,2,ObjectBased,4,N,4,0.399466425,0.012608462,0.045928326
SE-Conv-L2_ObjectBased_R4.pth,AlexNet,2,ObjectBased,4,N,5,0.496110499,0.011058868,0.019480037
SE-Conv-L2_ObjectBased_R4.pth,AlexNet,2,ObjectBased,4,N,6,0.523076177,0.008311628,0.001878166
SE-Conv-L2_ObjectBased_R4.pth,AlexNet,2,ObjectBased,4,N,7,0.43865335,0.012359618,0.010437517
SE-Conv-L2_ObjectBased_R4.pth,AlexNet,2,ObjectBased,4,N,8,0.450633496,0.018390941,0.005411074
SE-Conv-L2_ObjectBased_R4.pth,AlexNet,2,ObjectBased,4,N,9,0.438628405,0.01205693,0.020569222
SE-Conv-L2_ObjectBased_R4.pth,AlexNet,2,ObjectBased,4,N,10,0.498389304,0.012018416,0.011787539
SE-Conv-L2_ObjectBased_R4.pth,AlexNet,2,ObjectBased,4,N,11,0.535485804,0.008520281,0.000408701
SE-Conv-L2_ObjectBased_R4.pth,AlexNet,2,ObjectBased,4,N,12,0.428388178,0.011141479,0.019579241
SE-Conv-L2_ObjectBased_R4.pth,AlexNet,2,ObjectBased,4,N,13,0.292234063,0.009525641,0.008434412
SE-Conv-L2_ObjectBased_R4.pth,AlexNet,2,ObjectBased,4,N,14,0.29133755,0.010039816,0.045065586
SE-Conv-L2_ObjectBased_R4.pth,AlexNet,2,ObjectBased,4,N,15,0.217407539,0.048793543,0.073491231
SE-Conv-L2_ObjectBased_R4.pth,AlexNet,2,ObjectBased,4,N,16,0.31813845,0.02113248,0.037705615
SE-Conv-L2_ObjectBased_R4.pth,AlexNet,2,ObjectBased,4,N,17,0.334913731,0.022616168,0.068628766
SE-Conv-L2_ObjectBased_R4.pth,AlexNet,2,ObjectBased,4,N,18,0.245737359,0.021388387,0.107417926
SE-Conv-L2_ObjectBased_R4.pth,AlexNet,2,ObjectBased,4,N,19,0.219860524,0.031812806,0.066924714
SE-Conv-L2_ObjectBased_R4.pth,AlexNet,2,ObjectBased,4,N,20,0.340133965,0.020881547,0.083684169
SE-Conv-L2_ObjectBased_R4.pth,AlexNet,2,ObjectBased,4,N,21,0.258076787,0.054619737,0.093661666
SE-Conv-L2_FaceBased_R8.pth,AlexNet,2,FaceBased,8,E,1,0.217914313,0.114176929,0.006176636
SE-Conv-L2_FaceBased_R8.pth,AlexNet,2,FaceBased,8,E,2,0.192015871,0.173441634,0.007368973
SE-Conv-L2_FaceBased_R8.pth,AlexNet,2,FaceBased,8,E,3,0.167819738,0.097172752,0.00512935
SE-Conv-L2_FaceBased_R8.pth,AlexNet,2,FaceBased,8,E,4,0.14652814,0.129149094,0.004715457
SE-Conv-L2_FaceBased_R8.pth,AlexNet,2,FaceBased,8,E,5,0.162562385,0.124617793,0.001904305
SE-Conv-L2_FaceBased_R8.pth,AlexNet,2,FaceBased,8,E,6,0.154283911,0.125694692,0.00537106
SE-Conv-L2_FaceBased_R8.pth,AlexNet,2,FaceBased,8,E,7,0.127992243,0.003693118,0.008980602
SE-Conv-L2_FaceBased_R8.pth,AlexNet,2,FaceBased,8,E,8,0.136790276,0.150557682,0.0193472
SE-Conv-L2_FaceBased_R8.pth,AlexNet,2,FaceBased,8,E,9,0.125989228,0.010576126,0.067026988
SE-Conv-L2_FaceBased_R8.pth,AlexNet,2,FaceBased,8,E,10,0.129559413,0.029432978,0.040204238
SE-Conv-L2_FaceBased_R8.pth,AlexNet,2,FaceBased,8,E,11,0.118028976,0.059103776,0.0741769
SE-Conv-L2_FaceBased_R8.pth,AlexNet,2,FaceBased,8,E,12,0.153741494,0.015402921,0.011569869
SE-Conv-L2_FaceBased_R8.pth,AlexNet,2,FaceBased,8,E,13,0.109572284,0.000357319,0.011182534
SE-Conv-L2_FaceBased_R8.pth,AlexNet,2,FaceBased,8,E,14,0.192991436,0.006094954,0.00749506
SE-Conv-L2_FaceBased_R8.pth,AlexNet,2,FaceBased,8,E,15,0.087856151,0.002306245,0.039281756
SE-Conv-L2_FaceBased_R8.pth,AlexNet,2,FaceBased,8,E,16,0.103927568,0.105697922,0.045211408
SE-Conv-L2_FaceBased_R8.pth,AlexNet,2,FaceBased,8,E,17,0.139491886,0.003794625,0.002273695
SE-Conv-L2_FaceBased_R8.pth,AlexNet,2,FaceBased,8,E,18,0.091550134,0.001087351,0.016559601
SE-Conv-L2_FaceBased_R8.pth,AlexNet,2,FaceBased,8,E,19,0.092584103,0.087739155,0.152763173
SE-Conv-L2_FaceBased_R8.pth,AlexNet,2,FaceBased,8,E,20,0.102503881,0.245597169,0.107651576
SE-Conv-L2_FaceBased_R8.pth,AlexNet,2,FaceBased,8,E,21,0.181874394,0.218564034,0.099895813
SE-Conv-L2_FaceBased_R8.pth,AlexNet,2,FaceBased,8,Full,1,0.316308022,0.090535872,0.001469506
SE-Conv-L2_FaceBased_R8.pth,AlexNet,2,FaceBased,8,Full,2,0.385580391,0.009495439,0.00036049
SE-Conv-L2_FaceBased_R8.pth,AlexNet,2,FaceBased,8,Full,3,0.327604055,0.040173046,0.000653644
SE-Conv-L2_FaceBased_R8.pth,AlexNet,2,FaceBased,8,Full,4,0.467949629,0.016759647,4.35E-05
SE-Conv-L2_FaceBased_R8.pth,AlexNet,2,FaceBased,8,Full,5,0.550704598,0.022431297,1.77E-05
SE-Conv-L2_FaceBased_R8.pth,AlexNet,2,FaceBased,8,Full,6,0.623203039,0.006592173,1.16E-06
SE-Conv-L2_FaceBased_R8.pth,AlexNet,2,FaceBased,8,Full,7,0.215809941,0.00859402,0.026699334
SE-Conv-L2_FaceBased_R8.pth,AlexNet,2,FaceBased,8,Full,8,0.139909595,0.003523858,0.033924665
SE-Conv-L2_FaceBased_R8.pth,AlexNet,2,FaceBased,8,Full,9,0.176399931,0.013243042,0.088909775
SE-Conv-L2_FaceBased_R8.pth,AlexNet,2,FaceBased,8,Full,10,0.17527692,0.007752249,0.090526938
SE-Conv-L2_FaceBased_R8.pth,AlexNet,2,FaceBased,8,Full,11,0.1450544,0.021974977,0.120209023
SE-Conv-L2_FaceBased_R8.pth,AlexNet,2,FaceBased,8,Full,12,0.194859952,0.008116238,0.02332226
SE-Conv-L2_FaceBased_R8.pth,AlexNet,2,FaceBased,8,Full,13,0.214161322,0.010891945,0.014598814
SE-Conv-L2_FaceBased_R8.pth,AlexNet,2,FaceBased,8,Full,14,0.110510282,0.031166861,0.008947648
SE-Conv-L2_FaceBased_R8.pth,AlexNet,2,FaceBased,8,Full,15,0.077855706,0.036183596,0.124364942
SE-Conv-L2_FaceBased_R8.pth,AlexNet,2,FaceBased,8,Full,16,0.112560533,0.12727052,0.093729362
SE-Conv-L2_FaceBased_R8.pth,AlexNet,2,FaceBased,8,Full,17,0.102942064,0.097103558,0.063340478
SE-Conv-L2_FaceBased_R8.pth,AlexNet,2,FaceBased,8,Full,18,0.000608855,0.100321047,0.09545397
SE-Conv-L2_FaceBased_R8.pth,AlexNet,2,FaceBased,8,Full,19,0.068617485,0.014226454,0.100511044
SE-Conv-L2_FaceBased_R8.pth,AlexNet,2,FaceBased,8,Full,20,0.015562043,0.106446058,0.144354984
SE-Conv-L2_FaceBased_R8.pth,AlexNet,2,FaceBased,8,Full,21,0.12643604,0.12481878,0.104051769
SE-Conv-L2_FaceBased_R8.pth,AlexNet,2,FaceBased,8,M,1,0.13248162,0.024093715,0.118970975
SE-Conv-L2_FaceBased_R8.pth,AlexNet,2,FaceBased,8,M,2,0.546578348,0.008457118,0.043595236
SE-Conv-L2_FaceBased_R8.pth,AlexNet,2,FaceBased,8,M,3,0.510428846,0.004084087,0.017968869
SE-Conv-L2_FaceBased_R8.pth,AlexNet,2,FaceBased,8,M,4,0.504907131,0.007686077,0.015760813
SE-Conv-L2_FaceBased_R8.pth,AlexNet,2,FaceBased,8,M,5,0.820007861,0,0
SE-Conv-L2_FaceBased_R8.pth,AlexNet,2,FaceBased,8,M,6,0.719058454,0.01152059,0.000116564
SE-Conv-L2_FaceBased_R8.pth,AlexNet,2,FaceBased,8,M,7,0.713370025,0.01513197,0
SE-Conv-L2_FaceBased_R8.pth,AlexNet,2,FaceBased,8,M,8,0.648312569,0.01275827,0
SE-Conv-L2_FaceBased_R8.pth,AlexNet,2,FaceBased,8,M,9,0.537545145,0.023610542,0.00118784
SE-Conv-L2_FaceBased_R8.pth,AlexNet,2,FaceBased,8,M,10,0.617336988,0.01995939,0
SE-Conv-L2_FaceBased_R8.pth,AlexNet,2,FaceBased,8,M,11,0.487731665,0.061996859,0.014036567
SE-Conv-L2_FaceBased_R8.pth,AlexNet,2,FaceBased,8,M,12,0.659569144,0.018834291,0.000764036
SE-Conv-L2_FaceBased_R8.pth,AlexNet,2,FaceBased,8,M,13,0.539018214,0.037193593,0.005945016
SE-Conv-L2_FaceBased_R8.pth,AlexNet,2,FaceBased,8,M,14,0.685196459,0.015956119,0
SE-Conv-L2_FaceBased_R8.pth,AlexNet,2,FaceBased,8,M,15,0.669478655,0.02439137,0
SE-Conv-L2_FaceBased_R8.pth,AlexNet,2,FaceBased,8,M,16,0.205750912,0.00254671,0.000943084
SE-Conv-L2_FaceBased_R8.pth,AlexNet,2,FaceBased,8,M,17,0.278825372,0.002097857,0.0015079
SE-Conv-L2_FaceBased_R8.pth,AlexNet,2,FaceBased,8,M,18,0.203525946,0,0
SE-Conv-L2_FaceBased_R8.pth,AlexNet,2,FaceBased,8,M,19,0.389975518,0.006206151,2.01E-05
SE-Conv-L2_FaceBased_R8.pth,AlexNet,2,FaceBased,8,M,20,0.313011527,0.00436147,0.00012924
SE-Conv-L2_FaceBased_R8.pth,AlexNet,2,FaceBased,8,M,21,0.292823404,0.018509045,0.004355192
SE-Conv-L2_FaceBased_R8.pth,AlexNet,2,FaceBased,8,N,1,0.164447263,0,0.000815481
SE-Conv-L2_FaceBased_R8.pth,AlexNet,2,FaceBased,8,N,2,0.443327487,0,1.80E-05
SE-Conv-L2_FaceBased_R8.pth,AlexNet,2,FaceBased,8,N,3,0.411467761,0,0
SE-Conv-L2_FaceBased_R8.pth,AlexNet,2,FaceBased,8,N,4,0.065144174,0,0.000408731
SE-Conv-L2_FaceBased_R8.pth,AlexNet,2,FaceBased,8,N,5,0.256113291,0.008974217,0.000572666
SE-Conv-L2_FaceBased_R8.pth,AlexNet,2,FaceBased,8,N,6,0.176735908,0.049832422,0.002247832
SE-Conv-L2_FaceBased_R8.pth,AlexNet,2,FaceBased,8,N,7,0.142734006,0.105457336,0.001575062
SE-Conv-L2_FaceBased_R8.pth,AlexNet,2,FaceBased,8,N,8,0.192430049,0.055193182,0.00079604
SE-Conv-L2_FaceBased_R8.pth,AlexNet,2,FaceBased,8,N,9,0.099358462,0.126905575,0.003791756
SE-Conv-L2_FaceBased_R8.pth,AlexNet,2,FaceBased,8,N,10,0.006180993,0.038667843,0.001131795
SE-Conv-L2_FaceBased_R8.pth,AlexNet,2,FaceBased,8,N,11,0.057719577,0.128586456,0.01480584
SE-Conv-L2_FaceBased_R8.pth,AlexNet,2,FaceBased,8,N,12,0.095616274,0.074500233,0.008815283
SE-Conv-L2_FaceBased_R8.pth,AlexNet,2,FaceBased,8,N,13,0.03748934,0.202304795,0.018945709
SE-Conv-L2_FaceBased_R8.pth,AlexNet,2,FaceBased,8,N,14,0.004951123,0.069487274,0.010447878
SE-Conv-L2_FaceBased_R8.pth,AlexNet,2,FaceBased,8,N,15,0.081911102,0.075635932,0.007447256
SE-Conv-L2_FaceBased_R8.pth,AlexNet,2,FaceBased,8,N,16,0.107163221,0.050790235,0.108055845
SE-Conv-L2_FaceBased_R8.pth,AlexNet,2,FaceBased,8,N,17,0.135213852,0.044298232,0.070212685
SE-Conv-L2_FaceBased_R8.pth,AlexNet,2,FaceBased,8,N,18,0.145009533,0.03745278,0.071355253
SE-Conv-L2_FaceBased_R8.pth,AlexNet,2,FaceBased,8,N,19,0.131355524,0.033533059,0.06988243
SE-Conv-L2_FaceBased_R8.pth,AlexNet,2,FaceBased,8,N,20,0.132032454,0.042161789,0.083459958
SE-Conv-L2_FaceBased_R8.pth,AlexNet,2,FaceBased,8,N,21,0.14279148,0.050093725,0.078323707
SE-Conv-L2_ObjectBased_R8.pth,AlexNet,2,ObjectBased,8,E,1,0.099688262,0.459773362,0.000405175
SE-Conv-L2_ObjectBased_R8.pth,AlexNet,2,ObjectBased,8,E,2,0.120025389,0.419649541,0.003555291
SE-Conv-L2_ObjectBased_R8.pth,AlexNet,2,ObjectBased,8,E,3,0.211266622,0.394623637,0.000189523
SE-Conv-L2_ObjectBased_R8.pth,AlexNet,2,ObjectBased,8,E,4,0.199749231,0.329606235,0.016355233
SE-Conv-L2_ObjectBased_R8.pth,AlexNet,2,ObjectBased,8,E,5,0.183495477,0.287601382,0.006806809
SE-Conv-L2_ObjectBased_R8.pth,AlexNet,2,ObjectBased,8,E,6,0.184524313,0.146639749,0.008559789
SE-Conv-L2_ObjectBased_R8.pth,AlexNet,2,ObjectBased,8,E,7,0.132925779,0.144539788,0.043490313
SE-Conv-L2_ObjectBased_R8.pth,AlexNet,2,ObjectBased,8,E,8,0.145800635,0.120015897,0.075946458
SE-Conv-L2_ObjectBased_R8.pth,AlexNet,2,ObjectBased,8,E,9,0.118610665,0.101556323,0.083095811
SE-Conv-L2_ObjectBased_R8.pth,AlexNet,2,ObjectBased,8,E,10,0.04487925,0.047231212,0.07810729
SE-Conv-L2_ObjectBased_R8.pth,AlexNet,2,ObjectBased,8,E,11,0.040915214,0.084754832,0.1294052
SE-Conv-L2_ObjectBased_R8.pth,AlexNet,2,ObjectBased,8,E,12,0.045659333,0.100105621,0.103364997
SE-Conv-L2_ObjectBased_R8.pth,AlexNet,2,ObjectBased,8,E,13,0.037791964,0.057208501,0.056541372
SE-Conv-L2_ObjectBased_R8.pth,AlexNet,2,ObjectBased,8,E,14,0.077632584,0.130780399,0.066126645
SE-Conv-L2_ObjectBased_R8.pth,AlexNet,2,ObjectBased,8,E,15,0.126869276,0.208405495,0.017132817
SE-Conv-L2_ObjectBased_R8.pth,AlexNet,2,ObjectBased,8,E,16,0.065639108,0.114201941,0.088224903
SE-Conv-L2_ObjectBased_R8.pth,AlexNet,2,ObjectBased,8,E,17,0.074313961,0.240732923,0.103406854
SE-Conv-L2_ObjectBased_R8.pth,AlexNet,2,ObjectBased,8,E,18,0.038379852,0.213662788,0.120362371
SE-Conv-L2_ObjectBased_R8.pth,AlexNet,2,ObjectBased,8,E,19,0.005709406,0.212314039,0.046579413
SE-Conv-L2_ObjectBased_R8.pth,AlexNet,2,ObjectBased,8,E,20,0.000512907,0.320185572,0.086140171
SE-Conv-L2_ObjectBased_R8.pth,AlexNet,2,ObjectBased,8,E,21,0,0.268633127,0.088669278
SE-Conv-L2_ObjectBased_R8.pth,AlexNet,2,ObjectBased,8,Full,1,0.031994294,0.001911646,0.4366422
SE-Conv-L2_ObjectBased_R8.pth,AlexNet,2,ObjectBased,8,Full,2,0.039556183,0.00126853,0.403534412
SE-Conv-L2_ObjectBased_R8.pth,AlexNet,2,ObjectBased,8,Full,3,0.070684262,0.007718812,0.148763999
SE-Conv-L2_ObjectBased_R8.pth,AlexNet,2,ObjectBased,8,Full,4,0.052543636,0.006482522,0.230067283
SE-Conv-L2_ObjectBased_R8.pth,AlexNet,2,ObjectBased,8,Full,5,0.066728994,0.003727931,0.185929447
SE-Conv-L2_ObjectBased_R8.pth,AlexNet,2,ObjectBased,8,Full,6,0.011043163,0.01002567,0.437588006
SE-Conv-L2_ObjectBased_R8.pth,AlexNet,2,ObjectBased,8,Full,7,0.033505809,0.025402363,0.285281807
SE-Conv-L2_ObjectBased_R8.pth,AlexNet,2,ObjectBased,8,Full,8,0.006557403,0.019720225,0.008327038
SE-Conv-L2_ObjectBased_R8.pth,AlexNet,2,ObjectBased,8,Full,9,0.027453812,0.027097473,0.372095704
SE-Conv-L2_ObjectBased_R8.pth,AlexNet,2,ObjectBased,8,Full,10,0.013585815,0.02137747,0.047048699
SE-Conv-L2_ObjectBased_R8.pth,AlexNet,2,ObjectBased,8,Full,11,0.053310532,0.075532161,0.060548037
SE-Conv-L2_ObjectBased_R8.pth,AlexNet,2,ObjectBased,8,Full,12,0.005710784,0.025128715,0.074717857
SE-Conv-L2_ObjectBased_R8.pth,AlexNet,2,ObjectBased,8,Full,13,0.003872763,0.02540567,0.054524347
SE-Conv-L2_ObjectBased_R8.pth,AlexNet,2,ObjectBased,8,Full,14,0.001521514,0.038346011,0.086965062
SE-Conv-L2_ObjectBased_R8.pth,AlexNet,2,ObjectBased,8,Full,15,0.013199523,0.054613087,0.113780655
SE-Conv-L2_ObjectBased_R8.pth,AlexNet,2,ObjectBased,8,Full,16,0.000955297,0.036553551,0.133998886
SE-Conv-L2_ObjectBased_R8.pth,AlexNet,2,ObjectBased,8,Full,17,0.002737131,0.098523676,0.149097323
SE-Conv-L2_ObjectBased_R8.pth,AlexNet,2,ObjectBased,8,Full,18,0.013227556,0.079099767,0.054501619
SE-Conv-L2_ObjectBased_R8.pth,AlexNet,2,ObjectBased,8,Full,19,0.004875279,0.067366503,0.091593802
SE-Conv-L2_ObjectBased_R8.pth,AlexNet,2,ObjectBased,8,Full,20,0.842030406,0,0
SE-Conv-L2_ObjectBased_R8.pth,AlexNet,2,ObjectBased,8,Full,21,0.394265115,0,4.28E-06
SE-Conv-L2_ObjectBased_R8.pth,AlexNet,2,ObjectBased,8,M,1,0.275366604,0.114005908,0.064271063
SE-Conv-L2_ObjectBased_R8.pth,AlexNet,2,ObjectBased,8,M,2,0.188990861,0.211667284,0.05251671
SE-Conv-L2_ObjectBased_R8.pth,AlexNet,2,ObjectBased,8,M,3,0.201453015,0.187156469,0.065629177
SE-Conv-L2_ObjectBased_R8.pth,AlexNet,2,ObjectBased,8,M,4,0.179492772,0.279368788,0.044027779
SE-Conv-L2_ObjectBased_R8.pth,AlexNet,2,ObjectBased,8,M,5,0.358052492,0.1191983,0.001763657
SE-Conv-L2_ObjectBased_R8.pth,AlexNet,2,ObjectBased,8,M,6,0.251392096,0.230052054,0.00424516
SE-Conv-L2_ObjectBased_R8.pth,AlexNet,2,ObjectBased,8,M,7,0.290400237,0.047068045,0
SE-Conv-L2_ObjectBased_R8.pth,AlexNet,2,ObjectBased,8,M,8,0.460480005,0.026948981,0
SE-Conv-L2_ObjectBased_R8.pth,AlexNet,2,ObjectBased,8,M,9,0.331285954,0.002130747,0
SE-Conv-L2_ObjectBased_R8.pth,AlexNet,2,ObjectBased,8,M,10,0.344966233,0.064752012,0
SE-Conv-L2_ObjectBased_R8.pth,AlexNet,2,ObjectBased,8,M,11,0.336395979,0.065569863,0
SE-Conv-L2_ObjectBased_R8.pth,AlexNet,2,ObjectBased,8,M,12,0.209344342,0.124091968,0
SE-Conv-L2_ObjectBased_R8.pth,AlexNet,2,ObjectBased,8,M,13,0.431908995,0.165401429,0
SE-Conv-L2_ObjectBased_R8.pth,AlexNet,2,ObjectBased,8,M,14,0.789435863,0,0
SE-Conv-L2_ObjectBased_R8.pth,AlexNet,2,ObjectBased,8,M,15,0.495196998,0,0
SE-Conv-L2_ObjectBased_R8.pth,AlexNet,2,ObjectBased,8,M,16,0.74118197,0,0
SE-Conv-L2_ObjectBased_R8.pth,AlexNet,2,ObjectBased,8,M,17,0.094933875,0.057426788,0.02115027
SE-Conv-L2_ObjectBased_R8.pth,AlexNet,2,ObjectBased,8,M,18,0.306813419,0.101359397,0.001158024
SE-Conv-L2_ObjectBased_R8.pth,AlexNet,2,ObjectBased,8,M,19,0.683503151,0.052030466,0
SE-Conv-L2_ObjectBased_R8.pth,AlexNet,2,ObjectBased,8,M,20,0.32968843,0.062082566,0.011084982
SE-Conv-L2_ObjectBased_R8.pth,AlexNet,2,ObjectBased,8,M,21,0.233267441,0.110252135,0.003125323
SE-Conv-L2_ObjectBased_R8.pth,AlexNet,2,ObjectBased,8,N,1,0.124249227,0.245155036,0.099106029
SE-Conv-L2_ObjectBased_R8.pth,AlexNet,2,ObjectBased,8,N,2,0.372356534,0.161459684,0.044159502
SE-Conv-L2_ObjectBased_R8.pth,AlexNet,2,ObjectBased,8,N,3,0.111327313,0.267118931,0.006221397
SE-Conv-L2_ObjectBased_R8.pth,AlexNet,2,ObjectBased,8,N,4,0.394547224,0.161985099,0.008018082
SE-Conv-L2_ObjectBased_R8.pth,AlexNet,2,ObjectBased,8,N,5,0.305926383,0.205447733,0.013855746
SE-Conv-L2_ObjectBased_R8.pth,AlexNet,2,ObjectBased,8,N,6,0.240377635,0.233068421,0.018729687
SE-Conv-L2_ObjectBased_R8.pth,AlexNet,2,ObjectBased,8,N,7,0.225560322,0.19678326,0.07139957
SE-Conv-L2_ObjectBased_R8.pth,AlexNet,2,ObjectBased,8,N,8,0.176690698,0.206426099,0.079868004
SE-Conv-L2_ObjectBased_R8.pth,AlexNet,2,ObjectBased,8,N,9,0.179102674,0.260485709,0.050564267
SE-Conv-L2_ObjectBased_R8.pth,AlexNet,2,ObjectBased,8,N,10,0.175537303,0.211253777,0.085343212
SE-Conv-L2_ObjectBased_R8.pth,AlexNet,2,ObjectBased,8,N,11,0.204630643,0.186093226,0.077125572
SE-Conv-L2_ObjectBased_R8.pth,AlexNet,2,ObjectBased,8,N,12,0.303954244,0.145972207,0.063016534
SE-Conv-L2_ObjectBased_R8.pth,AlexNet,2,ObjectBased,8,N,13,0.258097738,0.193640903,0.025827723
SE-Conv-L2_ObjectBased_R8.pth,AlexNet,2,ObjectBased,8,N,14,0.2604855,0.181369171,0.030345164
SE-Conv-L2_ObjectBased_R8.pth,AlexNet,2,ObjectBased,8,N,15,0.245762289,0.13268061,0.035746999
SE-Conv-L2_ObjectBased_R8.pth,AlexNet,2,ObjectBased,8,N,16,0.279677898,0.202573344,0.028405108
SE-Conv-L2_ObjectBased_R8.pth,AlexNet,2,ObjectBased,8,N,17,0.452457428,0.069041818,0.051091678
SE-Conv-L2_ObjectBased_R8.pth,AlexNet,2,ObjectBased,8,N,18,0.338586122,0.083941534,0.044670496
SE-Conv-L2_ObjectBased_R8.pth,AlexNet,2,ObjectBased,8,N,19,0.250822812,0.101507463,0.093071729
SE-Conv-L2_ObjectBased_R8.pth,AlexNet,2,ObjectBased,8,N,20,0.274321467,0.152680531,0.052229673
SE-Conv-L2_ObjectBased_R8.pth,AlexNet,2,ObjectBased,8,N,21,0.22163631,0.193353608,0.119005702
SE-Conv-L2_FaceBased_R16.pth,AlexNet,2,FaceBased,16,E,1,0.002608152,0.000432522,0.019639818
SE-Conv-L2_FaceBased_R16.pth,AlexNet,2,FaceBased,16,E,2,0.011235495,0.01072413,0.037534982
SE-Conv-L2_FaceBased_R16.pth,AlexNet,2,FaceBased,16,E,3,0.062620923,0.122274563,0.224529147
SE-Conv-L2_FaceBased_R16.pth,AlexNet,2,FaceBased,16,E,4,0.141544864,0.002047999,0.145767659
SE-Conv-L2_FaceBased_R16.pth,AlexNet,2,FaceBased,16,E,5,0.147393107,0.001911513,0.043653157
SE-Conv-L2_FaceBased_R16.pth,AlexNet,2,FaceBased,16,E,6,0.005857606,0.048681907,0.288999796
SE-Conv-L2_FaceBased_R16.pth,AlexNet,2,FaceBased,16,E,7,0.087398939,0.1282814,0.159796461
SE-Conv-L2_FaceBased_R16.pth,AlexNet,2,FaceBased,16,E,8,0.00713833,0.096729189,0.406265557
SE-Conv-L2_FaceBased_R16.pth,AlexNet,2,FaceBased,16,E,9,0.00035495,0.141049996,0.394640237
SE-Conv-L2_FaceBased_R16.pth,AlexNet,2,FaceBased,16,E,10,0,0.051045511,0.19961454
SE-Conv-L2_FaceBased_R16.pth,AlexNet,2,FaceBased,16,E,11,0,0.469745338,0.070440106
SE-Conv-L2_FaceBased_R16.pth,AlexNet,2,FaceBased,16,E,12,0,0,0
SE-Conv-L2_FaceBased_R16.pth,AlexNet,2,FaceBased,16,E,13,0.003197683,0.766339958,0
SE-Conv-L2_FaceBased_R16.pth,AlexNet,2,FaceBased,16,E,14,0.005697348,0.536391735,0.000265233
SE-Conv-L2_FaceBased_R16.pth,AlexNet,2,FaceBased,16,E,15,0.04599632,0.143431038,0
SE-Conv-L2_FaceBased_R16.pth,AlexNet,2,FaceBased,16,E,16,0.094980143,0.418019801,0.003176572
SE-Conv-L2_FaceBased_R16.pth,AlexNet,2,FaceBased,16,E,17,0.058389254,0.394035488,0.018926943
SE-Conv-L2_FaceBased_R16.pth,AlexNet,2,FaceBased,16,E,18,0.010868475,0.307443261,0.055543218
SE-Conv-L2_FaceBased_R16.pth,AlexNet,2,FaceBased,16,E,19,0.065097898,0.446920335,0.011796739
SE-Conv-L2_FaceBased_R16.pth,AlexNet,2,FaceBased,16,E,20,0.054070685,0.347422034,0.072995991
SE-Conv-L2_FaceBased_R16.pth,AlexNet,2,FaceBased,16,E,21,0.022876203,0.018388703,0.15607889
SE-Conv-L2_FaceBased_R16.pth,AlexNet,2,FaceBased,16,Full,1,0.358615488,0.099799506,0
SE-Conv-L2_FaceBased_R16.pth,AlexNet,2,FaceBased,16,Full,2,0.290884763,0.20406355,0
SE-Conv-L2_FaceBased_R16.pth,AlexNet,2,FaceBased,16,Full,3,0.002687674,3.43E-05,0.002658229
SE-Conv-L2_FaceBased_R16.pth,AlexNet,2,FaceBased,16,Full,4,0.006398485,0.001073766,0.061628275
SE-Conv-L2_FaceBased_R16.pth,AlexNet,2,FaceBased,16,Full,5,0.006245713,0.000537289,0.003001638
SE-Conv-L2_FaceBased_R16.pth,AlexNet,2,FaceBased,16,Full,6,0.009119607,0.001806092,0.015853688
SE-Conv-L2_FaceBased_R16.pth,AlexNet,2,FaceBased,16,Full,7,0.012654816,0.002059253,0.098126166
SE-Conv-L2_FaceBased_R16.pth,AlexNet,2,FaceBased,16,Full,8,0.002110212,0.003114582,0.002582261
SE-Conv-L2_FaceBased_R16.pth,AlexNet,2,FaceBased,16,Full,9,0.023823813,0.005030272,0.001342109
SE-Conv-L2_FaceBased_R16.pth,AlexNet,2,FaceBased,16,Full,10,0.073280871,0.001654201,0.151480332
SE-Conv-L2_FaceBased_R16.pth,AlexNet,2,FaceBased,16,Full,11,0.007525055,0.000360733,0.187079951
SE-Conv-L2_FaceBased_R16.pth,AlexNet,2,FaceBased,16,Full,12,0.012719486,0.000806741,0.090747118
SE-Conv-L2_FaceBased_R16.pth,AlexNet,2,FaceBased,16,Full,13,0.001271983,0,1.44E-06
SE-Conv-L2_FaceBased_R16.pth,AlexNet,2,FaceBased,16,Full,14,0.004518382,1.26E-05,0.000189291
SE-Conv-L2_FaceBased_R16.pth,AlexNet,2,FaceBased,16,Full,15,0.002919872,0,0.000903669
SE-Conv-L2_FaceBased_R16.pth,AlexNet,2,FaceBased,16,Full,16,0.026963424,0.008053849,0.041079253
SE-Conv-L2_FaceBased_R16.pth,AlexNet,2,FaceBased,16,Full,17,0.130865097,0.115377426,0.130085647
SE-Conv-L2_FaceBased_R16.pth,AlexNet,2,FaceBased,16,Full,18,0.093674824,0.125897914,0.150813401
SE-Conv-L2_FaceBased_R16.pth,AlexNet,2,FaceBased,16,Full,19,0.139861837,0.074647956,0.123047195
SE-Conv-L2_FaceBased_R16.pth,AlexNet,2,FaceBased,16,Full,20,0.097065397,0.070086069,0.134874895
SE-Conv-L2_FaceBased_R16.pth,AlexNet,2,FaceBased,16,Full,21,0.034415856,0.415292233,0.026833342
SE-Conv-L2_FaceBased_R16.pth,AlexNet,2,FaceBased,16,M,1,0.079941928,0.051879354,0.134703055
SE-Conv-L2_FaceBased_R16.pth,AlexNet,2,FaceBased,16,M,2,0.090227731,0.050746094,0.114550889
SE-Conv-L2_FaceBased_R16.pth,AlexNet,2,FaceBased,16,M,3,0.086297065,0.033410672,0.098773554
SE-Conv-L2_FaceBased_R16.pth,AlexNet,2,FaceBased,16,M,4,0.108135067,0.045263287,0.115241468
SE-Conv-L2_FaceBased_R16.pth,AlexNet,2,FaceBased,16,M,5,0.108742312,0.024393452,0.112765737
SE-Conv-L2_FaceBased_R16.pth,AlexNet,2,FaceBased,16,M,6,0.101988725,0.058157761,0.108063236
SE-Conv-L2_FaceBased_R16.pth,AlexNet,2,FaceBased,16,M,7,0.076775745,0.059453886,0.122057363
SE-Conv-L2_FaceBased_R16.pth,AlexNet,2,FaceBased,16,M,8,0.112798154,0.037108216,0.100670278
SE-Conv-L2_FaceBased_R16.pth,AlexNet,2,FaceBased,16,M,9,0.050671946,0.054582287,0.134218812
SE-Conv-L2_FaceBased_R16.pth,AlexNet,2,FaceBased,16,M,10,0.103841335,0.044043642,0.074484438
SE-Conv-L2_FaceBased_R16.pth,AlexNet,2,FaceBased,16,M,11,0.015451926,0.043383271,0.100026585
SE-Conv-L2_FaceBased_R16.pth,AlexNet,2,FaceBased,16,M,12,0.031921294,0.012063273,0.045105666
SE-Conv-L2_FaceBased_R16.pth,AlexNet,2,FaceBased,16,M,13,0.020592909,0,0.05560381
SE-Conv-L2_FaceBased_R16.pth,AlexNet,2,FaceBased,16,M,14,0.003584845,0.023168346,0.099374242
SE-Conv-L2_FaceBased_R16.pth,AlexNet,2,FaceBased,16,M,15,0.007741447,0.021623669,0.061434146
SE-Conv-L2_FaceBased_R16.pth,AlexNet,2,FaceBased,16,M,16,0.017532567,0.024745353,0.10521923
SE-Conv-L2_FaceBased_R16.pth,AlexNet,2,FaceBased,16,M,17,0.020153118,0.034003828,0.102959484
SE-Conv-L2_FaceBased_R16.pth,AlexNet,2,FaceBased,16,M,18,0.068116881,0.001852541,0.04405107
SE-Conv-L2_FaceBased_R16.pth,AlexNet,2,FaceBased,16,M,19,0.008859124,0.000318244,0.009965431
SE-Conv-L2_FaceBased_R16.pth,AlexNet,2,FaceBased,16,M,20,0.002526487,0.001333176,0.105300151
SE-Conv-L2_FaceBased_R16.pth,AlexNet,2,FaceBased,16,M,21,0.001033499,0.00190822,0.105307579
SE-Conv-L2_FaceBased_R16.pth,AlexNet,2,FaceBased,16,N,1,0.093444563,0.099541187,0.112346724
SE-Conv-L2_FaceBased_R16.pth,AlexNet,2,FaceBased,16,N,2,0.080912627,0.095614463,0.10115575
SE-Conv-L2_FaceBased_R16.pth,AlexNet,2,FaceBased,16,N,3,0.114598647,0.090720512,0.109753549
SE-Conv-L2_FaceBased_R16.pth,AlexNet,2,FaceBased,16,N,4,0.121836439,0.093234599,0.108838424
SE-Conv-L2_FaceBased_R16.pth,AlexNet,2,FaceBased,16,N,5,0.130424887,0.084877416,0.11004658
SE-Conv-L2_FaceBased_R16.pth,AlexNet,2,FaceBased,16,N,6,0.140847504,0.098015755,0.108964741
SE-Conv-L2_FaceBased_R16.pth,AlexNet,2,FaceBased,16,N,7,0.142788947,0.088278539,0.105731539
SE-Conv-L2_FaceBased_R16.pth,AlexNet,2,FaceBased,16,N,8,0.125497371,0.092619263,0.139551312
SE-Conv-L2_FaceBased_R16.pth,AlexNet,2,FaceBased,16,N,9,0.214301363,0.073467381,0.113294952
SE-Conv-L2_FaceBased_R16.pth,AlexNet,2,FaceBased,16,N,10,0.157990158,0.077940382,0.151483476
SE-Conv-L2_FaceBased_R16.pth,AlexNet,2,FaceBased,16,N,11,0.164804742,0.047730893,0.162574381
SE-Conv-L2_FaceBased_R16.pth,AlexNet,2,FaceBased,16,N,12,0.133050486,0.03276388,0.227485746
SE-Conv-L2_FaceBased_R16.pth,AlexNet,2,FaceBased,16,N,13,0.020912105,0.001729743,0.453307956
SE-Conv-L2_FaceBased_R16.pth,AlexNet,2,FaceBased,16,N,14,0.179468051,0.025356261,0.142706111
SE-Conv-L2_FaceBased_R16.pth,AlexNet,2,FaceBased,16,N,15,0.254222691,0.011302852,0.197433934
SE-Conv-L2_FaceBased_R16.pth,AlexNet,2,FaceBased,16,N,16,0.202651694,0.087354653,0.098309234
SE-Conv-L2_FaceBased_R16.pth,AlexNet,2,FaceBased,16,N,17,0.169223547,0.062734589,0.088285424
SE-Conv-L2_FaceBased_R16.pth,AlexNet,2,FaceBased,16,N,18,0.154182807,0.050926145,0.086293057
SE-Conv-L2_FaceBased_R16.pth,AlexNet,2,FaceBased,16,N,19,0.220164195,0.0360156,0.078083344
SE-Conv-L2_FaceBased_R16.pth,AlexNet,2,FaceBased,16,N,20,0.309261471,0.043269113,0.057995524
SE-Conv-L2_FaceBased_R16.pth,AlexNet,2,FaceBased,16,N,21,0.323357671,0.02278229,0.013734008
SE-Conv-L2_ObjectBased_R16.pth,AlexNet,2,ObjectBased,16,E,1,0.271681756,0.037511084,0.01012574
SE-Conv-L2_ObjectBased_R16.pth,AlexNet,2,ObjectBased,16,E,2,0.163732663,0.024700204,0.014996066
SE-Conv-L2_ObjectBased_R16.pth,AlexNet,2,ObjectBased,16,E,3,0.226374865,0.014731545,0.003874791
SE-Conv-L2_ObjectBased_R16.pth,AlexNet,2,ObjectBased,16,E,4,0.189014509,0.020012673,0.014632761
SE-Conv-L2_ObjectBased_R16.pth,AlexNet,2,ObjectBased,16,E,5,0.254362792,0.019003116,0.003730674
SE-Conv-L2_ObjectBased_R16.pth,AlexNet,2,ObjectBased,16,E,6,0.264681101,0.017977394,0.00272384
SE-Conv-L2_ObjectBased_R16.pth,AlexNet,2,ObjectBased,16,E,7,0.256678402,0.012369044,0.001531679
SE-Conv-L2_ObjectBased_R16.pth,AlexNet,2,ObjectBased,16,E,8,0.269937038,0.014993448,0.001436564
SE-Conv-L2_ObjectBased_R16.pth,AlexNet,2,ObjectBased,16,E,9,0.284870237,0.015468951,0.000932536
SE-Conv-L2_ObjectBased_R16.pth,AlexNet,2,ObjectBased,16,E,10,0.295760661,0.025596937,0.001838457
SE-Conv-L2_ObjectBased_R16.pth,AlexNet,2,ObjectBased,16,E,11,0.299841464,0.021257589,0.001890307
SE-Conv-L2_ObjectBased_R16.pth,AlexNet,2,ObjectBased,16,E,12,0.260816813,0.026574206,0.002937871
SE-Conv-L2_ObjectBased_R16.pth,AlexNet,2,ObjectBased,16,E,13,0.229406476,0.026815664,0.006216923
SE-Conv-L2_ObjectBased_R16.pth,AlexNet,2,ObjectBased,16,E,14,0.343070239,0.021504654,0.002001263
SE-Conv-L2_ObjectBased_R16.pth,AlexNet,2,ObjectBased,16,E,15,0.20899342,0.017140554,0.02780949
SE-Conv-L2_ObjectBased_R16.pth,AlexNet,2,ObjectBased,16,E,16,0.3305915,0.016785622,0.005094324
SE-Conv-L2_ObjectBased_R16.pth,AlexNet,2,ObjectBased,16,E,17,0.406918406,0.041883901,3.02E-07
SE-Conv-L2_ObjectBased_R16.pth,AlexNet,2,ObjectBased,16,E,18,0.350293279,0.035660632,0.014612514
SE-Conv-L2_ObjectBased_R16.pth,AlexNet,2,ObjectBased,16,E,19,0.300024629,0.03073439,0.016522776
SE-Conv-L2_ObjectBased_R16.pth,AlexNet,2,ObjectBased,16,E,20,0.353508949,0.035403043,0.002568406
SE-Conv-L2_ObjectBased_R16.pth,AlexNet,2,ObjectBased,16,E,21,0.306396931,0.03543964,0.001477985
SE-Conv-L2_ObjectBased_R16.pth,AlexNet,2,ObjectBased,16,Full,1,0.062794,0.066092953,0.069634192
SE-Conv-L2_ObjectBased_R16.pth,AlexNet,2,ObjectBased,16,Full,2,0.06023534,0.08035066,0.075607911
SE-Conv-L2_ObjectBased_R16.pth,AlexNet,2,ObjectBased,16,Full,3,0.029679332,0.080367371,0.062770173
SE-Conv-L2_ObjectBased_R16.pth,AlexNet,2,ObjectBased,16,Full,4,0.021767005,0.151570812,0.063676096
SE-Conv-L2_ObjectBased_R16.pth,AlexNet,2,ObjectBased,16,Full,5,0.043717314,0.121911094,0.075945169
SE-Conv-L2_ObjectBased_R16.pth,AlexNet,2,ObjectBased,16,Full,6,0.082632124,0.016154706,0.055561669
SE-Conv-L2_ObjectBased_R16.pth,AlexNet,2,ObjectBased,16,Full,7,0.017563829,0.035782509,0.06699267
SE-Conv-L2_ObjectBased_R16.pth,AlexNet,2,ObjectBased,16,Full,8,0.007881081,0.006490402,0.101694405
SE-Conv-L2_ObjectBased_R16.pth,AlexNet,2,ObjectBased,16,Full,9,0.010940666,0.013945087,0.05976693
SE-Conv-L2_ObjectBased_R16.pth,AlexNet,2,ObjectBased,16,Full,10,0.010369834,1.15E-05,0.042066175
SE-Conv-L2_ObjectBased_R16.pth,AlexNet,2,ObjectBased,16,Full,11,0.018691935,0.021194974,0.026548425
SE-Conv-L2_ObjectBased_R16.pth,AlexNet,2,ObjectBased,16,Full,12,0.007439381,0.000153724,0.083340012
SE-Conv-L2_ObjectBased_R16.pth,AlexNet,2,ObjectBased,16,Full,13,0.001687061,0.008721911,0.057482012
SE-Conv-L2_ObjectBased_R16.pth,AlexNet,2,ObjectBased,16,Full,14,0.005600816,0,0.002192889
SE-Conv-L2_ObjectBased_R16.pth,AlexNet,2,ObjectBased,16,Full,15,0.028777618,0,0.013683924
SE-Conv-L2_ObjectBased_R16.pth,AlexNet,2,ObjectBased,16,Full,16,0,0,0.138934687
SE-Conv-L2_ObjectBased_R16.pth,AlexNet,2,ObjectBased,16,Full,17,0,0,0.062206112
SE-Conv-L2_ObjectBased_R16.pth,AlexNet,2,ObjectBased,16,Full,18,0,0,0
SE-Conv-L2_ObjectBased_R16.pth,AlexNet,2,ObjectBased,16,Full,19,0,0.08060275,0
SE-Conv-L2_ObjectBased_R16.pth,AlexNet,2,ObjectBased,16,Full,20,0.019793548,0.074727669,0.007650672
SE-Conv-L2_ObjectBased_R16.pth,AlexNet,2,ObjectBased,16,Full,21,0,0,0.318702996
SE-Conv-L2_ObjectBased_R16.pth,AlexNet,2,ObjectBased,16,M,1,0,0,0.601580501
SE-Conv-L2_ObjectBased_R16.pth,AlexNet,2,ObjectBased,16,M,2,0,0.000107596,0.495728135
SE-Conv-L2_ObjectBased_R16.pth,AlexNet,2,ObjectBased,16,M,3,0.166493684,0.004647739,0.085316077
SE-Conv-L2_ObjectBased_R16.pth,AlexNet,2,ObjectBased,16,M,4,0.201593921,0,0.293523103
SE-Conv-L2_ObjectBased_R16.pth,AlexNet,2,ObjectBased,16,M,5,0.070586026,0,0.085499123
SE-Conv-L2_ObjectBased_R16.pth,AlexNet,2,ObjectBased,16,M,6,0,0,0.005698738
SE-Conv-L2_ObjectBased_R16.pth,AlexNet,2,ObjectBased,16,M,7,0,0.02191503,0.005486254
SE-Conv-L2_ObjectBased_R16.pth,AlexNet,2,ObjectBased,16,M,8,0,0.008513425,0.036553763
SE-Conv-L2_ObjectBased_R16.pth,AlexNet,2,ObjectBased,16,M,9,0,0.033264663,0.056677196
SE-Conv-L2_ObjectBased_R16.pth,AlexNet,2,ObjectBased,16,M,10,0,0,0
SE-Conv-L2_ObjectBased_R16.pth,AlexNet,2,ObjectBased,16,M,11,0,0.078437664,0.07985191
SE-Conv-L2_ObjectBased_R16.pth,AlexNet,2,ObjectBased,16,M,12,0,0.021747708,0.114816867
SE-Conv-L2_ObjectBased_R16.pth,AlexNet,2,ObjectBased,16,M,13,0.001204674,0.048346903,0.0887831
SE-Conv-L2_ObjectBased_R16.pth,AlexNet,2,ObjectBased,16,M,14,0.00282302,0.005675895,0.096105389
SE-Conv-L2_ObjectBased_R16.pth,AlexNet,2,ObjectBased,16,M,15,0.001625096,0.026761848,0.160114348
SE-Conv-L2_ObjectBased_R16.pth,AlexNet,2,ObjectBased,16,M,16,0,0.005008948,0.158744141
SE-Conv-L2_ObjectBased_R16.pth,AlexNet,2,ObjectBased,16,M,17,0,0.007817579,0.081474915
SE-Conv-L2_ObjectBased_R16.pth,AlexNet,2,ObjectBased,16,M,18,0,0.042295765,0.331433803
SE-Conv-L2_ObjectBased_R16.pth,AlexNet,2,ObjectBased,16,M,19,0,0.000794838,0.405004919
SE-Conv-L2_ObjectBased_R16.pth,AlexNet,2,ObjectBased,16,M,20,0,0.000769093,0.418192983
SE-Conv-L2_ObjectBased_R16.pth,AlexNet,2,ObjectBased,16,M,21,0,0,0.601580501
SE-Conv-L2_ObjectBased_R16.pth,AlexNet,2,ObjectBased,16,N,1,0.002139974,0.02028279,0.150255024
SE-Conv-L2_ObjectBased_R16.pth,AlexNet,2,ObjectBased,16,N,2,0.002446879,0.011692554,0.093736999
SE-Conv-L2_ObjectBased_R16.pth,AlexNet,2,ObjectBased,16,N,3,0.006218988,0.029361844,0.059370864
SE-Conv-L2_ObjectBased_R16.pth,AlexNet,2,ObjectBased,16,N,4,0.042046063,0.352579534,0.03875611
SE-Conv-L2_ObjectBased_R16.pth,AlexNet,2,ObjectBased,16,N,5,0.036456067,0.32772243,0.04769725
SE-Conv-L2_ObjectBased_R16.pth,AlexNet,2,ObjectBased,16,N,6,0.044526834,0.371088982,0.039814845
SE-Conv-L2_ObjectBased_R16.pth,AlexNet,2,ObjectBased,16,N,7,0.105680287,0.259524524,0.01341663
SE-Conv-L2_ObjectBased_R16.pth,AlexNet,2,ObjectBased,16,N,8,0.020740381,0.290060431,0.050779734
SE-Conv-L2_ObjectBased_R16.pth,AlexNet,2,ObjectBased,16,N,9,0.049172912,0.235496134,0.051629867
SE-Conv-L2_ObjectBased_R16.pth,AlexNet,2,ObjectBased,16,N,10,0.039962035,0.236110389,0.024424747
SE-Conv-L2_ObjectBased_R16.pth,AlexNet,2,ObjectBased,16,N,11,0.022400161,0.215848833,0.049463678
SE-Conv-L2_ObjectBased_R16.pth,AlexNet,2,ObjectBased,16,N,12,0.035725079,0.179441035,0.049467295
SE-Conv-L2_ObjectBased_R16.pth,AlexNet,2,ObjectBased,16,N,13,0.017947044,0.194574177,0.052077364
SE-Conv-L2_ObjectBased_R16.pth,AlexNet,2,ObjectBased,16,N,14,0.006333771,0.184258863,0.059266977
SE-Conv-L2_ObjectBased_R16.pth,AlexNet,2,ObjectBased,16,N,15,0.009486592,0.123970978,0.077880375
SE-Conv-L2_ObjectBased_R16.pth,AlexNet,2,ObjectBased,16,N,16,0.008151481,0.10679429,0.076008141
SE-Conv-L2_ObjectBased_R16.pth,AlexNet,2,ObjectBased,16,N,17,0.004429779,0.154047891,0.112399213
SE-Conv-L2_ObjectBased_R16.pth,AlexNet,2,ObjectBased,16,N,18,0.025777962,0.145358935,0.108388931
SE-Conv-L2_ObjectBased_R16.pth,AlexNet,2,ObjectBased,16,N,19,0.016887305,0.126512751,0.144508541
SE-Conv-L2_ObjectBased_R16.pth,AlexNet,2,ObjectBased,16,N,20,0.01249808,0.179238245,0.046113797
SE-Conv-L2_ObjectBased_R16.pth,AlexNet,2,ObjectBased,16,N,21,0.074455217,0.189367533,0.075459659
SE-Conv-L2_FaceBased_R32.pth,AlexNet,2,FaceBased,32,E,1,0.051259309,0.015512388,0.017771354
SE-Conv-L2_FaceBased_R32.pth,AlexNet,2,FaceBased,32,E,2,0,0.04240619,0.000263794
SE-Conv-L2_FaceBased_R32.pth,AlexNet,2,FaceBased,32,E,3,0,0,0
SE-Conv-L2_FaceBased_R32.pth,AlexNet,2,FaceBased,32,E,4,0,0,0
SE-Conv-L2_FaceBased_R32.pth,AlexNet,2,FaceBased,32,E,5,0.021130197,0.303148061,3.40E-05
SE-Conv-L2_FaceBased_R32.pth,AlexNet,2,FaceBased,32,E,6,0,0.290356398,9.49E-05
SE-Conv-L2_FaceBased_R32.pth,AlexNet,2,FaceBased,32,E,7,0.035384275,0.100907542,0
SE-Conv-L2_FaceBased_R32.pth,AlexNet,2,FaceBased,32,E,8,0,0,0
SE-Conv-L2_FaceBased_R32.pth,AlexNet,2,FaceBased,32,E,9,0,0,0
SE-Conv-L2_FaceBased_R32.pth,AlexNet,2,FaceBased,32,E,10,0.001565587,0.112851582,0
SE-Conv-L2_FaceBased_R32.pth,AlexNet,2,FaceBased,32,E,11,0.008833629,0.197585702,0
SE-Conv-L2_FaceBased_R32.pth,AlexNet,2,FaceBased,32,E,12,0.001415609,0.691681504,0
SE-Conv-L2_FaceBased_R32.pth,AlexNet,2,FaceBased,32,E,13,0,0,0
SE-Conv-L2_FaceBased_R32.pth,AlexNet,2,FaceBased,32,E,14,0,0,0
SE-Conv-L2_FaceBased_R32.pth,AlexNet,2,FaceBased,32,E,15,0.094648086,0.262340873,0.000167131
SE-Conv-L2_FaceBased_R32.pth,AlexNet,2,FaceBased,32,E,16,0,0,0
SE-Conv-L2_FaceBased_R32.pth,AlexNet,2,FaceBased,32,E,17,0.008045369,0.565679789,0
SE-Conv-L2_FaceBased_R32.pth,AlexNet,2,FaceBased,32,E,18,0.05328596,0.549088717,0.009243282
SE-Conv-L2_FaceBased_R32.pth,AlexNet,2,FaceBased,32,E,19,0.324955285,0.241406173,0
SE-Conv-L2_FaceBased_R32.pth,AlexNet,2,FaceBased,32,E,20,0.241357237,0.266284913,0
SE-Conv-L2_FaceBased_R32.pth,AlexNet,2,FaceBased,32,E,21,0.105170533,0.486415595,0
SE-Conv-L2_FaceBased_R32.pth,AlexNet,2,FaceBased,32,Full,1,0,0,0
SE-Conv-L2_FaceBased_R32.pth,AlexNet,2,FaceBased,32,Full,2,0.731727183,0,0
SE-Conv-L2_FaceBased_R32.pth,AlexNet,2,FaceBased,32,Full,3,0.729126811,0,0
SE-Conv-L2_FaceBased_R32.pth,AlexNet,2,FaceBased,32,Full,4,0.729126871,0,0
SE-Conv-L2_FaceBased_R32.pth,AlexNet,2,FaceBased,32,Full,5,0.442914933,0.032267768,0
SE-Conv-L2_FaceBased_R32.pth,AlexNet,2,FaceBased,32,Full,6,0.454418063,0.03121588,0
SE-Conv-L2_FaceBased_R32.pth,AlexNet,2,FaceBased,32,Full,7,0.05354882,0.104750432,0
SE-Conv-L2_FaceBased_R32.pth,AlexNet,2,FaceBased,32,Full,8,0.089600965,0,0
SE-Conv-L2_FaceBased_R32.pth,AlexNet,2,FaceBased,32,Full,9,0.087933995,0,0
SE-Conv-L2_FaceBased_R32.pth,AlexNet,2,FaceBased,32,Full,10,0.017007265,0.724510908,0
SE-Conv-L2_FaceBased_R32.pth,AlexNet,2,FaceBased,32,Full,11,0.001080655,0.872097731,0
SE-Conv-L2_FaceBased_R32.pth,AlexNet,2,FaceBased,32,Full,12,0,0,0
SE-Conv-L2_FaceBased_R32.pth,AlexNet,2,FaceBased,32,Full,13,0,0.892200172,0
SE-Conv-L2_FaceBased_R32.pth,AlexNet,2,FaceBased,32,Full,14,0,0.529745042,0.002490435
SE-Conv-L2_FaceBased_R32.pth,AlexNet,2,FaceBased,32,Full,15,0.000863698,0.622780979,0.008103985
SE-Conv-L2_FaceBased_R32.pth,AlexNet,2,FaceBased,32,Full,16,5.74E-05,0.666621089,0
SE-Conv-L2_FaceBased_R32.pth,AlexNet,2,FaceBased,32,Full,17,0.205234453,0.074422568,0
SE-Conv-L2_FaceBased_R32.pth,AlexNet,2,FaceBased,32,Full,18,0.145563945,0.007140287,0
SE-Conv-L2_FaceBased_R32.pth,AlexNet,2,FaceBased,32,Full,19,0.055603884,0.544839978,0.031874578
SE-Conv-L2_FaceBased_R32.pth,AlexNet,2,FaceBased,32,Full,20,0.181796342,0.318078905,0.031935249
SE-Conv-L2_FaceBased_R32.pth,AlexNet,2,FaceBased,32,Full,21,0.287964553,0.291739732,0
SE-Conv-L2_FaceBased_R32.pth,AlexNet,2,FaceBased,32,M,1,0.707396269,0,0
SE-Conv-L2_FaceBased_R32.pth,AlexNet,2,FaceBased,32,M,2,0.703269601,0.000381562,0
SE-Conv-L2_FaceBased_R32.pth,AlexNet,2,FaceBased,32,M,3,0.593587339,0,0
SE-Conv-L2_FaceBased_R32.pth,AlexNet,2,FaceBased,32,M,4,0.584845483,0,0
SE-Conv-L2_FaceBased_R32.pth,AlexNet,2,FaceBased,32,M,5,0.581695199,0,0
SE-Conv-L2_FaceBased_R32.pth,AlexNet,2,FaceBased,32,M,6,0,0,0
SE-Conv-L2_FaceBased_R32.pth,AlexNet,2,FaceBased,32,M,7,0,0,0
SE-Conv-L2_FaceBased_R32.pth,AlexNet,2,FaceBased,32,M,8,0.553295016,0,0
SE-Conv-L2_FaceBased_R32.pth,AlexNet,2,FaceBased,32,M,9,0.692089319,0,0
SE-Conv-L2_FaceBased_R32.pth,AlexNet,2,FaceBased,32,M,10,0,0,0
SE-Conv-L2_FaceBased_R32.pth,AlexNet,2,FaceBased,32,M,11,0,0,0
SE-Conv-L2_FaceBased_R32.pth,AlexNet,2,FaceBased,32,M,12,0,0,0
SE-Conv-L2_FaceBased_R32.pth,AlexNet,2,FaceBased,32,M,13,0,0,0
SE-Conv-L2_FaceBased_R32.pth,AlexNet,2,FaceBased,32,M,14,0.176541731,0,0.078655042
SE-Conv-L2_FaceBased_R32.pth,AlexNet,2,FaceBased,32,M,15,0.436997503,0,0.000338724
SE-Conv-L2_FaceBased_R32.pth,AlexNet,2,FaceBased,32,M,16,0.408453494,0,0.001092229
SE-Conv-L2_FaceBased_R32.pth,AlexNet,2,FaceBased,32,M,17,0.439163059,0,0.013814677
SE-Conv-L2_FaceBased_R32.pth,AlexNet,2,FaceBased,32,M,18,0.239197269,0,0.009335818
SE-Conv-L2_FaceBased_R32.pth,AlexNet,2,FaceBased,32,M,19,0.351958454,0,0.000745258
SE-Conv-L2_FaceBased_R32.pth,AlexNet,2,FaceBased,32,M,20,0.389593482,0.004620649,0.000300014
SE-Conv-L2_FaceBased_R32.pth,AlexNet,2,FaceBased,32,M,21,0.338828176,0.001078751,0.000164198
SE-Conv-L2_FaceBased_R32.pth,AlexNet,2,FaceBased,32,N,1,0.429132104,0.057149701,0.030914053
SE-Conv-L2_FaceBased_R32.pth,AlexNet,2,FaceBased,32,N,2,0.233755931,0.076350749,0.041372668
SE-Conv-L2_FaceBased_R32.pth,AlexNet,2,FaceBased,32,N,3,0.336484194,0.060268112,0.039568514
SE-Conv-L2_FaceBased_R32.pth,AlexNet,2,FaceBased,32,N,4,0.349024743,0.058021411,0.03591254
SE-Conv-L2_FaceBased_R32.pth,AlexNet,2,FaceBased,32,N,5,0.287356049,0.081002317,0.005648183
SE-Conv-L2_FaceBased_R32.pth,AlexNet,2,FaceBased,32,N,6,0.169341505,0.104053058,0.015626563
SE-Conv-L2_FaceBased_R32.pth,AlexNet,2,FaceBased,32,N,7,0.169315487,0.176529557,0.033442751
SE-Conv-L2_FaceBased_R32.pth,AlexNet,2,FaceBased,32,N,8,0.100656211,0.152888462,0.040257361
SE-Conv-L2_FaceBased_R32.pth,AlexNet,2,FaceBased,32,N,9,0.098046459,0.204210341,0.045502994
SE-Conv-L2_FaceBased_R32.pth,AlexNet,2,FaceBased,32,N,10,0.116018064,0.269298106,0.04147204
SE-Conv-L2_FaceBased_R32.pth,AlexNet,2,FaceBased,32,N,11,0.00191903,0.448806882,0.042264093
SE-Conv-L2_FaceBased_R32.pth,AlexNet,2,FaceBased,32,N,12,0.003323177,0.285518169,0.016734464
SE-Conv-L2_FaceBased_R32.pth,AlexNet,2,FaceBased,32,N,13,0.025506036,0.162233517,0.115136415
SE-Conv-L2_FaceBased_R32.pth,AlexNet,2,FaceBased,32,N,14,0.031089412,0.311142951,0.043174688
SE-Conv-L2_FaceBased_R32.pth,AlexNet,2,FaceBased,32,N,15,0.008066829,0.361920625,0.035150636
SE-Conv-L2_FaceBased_R32.pth,AlexNet,2,FaceBased,32,N,16,0,0.080797523,0
SE-Conv-L2_FaceBased_R32.pth,AlexNet,2,FaceBased,32,N,17,0,0,0
SE-Conv-L2_FaceBased_R32.pth,AlexNet,2,FaceBased,32,N,18,0,0,0
SE-Conv-L2_FaceBased_R32.pth,AlexNet,2,FaceBased,32,N,19,0,0,0
SE-Conv-L2_FaceBased_R32.pth,AlexNet,2,FaceBased,32,N,20,0,0,0
SE-Conv-L2_FaceBased_R32.pth,AlexNet,2,FaceBased,32,N,21,0.043880466,0.004305452,0.096364513
SE-Conv-L2_ObjectBased_R32.pth,AlexNet,2,ObjectBased,32,E,1,0.000621959,0.463433504,0.01883655
SE-Conv-L2_ObjectBased_R32.pth,AlexNet,2,ObjectBased,32,E,2,0,0.304260254,0.014186465
SE-Conv-L2_ObjectBased_R32.pth,AlexNet,2,ObjectBased,32,E,3,8.58E-06,0.437024146,0.025672844
SE-Conv-L2_ObjectBased_R32.pth,AlexNet,2,ObjectBased,32,E,4,0,0.350741565,0.000909665
SE-Conv-L2_ObjectBased_R32.pth,AlexNet,2,ObjectBased,32,E,5,0,0.434632778,0.041868124
SE-Conv-L2_ObjectBased_R32.pth,AlexNet,2,ObjectBased,32,E,6,0.000770589,0.227448359,0.028170384
SE-Conv-L2_ObjectBased_R32.pth,AlexNet,2,ObjectBased,32,E,7,0,0.131834686,0.017014772
SE-Conv-L2_ObjectBased_R32.pth,AlexNet,2,ObjectBased,32,E,8,0.000188573,0.070113398,0.00474704
SE-Conv-L2_ObjectBased_R32.pth,AlexNet,2,ObjectBased,32,E,9,0,0.049519707,0.029950885
SE-Conv-L2_ObjectBased_R32.pth,AlexNet,2,ObjectBased,32,E,10,0.00032073,0.093932323,0.067825511
SE-Conv-L2_ObjectBased_R32.pth,AlexNet,2,ObjectBased,32,E,11,0.000135211,0.11981333,0.091146812
SE-Conv-L2_ObjectBased_R32.pth,AlexNet,2,ObjectBased,32,E,12,7.36E-05,0.215606049,0.112593494
SE-Conv-L2_ObjectBased_R32.pth,AlexNet,2,ObjectBased,32,E,13,0,0.032716956,0.001316554
SE-Conv-L2_ObjectBased_R32.pth,AlexNet,2,ObjectBased,32,E,14,0,0,0
SE-Conv-L2_ObjectBased_R32.pth,AlexNet,2,ObjectBased,32,E,15,0,0.139119655,0.017342288
SE-Conv-L2_ObjectBased_R32.pth,AlexNet,2,ObjectBased,32,E,16,8.45E-05,0.082822114,0.150141835
SE-Conv-L2_ObjectBased_R32.pth,AlexNet,2,ObjectBased,32,E,17,0,0.198719278,0.176608369
SE-Conv-L2_ObjectBased_R32.pth,AlexNet,2,ObjectBased,32,E,18,0,0.004721518,0.352397978
SE-Conv-L2_ObjectBased_R32.pth,AlexNet,2,ObjectBased,32,E,19,0,0.176850423,0.285534352
SE-Conv-L2_ObjectBased_R32.pth,AlexNet,2,ObjectBased,32,E,20,0,0.389370948,0.318041712
SE-Conv-L2_ObjectBased_R32.pth,AlexNet,2,ObjectBased,32,E,21,0,0.001800885,0.306630075
SE-Conv-L2_ObjectBased_R32.pth,AlexNet,2,ObjectBased,32,Full,1,0,0.005594202,0.265360683
SE-Conv-L2_ObjectBased_R32.pth,AlexNet,2,ObjectBased,32,Full,2,0,0,0.02673257
SE-Conv-L2_ObjectBased_R32.pth,AlexNet,2,ObjectBased,32,Full,3,0,0.021663487,0.132415608
SE-Conv-L2_ObjectBased_R32.pth,AlexNet,2,ObjectBased,32,Full,4,0,0.02436736,0.143673763
SE-Conv-L2_ObjectBased_R32.pth,AlexNet,2,ObjectBased,32,Full,5,0.00500502,0.042148009,0.249585673
SE-Conv-L2_ObjectBased_R32.pth,AlexNet,2,ObjectBased,32,Full,6,0,0.000753114,0.090344086
SE-Conv-L2_ObjectBased_R32.pth,AlexNet,2,ObjectBased,32,Full,7,0,0.107101768,0.341682523
SE-Conv-L2_ObjectBased_R32.pth,AlexNet,2,ObjectBased,32,Full,8,0,0.004338448,0.129789039
SE-Conv-L2_ObjectBased_R32.pth,AlexNet,2,ObjectBased,32,Full,9,0,0.000897817,0.205370516
SE-Conv-L2_ObjectBased_R32.pth,AlexNet,2,ObjectBased,32,Full,10,0,0.007749317,0.083383553
SE-Conv-L2_ObjectBased_R32.pth,AlexNet,2,ObjectBased,32,Full,11,0.007199992,0.003551834,0.127089679
SE-Conv-L2_ObjectBased_R32.pth,AlexNet,2,ObjectBased,32,Full,12,3.64E-05,0.033553712,0.30996123
SE-Conv-L2_ObjectBased_R32.pth,AlexNet,2,ObjectBased,32,Full,13,0,0.057489093,0.221642017
SE-Conv-L2_ObjectBased_R32.pth,AlexNet,2,ObjectBased,32,Full,14,0.001567096,0.100713298,0.23085615
SE-Conv-L2_ObjectBased_R32.pth,AlexNet,2,ObjectBased,32,Full,15,0,0.003845592,0.089314461
SE-Conv-L2_ObjectBased_R32.pth,AlexNet,2,ObjectBased,32,Full,16,0,0.014228345,0.076122209
SE-Conv-L2_ObjectBased_R32.pth,AlexNet,2,ObjectBased,32,Full,17,0,0.000599208,0.016372295
SE-Conv-L2_ObjectBased_R32.pth,AlexNet,2,ObjectBased,32,Full,18,0,0,0
SE-Conv-L2_ObjectBased_R32.pth,AlexNet,2,ObjectBased,32,Full,19,0,0,0
SE-Conv-L2_ObjectBased_R32.pth,AlexNet,2,ObjectBased,32,Full,20,0.031392064,0,0.010406421
SE-Conv-L2_ObjectBased_R32.pth,AlexNet,2,ObjectBased,32,Full,21,0,0,0.02898581
SE-Conv-L2_ObjectBased_R32.pth,AlexNet,2,ObjectBased,32,M,1,0,0.104600981,0.027892428
SE-Conv-L2_ObjectBased_R32.pth,AlexNet,2,ObjectBased,32,M,2,0,0.118217252,0.002173966
SE-Conv-L2_ObjectBased_R32.pth,AlexNet,2,ObjectBased,32,M,3,0,0.09947706,0.027398964
SE-Conv-L2_ObjectBased_R32.pth,AlexNet,2,ObjectBased,32,M,4,0.00038591,0.083227225,0.006561428
SE-Conv-L2_ObjectBased_R32.pth,AlexNet,2,ObjectBased,32,M,5,0,0.013399294,0.007354433
SE-Conv-L2_ObjectBased_R32.pth,AlexNet,2,ObjectBased,32,M,6,0.006074963,0.189992726,0.000193384
SE-Conv-L2_ObjectBased_R32.pth,AlexNet,2,ObjectBased,32,M,7,0.01597512,0.078931734,0.001160977
SE-Conv-L2_ObjectBased_R32.pth,AlexNet,2,ObjectBased,32,M,8,0,0.237187549,0.000410511
SE-Conv-L2_ObjectBased_R32.pth,AlexNet,2,ObjectBased,32,M,9,0,0.118286811,0.015533475
SE-Conv-L2_ObjectBased_R32.pth,AlexNet,2,ObjectBased,32,M,10,0.000975226,0.043677807,0.016140109
SE-Conv-L2_ObjectBased_R32.pth,AlexNet,2,ObjectBased,32,M,11,0.000203343,0.038524691,0.023357959
SE-Conv-L2_ObjectBased_R32.pth,AlexNet,2,ObjectBased,32,M,12,0,0.099725515,0.016322749
SE-Conv-L2_ObjectBased_R32.pth,AlexNet,2,ObjectBased,32,M,13,0,0.04086886,0.017515451
SE-Conv-L2_ObjectBased_R32.pth,AlexNet,2,ObjectBased,32,M,14,0,0.171963111,0.009095319
SE-Conv-L2_ObjectBased_R32.pth,AlexNet,2,ObjectBased,32,M,15,0.015766541,0.128613114,0.027085919
SE-Conv-L2_ObjectBased_R32.pth,AlexNet,2,ObjectBased,32,M,16,3.19E-05,0.072038345,0.041139703
SE-Conv-L2_ObjectBased_R32.pth,AlexNet,2,ObjectBased,32,M,17,0,0.178659812,0.050711863
SE-Conv-L2_ObjectBased_R32.pth,AlexNet,2,ObjectBased,32,M,18,0.010105047,0.092668049,0.03035089
SE-Conv-L2_ObjectBased_R32.pth,AlexNet,2,ObjectBased,32,M,19,0,0.097601548,0.021922274
SE-Conv-L2_ObjectBased_R32.pth,AlexNet,2,ObjectBased,32,M,20,0,0.09179312,0.027363617
SE-Conv-L2_ObjectBased_R32.pth,AlexNet,2,ObjectBased,32,M,21,0,0.054876581,0.044684801
SE-Conv-L2_ObjectBased_R32.pth,AlexNet,2,ObjectBased,32,N,1,0.208259434,0.007328734,0.178491145
SE-Conv-L2_ObjectBased_R32.pth,AlexNet,2,ObjectBased,32,N,2,0.264085263,0.008110533,0.114015594
SE-Conv-L2_ObjectBased_R32.pth,AlexNet,2,ObjectBased,32,N,3,0.32889542,0.012490309,0.107387066
SE-Conv-L2_ObjectBased_R32.pth,AlexNet,2,ObjectBased,32,N,4,0.33976993,0.022838496,0.10341496
SE-Conv-L2_ObjectBased_R32.pth,AlexNet,2,ObjectBased,32,N,5,0.335520834,0.035261445,0.140149206
SE-Conv-L2_ObjectBased_R32.pth,AlexNet,2,ObjectBased,32,N,6,0.307785183,0.046129223,0.074718043
SE-Conv-L2_ObjectBased_R32.pth,AlexNet,2,ObjectBased,32,N,7,0.281571507,0.03689716,0.098145485
SE-Conv-L2_ObjectBased_R32.pth,AlexNet,2,ObjectBased,32,N,8,0.298967928,0.029998099,0.082452647
SE-Conv-L2_ObjectBased_R32.pth,AlexNet,2,ObjectBased,32,N,9,0.262079895,0.023941854,0.06369146
SE-Conv-L2_ObjectBased_R32.pth,AlexNet,2,ObjectBased,32,N,10,0.18001844,0.027432557,0.064708218
SE-Conv-L2_ObjectBased_R32.pth,AlexNet,2,ObjectBased,32,N,11,0.22630021,0.022417007,0.077774212
SE-Conv-L2_ObjectBased_R32.pth,AlexNet,2,ObjectBased,32,N,12,0.203087404,0.019279314,0.065014362
SE-Conv-L2_ObjectBased_R32.pth,AlexNet,2,ObjectBased,32,N,13,0.1978627,0.010105657,0.079221249
SE-Conv-L2_ObjectBased_R32.pth,AlexNet,2,ObjectBased,32,N,14,0.194932491,0.020918369,0.120470904
SE-Conv-L2_ObjectBased_R32.pth,AlexNet,2,ObjectBased,32,N,15,0.138136387,0.013360462,0.07515572
SE-Conv-L2_ObjectBased_R32.pth,AlexNet,2,ObjectBased,32,N,16,0.144311041,0.009203645,0.120418549
SE-Conv-L2_ObjectBased_R32.pth,AlexNet,2,ObjectBased,32,N,17,0.125032037,0.008479966,0.110093042
SE-Conv-L2_ObjectBased_R32.pth,AlexNet,2,ObjectBased,32,N,18,0.2779966,0.012537041,0.117982157
SE-Conv-L2_ObjectBased_R32.pth,AlexNet,2,ObjectBased,32,N,19,0.26632455,0.024467126,0.164326623
SE-Conv-L2_ObjectBased_R32.pth,AlexNet,2,ObjectBased,32,N,20,0.201660872,0.016159704,0.058607649
SE-Conv-L2_ObjectBased_R32.pth,AlexNet,2,ObjectBased,32,N,21,0.137994617,0.009358952,0.053384706
SE-Conv-L3_FaceBased_R2.pth,AlexNet,3,FaceBased,2,E,1,0.07558129,0.202848569,0.000691697
SE-Conv-L3_FaceBased_R2.pth,AlexNet,3,FaceBased,2,E,2,0.055614129,0.199705258,0
SE-Conv-L3_FaceBased_R2.pth,AlexNet,3,FaceBased,2,E,3,0.041956589,0.130833894,0
SE-Conv-L3_FaceBased_R2.pth,AlexNet,3,FaceBased,2,E,4,0.063019164,0.301737964,0
SE-Conv-L3_FaceBased_R2.pth,AlexNet,3,FaceBased,2,E,5,0.034023091,0.27824977,0
SE-Conv-L3_FaceBased_R2.pth,AlexNet,3,FaceBased,2,E,6,0.096381009,0.412169605,0
SE-Conv-L3_FaceBased_R2.pth,AlexNet,3,FaceBased,2,E,7,0.163824469,0.356779724,0.000115276
SE-Conv-L3_FaceBased_R2.pth,AlexNet,3,FaceBased,2,E,8,0.169320941,0.355338097,0
SE-Conv-L3_FaceBased_R2.pth,AlexNet,3,FaceBased,2,E,9,0.219746366,0.109242208,0.000863964
SE-Conv-L3_FaceBased_R2.pth,AlexNet,3,FaceBased,2,E,10,0.216070682,0.087037802,0.000700631
SE-Conv-L3_FaceBased_R2.pth,AlexNet,3,FaceBased,2,E,11,0.145320699,0.323902249,0.007176293
SE-Conv-L3_FaceBased_R2.pth,AlexNet,3,FaceBased,2,E,12,0.029947067,0.520940185,0
SE-Conv-L3_FaceBased_R2.pth,AlexNet,3,FaceBased,2,E,13,0.074847706,0.213114709,0.066680156
SE-Conv-L3_FaceBased_R2.pth,AlexNet,3,FaceBased,2,E,14,0.065978467,0.017406687,0.020318206
SE-Conv-L3_FaceBased_R2.pth,AlexNet,3,FaceBased,2,E,15,0.07793159,0.033231478,0.078581415
SE-Conv-L3_FaceBased_R2.pth,AlexNet,3,FaceBased,2,E,16,0.049940716,0.018288275,0.001894957
SE-Conv-L3_FaceBased_R2.pth,AlexNet,3,FaceBased,2,E,17,0.046283875,0.014571188,0.000338804
SE-Conv-L3_FaceBased_R2.pth,AlexNet,3,FaceBased,2,E,18,0.025119914,0,0
SE-Conv-L3_FaceBased_R2.pth,AlexNet,3,FaceBased,2,E,19,0.210694328,0.07880453,0.002364908
SE-Conv-L3_FaceBased_R2.pth,AlexNet,3,FaceBased,2,E,20,0.143332303,0.090147115,0.04474777
SE-Conv-L3_FaceBased_R2.pth,AlexNet,3,FaceBased,2,E,21,0.185048103,0.095682956,0.00411506
SE-Conv-L3_FaceBased_R2.pth,AlexNet,3,FaceBased,2,Full,1,0.505292237,0.021602046,4.88E-07
SE-Conv-L3_FaceBased_R2.pth,AlexNet,3,FaceBased,2,Full,2,0.390091449,0.002874714,3.50E-05
SE-Conv-L3_FaceBased_R2.pth,AlexNet,3,FaceBased,2,Full,3,0.366304129,0.000567876,3.80E-05
SE-Conv-L3_FaceBased_R2.pth,AlexNet,3,FaceBased,2,Full,4,0.012319202,0,9.27E-05
SE-Conv-L3_FaceBased_R2.pth,AlexNet,3,FaceBased,2,Full,5,0.294182867,0.012814201,0.0003455
SE-Conv-L3_FaceBased_R2.pth,AlexNet,3,FaceBased,2,Full,6,0,0,0.000169487
SE-Conv-L3_FaceBased_R2.pth,AlexNet,3,FaceBased,2,Full,7,0.505216181,0.002671485,9.00E-05
SE-Conv-L3_FaceBased_R2.pth,AlexNet,3,FaceBased,2,Full,8,0.332559377,0.000333805,0.000217233
SE-Conv-L3_FaceBased_R2.pth,AlexNet,3,FaceBased,2,Full,9,0,0,0.000167304
SE-Conv-L3_FaceBased_R2.pth,AlexNet,3,FaceBased,2,Full,10,0,0,0
SE-Conv-L3_FaceBased_R2.pth,AlexNet,3,FaceBased,2,Full,11,0,0,6.10E-05
SE-Conv-L3_FaceBased_R2.pth,AlexNet,3,FaceBased,2,Full,12,0,0,0.000336511
SE-Conv-L3_FaceBased_R2.pth,AlexNet,3,FaceBased,2,Full,13,0.000249977,0.003595287,0.000414508
SE-Conv-L3_FaceBased_R2.pth,AlexNet,3,FaceBased,2,Full,14,0.000502365,0.003657483,0.000214477
SE-Conv-L3_FaceBased_R2.pth,AlexNet,3,FaceBased,2,Full,15,0.136255562,0.000616685,0.000152604
SE-Conv-L3_FaceBased_R2.pth,AlexNet,3,FaceBased,2,Full,16,0,0,6.91E-05
SE-Conv-L3_FaceBased_R2.pth,AlexNet,3,FaceBased,2,Full,17,0.079183519,0.269725651,0
SE-Conv-L3_FaceBased_R2.pth,AlexNet,3,FaceBased,2,Full,18,0.107702941,0.228875011,0
SE-Conv-L3_FaceBased_R2.pth,AlexNet,3,FaceBased,2,Full,19,0.130136192,0.126668319,0
SE-Conv-L3_FaceBased_R2.pth,AlexNet,3,FaceBased,2,Full,20,0.092647195,0.075031318,0
SE-Conv-L3_FaceBased_R2.pth,AlexNet,3,FaceBased,2,Full,21,0.222092703,0.131218866,3.62E-05
SE-Conv-L3_FaceBased_R2.pth,AlexNet,3,FaceBased,2,M,1,0.011664839,0.331132591,0.013398574
SE-Conv-L3_FaceBased_R2.pth,AlexNet,3,FaceBased,2,M,2,0.008088963,0.328444004,0.002194295
SE-Conv-L3_FaceBased_R2.pth,AlexNet,3,FaceBased,2,M,3,0.002669015,0.18556115,0.081687525
SE-Conv-L3_FaceBased_R2.pth,AlexNet,3,FaceBased,2,M,4,0.003525583,0.22373344,0.066459134
SE-Conv-L3_FaceBased_R2.pth,AlexNet,3,FaceBased,2,M,5,0.003536819,0.106165387,0.084367551
SE-Conv-L3_FaceBased_R2.pth,AlexNet,3,FaceBased,2,M,6,0.004440858,0.116705075,0.104611747
SE-Conv-L3_FaceBased_R2.pth,AlexNet,3,FaceBased,2,M,7,0.017843658,0.082200609,0.117814235
SE-Conv-L3_FaceBased_R2.pth,AlexNet,3,FaceBased,2,M,8,0.010215571,0.063438863,0.131140053
SE-Conv-L3_FaceBased_R2.pth,AlexNet,3,FaceBased,2,M,9,0.007366373,0.073750108,0.109523296
SE-Conv-L3_FaceBased_R2.pth,AlexNet,3,FaceBased,2,M,10,0.026551822,0.003515463,0.053606652
SE-Conv-L3_FaceBased_R2.pth,AlexNet,3,FaceBased,2,M,11,0.020807846,0.017989215,0.101001017
SE-Conv-L3_FaceBased_R2.pth,AlexNet,3,FaceBased,2,M,12,0.020242816,0.011476638,0.040916812
SE-Conv-L3_FaceBased_R2.pth,AlexNet,3,FaceBased,2,M,13,0.048290145,0.004916193,0.045029424
SE-Conv-L3_FaceBased_R2.pth,AlexNet,3,FaceBased,2,M,14,0.021428702,0.007605866,0.085930891
SE-Conv-L3_FaceBased_R2.pth,AlexNet,3,FaceBased,2,M,15,0.066336982,0.049960613,0.100995488
SE-Conv-L3_FaceBased_R2.pth,AlexNet,3,FaceBased,2,M,16,0.057932042,0.004742347,0.073184371
SE-Conv-L3_FaceBased_R2.pth,AlexNet,3,FaceBased,2,M,17,0.039782815,0.01070353,0.090193972
SE-Conv-L3_FaceBased_R2.pth,AlexNet,3,FaceBased,2,M,18,0.131633922,0.077800825,0.041622084
SE-Conv-L3_FaceBased_R2.pth,AlexNet,3,FaceBased,2,M,19,0.10867516,0.050374884,0.006785838
SE-Conv-L3_FaceBased_R2.pth,AlexNet,3,FaceBased,2,M,20,0.087574996,0.077168405,0.000196251
SE-Conv-L3_FaceBased_R2.pth,AlexNet,3,FaceBased,2,M,21,0.183240712,0.103594735,0.00171069
SE-Conv-L3_FaceBased_R2.pth,AlexNet,3,FaceBased,2,N,1,0,0,0.000242034
SE-Conv-L3_FaceBased_R2.pth,AlexNet,3,FaceBased,2,N,2,0,0,0
SE-Conv-L3_FaceBased_R2.pth,AlexNet,3,FaceBased,2,N,3,0,0,0.000946727
SE-Conv-L3_FaceBased_R2.pth,AlexNet,3,FaceBased,2,N,4,0,0.015983557,0.000702276
SE-Conv-L3_FaceBased_R2.pth,AlexNet,3,FaceBased,2,N,5,0,0,0
SE-Conv-L3_FaceBased_R2.pth,AlexNet,3,FaceBased,2,N,6,0,0,0
SE-Conv-L3_FaceBased_R2.pth,AlexNet,3,FaceBased,2,N,7,0,0,0.001628583
SE-Conv-L3_FaceBased_R2.pth,AlexNet,3,FaceBased,2,N,8,0,0,0
SE-Conv-L3_FaceBased_R2.pth,AlexNet,3,FaceBased,2,N,9,0,0,0.000107171
SE-Conv-L3_FaceBased_R2.pth,AlexNet,3,FaceBased,2,N,10,0.001150711,0,0.000545531
SE-Conv-L3_FaceBased_R2.pth,AlexNet,3,FaceBased,2,N,11,0,6.36E-05,0.011017676
SE-Conv-L3_FaceBased_R2.pth,AlexNet,3,FaceBased,2,N,12,0.006957651,0.021869438,0.13118121
SE-Conv-L3_FaceBased_R2.pth,AlexNet,3,FaceBased,2,N,13,0.033390999,0.022791121,0.160234675
SE-Conv-L3_FaceBased_R2.pth,AlexNet,3,FaceBased,2,N,14,0,0.004440235,0.059382096
SE-Conv-L3_FaceBased_R2.pth,AlexNet,3,FaceBased,2,N,15,0.02817622,0.070055999,0.169651672
SE-Conv-L3_FaceBased_R2.pth,AlexNet,3,FaceBased,2,N,16,0.030249592,0.108047955,0.157156736
SE-Conv-L3_FaceBased_R2.pth,AlexNet,3,FaceBased,2,N,17,0.005481942,0.073045887,0.16278632
SE-Conv-L3_FaceBased_R2.pth,AlexNet,3,FaceBased,2,N,18,0.009417102,0.05768064,0.201599121
SE-Conv-L3_FaceBased_R2.pth,AlexNet,3,FaceBased,2,N,19,0,0.001586748,0.191985384
SE-Conv-L3_FaceBased_R2.pth,AlexNet,3,FaceBased,2,N,20,0.006930687,0.066352166,0.27507031
SE-Conv-L3_FaceBased_R2.pth,AlexNet,3,FaceBased,2,N,21,0.004179841,0.110985816,0.377526313
SE-Conv-L3_ObjectBased_R2.pth,AlexNet,3,ObjectBased,2,E,1,0.017927714,0.065674014,0.10235557
SE-Conv-L3_ObjectBased_R2.pth,AlexNet,3,ObjectBased,2,E,2,0.01091204,0.110530749,0.166169703
SE-Conv-L3_ObjectBased_R2.pth,AlexNet,3,ObjectBased,2,E,3,0.007103542,0.09867923,0.10641738
SE-Conv-L3_ObjectBased_R2.pth,AlexNet,3,ObjectBased,2,E,4,0.014453432,0.23075825,0.149041966
SE-Conv-L3_ObjectBased_R2.pth,AlexNet,3,ObjectBased,2,E,5,0,0.112862997,0.072964437
SE-Conv-L3_ObjectBased_R2.pth,AlexNet,3,ObjectBased,2,E,6,0.029297054,0.190315396,0.072994351
SE-Conv-L3_ObjectBased_R2.pth,AlexNet,3,ObjectBased,2,E,7,0.010721066,0.153976321,0.044603262
SE-Conv-L3_ObjectBased_R2.pth,AlexNet,3,ObjectBased,2,E,8,0.052635692,0.242216438,0.031715378
SE-Conv-L3_ObjectBased_R2.pth,AlexNet,3,ObjectBased,2,E,9,0.042705353,0.106871292,0.062180914
SE-Conv-L3_ObjectBased_R2.pth,AlexNet,3,ObjectBased,2,E,10,0.029778,0.052546714,0.019070219
SE-Conv-L3_ObjectBased_R2.pth,AlexNet,3,ObjectBased,2,E,11,0.106343746,0.022692742,0.033471242
SE-Conv-L3_ObjectBased_R2.pth,AlexNet,3,ObjectBased,2,E,12,0.034231331,0.112838723,0.107936881
SE-Conv-L3_ObjectBased_R2.pth,AlexNet,3,ObjectBased,2,E,13,0.071942709,0.035632763,0.012239003
SE-Conv-L3_ObjectBased_R2.pth,AlexNet,3,ObjectBased,2,E,14,0.004654608,0.018600365,0.004542382
SE-Conv-L3_ObjectBased_R2.pth,AlexNet,3,ObjectBased,2,E,15,0.022669397,0.032687292,0.021643497
SE-Conv-L3_ObjectBased_R2.pth,AlexNet,3,ObjectBased,2,E,16,0.030548789,0.082898736,0.090384327
SE-Conv-L3_ObjectBased_R2.pth,AlexNet,3,ObjectBased,2,E,17,0.005356567,0,0.008055153
SE-Conv-L3_ObjectBased_R2.pth,AlexNet,3,ObjectBased,2,E,18,0.007448767,0.000226488,0.013221432
SE-Conv-L3_ObjectBased_R2.pth,AlexNet,3,ObjectBased,2,E,19,0.004438407,3.46E-06,0.012451439
SE-Conv-L3_ObjectBased_R2.pth,AlexNet,3,ObjectBased,2,E,20,0.023670169,0.048637699,0.011945799
SE-Conv-L3_ObjectBased_R2.pth,AlexNet,3,ObjectBased,2,E,21,0.004044019,1.18E-05,0.013100285
SE-Conv-L3_ObjectBased_R2.pth,AlexNet,3,ObjectBased,2,Full,1,0.037600167,0.071271703,0.118748106
SE-Conv-L3_ObjectBased_R2.pth,AlexNet,3,ObjectBased,2,Full,2,0.095232025,0.180576578,0.103944175
SE-Conv-L3_ObjectBased_R2.pth,AlexNet,3,ObjectBased,2,Full,3,0.039322622,0.070007592,0.073233232
SE-Conv-L3_ObjectBased_R2.pth,AlexNet,3,ObjectBased,2,Full,4,0.036511082,0.034505233,0.070936024
SE-Conv-L3_ObjectBased_R2.pth,AlexNet,3,ObjectBased,2,Full,5,0.046821043,0.058296349,0.064910211
SE-Conv-L3_ObjectBased_R2.pth,AlexNet,3,ObjectBased,2,Full,6,0.073143646,0.065311581,0.032349516
SE-Conv-L3_ObjectBased_R2.pth,AlexNet,3,ObjectBased,2,Full,7,0.09470278,0.054557834,0.008850685
SE-Conv-L3_ObjectBased_R2.pth,AlexNet,3,ObjectBased,2,Full,8,0.158907324,0.04615486,0
SE-Conv-L3_ObjectBased_R2.pth,AlexNet,3,ObjectBased,2,Full,9,0.124078125,0.044133946,0.010927062
SE-Conv-L3_ObjectBased_R2.pth,AlexNet,3,ObjectBased,2,Full,10,0.122392356,0.038646985,0.003301698
SE-Conv-L3_ObjectBased_R2.pth,AlexNet,3,ObjectBased,2,Full,11,0.133206174,0.054036386,0
SE-Conv-L3_ObjectBased_R2.pth,AlexNet,3,ObjectBased,2,Full,12,0.113334306,0.051427208,0
SE-Conv-L3_ObjectBased_R2.pth,AlexNet,3,ObjectBased,2,Full,13,0.094126888,0.036644392,0.020514317
SE-Conv-L3_ObjectBased_R2.pth,AlexNet,3,ObjectBased,2,Full,14,0.118141651,0.0236775,0
SE-Conv-L3_ObjectBased_R2.pth,AlexNet,3,ObjectBased,2,Full,15,0.167143136,0.025972035,0
SE-Conv-L3_ObjectBased_R2.pth,AlexNet,3,ObjectBased,2,Full,16,0.168598548,0.050387412,0
SE-Conv-L3_ObjectBased_R2.pth,AlexNet,3,ObjectBased,2,Full,17,0.240863442,0.109001055,0
SE-Conv-L3_ObjectBased_R2.pth,AlexNet,3,ObjectBased,2,Full,18,0.286774158,0.046185695,0
SE-Conv-L3_ObjectBased_R2.pth,AlexNet,3,ObjectBased,2,Full,19,0.241244614,0.076023683,0
SE-Conv-L3_ObjectBased_R2.pth,AlexNet,3,ObjectBased,2,Full,20,0.246892691,0.03428264,0
SE-Conv-L3_ObjectBased_R2.pth,AlexNet,3,ObjectBased,2,Full,21,0.230746388,0.092770815,0.005639013
SE-Conv-L3_ObjectBased_R2.pth,AlexNet,3,ObjectBased,2,M,1,0.23995024,0.095288627,0.004230037
SE-Conv-L3_ObjectBased_R2.pth,AlexNet,3,ObjectBased,2,M,2,0.215865001,0.092213899,0.010250778
SE-Conv-L3_ObjectBased_R2.pth,AlexNet,3,ObjectBased,2,M,3,0.208829895,0.098554336,0.003907772
SE-Conv-L3_ObjectBased_R2.pth,AlexNet,3,ObjectBased,2,M,4,0.163714498,0.131370008,0.000344506
SE-Conv-L3_ObjectBased_R2.pth,AlexNet,3,ObjectBased,2,M,5,0.187043726,0.128289312,0.001535768
SE-Conv-L3_ObjectBased_R2.pth,AlexNet,3,ObjectBased,2,M,6,0.212153107,0.138924554,0
SE-Conv-L3_ObjectBased_R2.pth,AlexNet,3,ObjectBased,2,M,7,0.196585879,0.136366338,0
SE-Conv-L3_ObjectBased_R2.pth,AlexNet,3,ObjectBased,2,M,8,0.162305757,0.131458908,0.001697296
SE-Conv-L3_ObjectBased_R2.pth,AlexNet,3,ObjectBased,2,M,9,0.184901416,0.141581595,0.000121005
SE-Conv-L3_ObjectBased_R2.pth,AlexNet,3,ObjectBased,2,M,10,0.177560195,0.128402725,1.36E-05
SE-Conv-L3_ObjectBased_R2.pth,AlexNet,3,ObjectBased,2,M,11,0.160088748,0.175972983,0.014651231
SE-Conv-L3_ObjectBased_R2.pth,AlexNet,3,ObjectBased,2,M,12,0.16035372,0.209161699,0.016577108
SE-Conv-L3_ObjectBased_R2.pth,AlexNet,3,ObjectBased,2,M,13,0.179519981,0.165815145,0.000131818
SE-Conv-L3_ObjectBased_R2.pth,AlexNet,3,ObjectBased,2,M,14,0.211223304,0.201166973,0.001322724
SE-Conv-L3_ObjectBased_R2.pth,AlexNet,3,ObjectBased,2,M,15,0.223494694,0.132743552,0.004245524
SE-Conv-L3_ObjectBased_R2.pth,AlexNet,3,ObjectBased,2,M,16,0.144352138,0.086315669,0.004947621
SE-Conv-L3_ObjectBased_R2.pth,AlexNet,3,ObjectBased,2,M,17,0.189022645,0.129939333,0.003034071
SE-Conv-L3_ObjectBased_R2.pth,AlexNet,3,ObjectBased,2,M,18,0.282872766,0.122188859,0.006220811
SE-Conv-L3_ObjectBased_R2.pth,AlexNet,3,ObjectBased,2,M,19,0.211860567,0.159416571,0.014598809
SE-Conv-L3_ObjectBased_R2.pth,AlexNet,3,ObjectBased,2,M,20,0.306123465,0.227773339,0.000519049
SE-Conv-L3_ObjectBased_R2.pth,AlexNet,3,ObjectBased,2,M,21,0.331254423,0.015435518,0.000883261
SE-Conv-L3_ObjectBased_R2.pth,AlexNet,3,ObjectBased,2,N,1,0.04731619,0.004180651,0.044254597
SE-Conv-L3_ObjectBased_R2.pth,AlexNet,3,ObjectBased,2,N,2,0.040681448,0.007902022,0.034637649
SE-Conv-L3_ObjectBased_R2.pth,AlexNet,3,ObjectBased,2,N,3,0.05249748,0.0130201,0.023766181
SE-Conv-L3_ObjectBased_R2.pth,AlexNet,3,ObjectBased,2,N,4,0.067023881,0.00583902,0.01944278
SE-Conv-L3_ObjectBased_R2.pth,AlexNet,3,ObjectBased,2,N,5,0.065511324,0.0026091,0.01549699
SE-Conv-L3_ObjectBased_R2.pth,AlexNet,3,ObjectBased,2,N,6,0.047407806,0.015145747,0.01088678
SE-Conv-L3_ObjectBased_R2.pth,AlexNet,3,ObjectBased,2,N,7,0.080233701,0.010837428,0.009289303
SE-Conv-L3_ObjectBased_R2.pth,AlexNet,3,ObjectBased,2,N,8,0.095490888,0.004794983,0.004479913
SE-Conv-L3_ObjectBased_R2.pth,AlexNet,3,ObjectBased,2,N,9,0.050827727,0.011849995,0.011290342
SE-Conv-L3_ObjectBased_R2.pth,AlexNet,3,ObjectBased,2,N,10,0.05593276,0.004825777,0.011110133
SE-Conv-L3_ObjectBased_R2.pth,AlexNet,3,ObjectBased,2,N,11,0.041395236,0.001806494,0.029801313
SE-Conv-L3_ObjectBased_R2.pth,AlexNet,3,ObjectBased,2,N,12,0.056906179,0.005826563,0.005491581
SE-Conv-L3_ObjectBased_R2.pth,AlexNet,3,ObjectBased,2,N,13,0.094402522,0.001409734,0.017866569
SE-Conv-L3_ObjectBased_R2.pth,AlexNet,3,ObjectBased,2,N,14,0.040765636,0.010585345,0.025215335
SE-Conv-L3_ObjectBased_R2.pth,AlexNet,3,ObjectBased,2,N,15,0.058751632,0.052237932,0.032208465
SE-Conv-L3_ObjectBased_R2.pth,AlexNet,3,ObjectBased,2,N,16,0.07199131,0.024011979,0.041833818
SE-Conv-L3_ObjectBased_R2.pth,AlexNet,3,ObjectBased,2,N,17,0.063251011,0.027977042,0.04108531
SE-Conv-L3_ObjectBased_R2.pth,AlexNet,3,ObjectBased,2,N,18,0.04691105,0.021131914,0.033038042
SE-Conv-L3_ObjectBased_R2.pth,AlexNet,3,ObjectBased,2,N,19,0.058362834,0.028534576,0.017260727
SE-Conv-L3_ObjectBased_R2.pth,AlexNet,3,ObjectBased,2,N,20,0.037418064,0.018251628,0.020549556
SE-Conv-L3_ObjectBased_R2.pth,AlexNet,3,ObjectBased,2,N,21,0.038079478,0.025341554,0.028162433
SE-Conv-L3_FaceBased_R4.pth,AlexNet,3,FaceBased,4,E,1,0.04358203,0.05357942,0.084023125
SE-Conv-L3_FaceBased_R4.pth,AlexNet,3,FaceBased,4,E,2,0.020554328,0.028976016,0.178388059
SE-Conv-L3_FaceBased_R4.pth,AlexNet,3,FaceBased,4,E,3,0.015314095,0.020524865,0.250972152
SE-Conv-L3_FaceBased_R4.pth,AlexNet,3,FaceBased,4,E,4,0.000777122,0.010285415,0.213845387
SE-Conv-L3_FaceBased_R4.pth,AlexNet,3,FaceBased,4,E,5,0.00092869,0.007530265,0.299764991
SE-Conv-L3_FaceBased_R4.pth,AlexNet,3,FaceBased,4,E,6,0.002234975,0.014107508,0.286462039
SE-Conv-L3_FaceBased_R4.pth,AlexNet,3,FaceBased,4,E,7,0.000373996,0.001919259,0.551895678
SE-Conv-L3_FaceBased_R4.pth,AlexNet,3,FaceBased,4,E,8,0.001525515,0.005472376,0.137890309
SE-Conv-L3_FaceBased_R4.pth,AlexNet,3,FaceBased,4,E,9,0.002038308,0.01037535,0.23698394
SE-Conv-L3_FaceBased_R4.pth,AlexNet,3,FaceBased,4,E,10,0.00295799,0.009581237,0.017736565
SE-Conv-L3_FaceBased_R4.pth,AlexNet,3,FaceBased,4,E,11,0.17093654,0.035568837,0.091543585
SE-Conv-L3_FaceBased_R4.pth,AlexNet,3,FaceBased,4,E,12,0.128084078,0.019821575,0.131575555
SE-Conv-L3_FaceBased_R4.pth,AlexNet,3,FaceBased,4,E,13,0.008253928,0.138681978,0.064798303
SE-Conv-L3_FaceBased_R4.pth,AlexNet,3,FaceBased,4,E,14,0.114575326,0.130518183,0.214662507
SE-Conv-L3_FaceBased_R4.pth,AlexNet,3,FaceBased,4,E,15,0.008291238,0.063253462,0.060050141
SE-Conv-L3_FaceBased_R4.pth,AlexNet,3,FaceBased,4,E,16,0.002707288,0.244067386,0.053310946
SE-Conv-L3_FaceBased_R4.pth,AlexNet,3,FaceBased,4,E,17,0.070099749,0.020437157,0.001132511
SE-Conv-L3_FaceBased_R4.pth,AlexNet,3,FaceBased,4,E,18,0.070133671,0.004120686,0.001194461
SE-Conv-L3_FaceBased_R4.pth,AlexNet,3,FaceBased,4,E,19,0.053184137,0.001425899,0.001213483
SE-Conv-L3_FaceBased_R4.pth,AlexNet,3,FaceBased,4,E,20,0.182880864,0.040842675,0.000819036
SE-Conv-L3_FaceBased_R4.pth,AlexNet,3,FaceBased,4,E,21,0.005957818,0.130786061,0.373279244
SE-Conv-L3_FaceBased_R4.pth,AlexNet,3,FaceBased,4,Full,1,0.000219589,0.002906518,0.513820469
SE-Conv-L3_FaceBased_R4.pth,AlexNet,3,FaceBased,4,Full,2,0.000623584,0.00489925,0.154251695
SE-Conv-L3_FaceBased_R4.pth,AlexNet,3,FaceBased,4,Full,3,0.004907759,0.006753155,0.215483442
SE-Conv-L3_FaceBased_R4.pth,AlexNet,3,FaceBased,4,Full,4,0,0,0.215125263
SE-Conv-L3_FaceBased_R4.pth,AlexNet,3,FaceBased,4,Full,5,0,0,0
SE-Conv-L3_FaceBased_R4.pth,AlexNet,3,FaceBased,4,Full,6,0,0,0
SE-Conv-L3_FaceBased_R4.pth,AlexNet,3,FaceBased,4,Full,7,0,0,0
SE-Conv-L3_FaceBased_R4.pth,AlexNet,3,FaceBased,4,Full,8,0,0,0.595834672
SE-Conv-L3_FaceBased_R4.pth,AlexNet,3,FaceBased,4,Full,9,0,0,0
SE-Conv-L3_FaceBased_R4.pth,AlexNet,3,FaceBased,4,Full,10,0,0,0
SE-Conv-L3_FaceBased_R4.pth,AlexNet,3,FaceBased,4,Full,11,0,0,0
SE-Conv-L3_FaceBased_R4.pth,AlexNet,3,FaceBased,4,Full,12,0,0,0
SE-Conv-L3_FaceBased_R4.pth,AlexNet,3,FaceBased,4,Full,13,0.030770501,0,0
SE-Conv-L3_FaceBased_R4.pth,AlexNet,3,FaceBased,4,Full,14,0.004968655,0,0
SE-Conv-L3_FaceBased_R4.pth,AlexNet,3,FaceBased,4,Full,15,0.000866782,0,0.004634131
SE-Conv-L3_FaceBased_R4.pth,AlexNet,3,FaceBased,4,Full,16,0.055618938,0,0
SE-Conv-L3_FaceBased_R4.pth,AlexNet,3,FaceBased,4,Full,17,0.012356587,0.020283151,0.014670828
SE-Conv-L3_FaceBased_R4.pth,AlexNet,3,FaceBased,4,Full,18,0.005319356,0.029806947,0.033532221
SE-Conv-L3_FaceBased_R4.pth,AlexNet,3,FaceBased,4,Full,19,0.005572466,0.000614515,0.019058594
SE-Conv-L3_FaceBased_R4.pth,AlexNet,3,FaceBased,4,Full,20,0.004763286,0.000120131,0.005910268
SE-Conv-L3_FaceBased_R4.pth,AlexNet,3,FaceBased,4,Full,21,0.088722892,0.001686169,0.601253569
SE-Conv-L3_FaceBased_R4.pth,AlexNet,3,FaceBased,4,M,1,0.204186305,0.059179075,0.085726842
SE-Conv-L3_FaceBased_R4.pth,AlexNet,3,FaceBased,4,M,2,0.206337258,0.161875919,0.090986751
SE-Conv-L3_FaceBased_R4.pth,AlexNet,3,FaceBased,4,M,3,0.115942128,0.009342119,0.013403687
SE-Conv-L3_FaceBased_R4.pth,AlexNet,3,FaceBased,4,M,4,0.070275426,0.064226829,0.06854675
SE-Conv-L3_FaceBased_R4.pth,AlexNet,3,FaceBased,4,M,5,0.317535847,0.064897925,0
SE-Conv-L3_FaceBased_R4.pth,AlexNet,3,FaceBased,4,M,6,0.187543631,0.310365796,0
SE-Conv-L3_FaceBased_R4.pth,AlexNet,3,FaceBased,4,M,7,0.106114179,0.107793771,0.106272385
SE-Conv-L3_FaceBased_R4.pth,AlexNet,3,FaceBased,4,M,8,0.102584384,0.140324816,0.101717032
SE-Conv-L3_FaceBased_R4.pth,AlexNet,3,FaceBased,4,M,9,0.084590517,0.138924643,0.095725872
SE-Conv-L3_FaceBased_R4.pth,AlexNet,3,FaceBased,4,M,10,0.084086537,0.116175063,0.082526118
SE-Conv-L3_FaceBased_R4.pth,AlexNet,3,FaceBased,4,M,11,0.00244916,0.108391434,0.14957197
SE-Conv-L3_FaceBased_R4.pth,AlexNet,3,FaceBased,4,M,12,0.030764285,0.152766392,0.149657667
SE-Conv-L3_FaceBased_R4.pth,AlexNet,3,FaceBased,4,M,13,0.002216661,0.172470465,0.192676544
SE-Conv-L3_FaceBased_R4.pth,AlexNet,3,FaceBased,4,M,14,0.033622034,0.239136308,0.108733371
SE-Conv-L3_FaceBased_R4.pth,AlexNet,3,FaceBased,4,M,15,0.003405512,0.261759847,0.132697508
SE-Conv-L3_FaceBased_R4.pth,AlexNet,3,FaceBased,4,M,16,0.038689334,0.181364879,0.10584522
SE-Conv-L3_FaceBased_R4.pth,AlexNet,3,FaceBased,4,M,17,0.080367073,0.101472974,0.131941378
SE-Conv-L3_FaceBased_R4.pth,AlexNet,3,FaceBased,4,M,18,0.102303997,0.137494475,0.127915487
SE-Conv-L3_FaceBased_R4.pth,AlexNet,3,FaceBased,4,M,19,0.09804935,0.09310022,0.175360367
SE-Conv-L3_FaceBased_R4.pth,AlexNet,3,FaceBased,4,M,20,0.00747626,0.120771393,0.208643541
SE-Conv-L3_FaceBased_R4.pth,AlexNet,3,FaceBased,4,M,21,0.056282129,0.096507154,0.18250832
SE-Conv-L3_FaceBased_R4.pth,AlexNet,3,FaceBased,4,N,1,0.05871335,0.121326491,0.159131661
SE-Conv-L3_FaceBased_R4.pth,AlexNet,3,FaceBased,4,N,2,0.03685705,0.134801045,0.16176863
SE-Conv-L3_FaceBased_R4.pth,AlexNet,3,FaceBased,4,N,3,0.042661864,0.121542476,0.144851595
SE-Conv-L3_FaceBased_R4.pth,AlexNet,3,FaceBased,4,N,4,0.065865241,0.121293709,0.126781881
SE-Conv-L3_FaceBased_R4.pth,AlexNet,3,FaceBased,4,N,5,0.061488546,0.128419921,0.14098303
SE-Conv-L3_FaceBased_R4.pth,AlexNet,3,FaceBased,4,N,6,0.061287452,0.117778562,0.164507926
SE-Conv-L3_FaceBased_R4.pth,AlexNet,3,FaceBased,4,N,7,0.071695149,0.105829708,0.136894643
SE-Conv-L3_FaceBased_R4.pth,AlexNet,3,FaceBased,4,N,8,0.108534284,0.096997976,0.141040921
SE-Conv-L3_FaceBased_R4.pth,AlexNet,3,FaceBased,4,N,9,0.058424205,0.11570394,0.169501871
SE-Conv-L3_FaceBased_R4.pth,AlexNet,3,FaceBased,4,N,10,0.026799666,0.036674518,0.030943232
SE-Conv-L3_FaceBased_R4.pth,AlexNet,3,FaceBased,4,N,11,0.095719844,0.021574024,0.00232247
SE-Conv-L3_FaceBased_R4.pth,AlexNet,3,FaceBased,4,N,12,0.033571567,0.096868627,0.078701824
SE-Conv-L3_FaceBased_R4.pth,AlexNet,3,FaceBased,4,N,13,0.075223319,0.085509039,0.107782423
SE-Conv-L3_FaceBased_R4.pth,AlexNet,3,FaceBased,4,N,14,0.036727443,0.089225449,0.205147296
SE-Conv-L3_FaceBased_R4.pth,AlexNet,3,FaceBased,4,N,15,0.00356113,0.003940558,0.21536769
SE-Conv-L3_FaceBased_R4.pth,AlexNet,3,FaceBased,4,N,16,0,0,0.302782238
SE-Conv-L3_FaceBased_R4.pth,AlexNet,3,FaceBased,4,N,17,0.270939887,0.001801093,0.020802714
SE-Conv-L3_FaceBased_R4.pth,AlexNet,3,FaceBased,4,N,18,0,0.007865102,0.549775302
SE-Conv-L3_FaceBased_R4.pth,AlexNet,3,FaceBased,4,N,19,0,0.020727994,0.239409417
SE-Conv-L3_FaceBased_R4.pth,AlexNet,3,FaceBased,4,N,20,0,0.017351195,0.355613023
SE-Conv-L3_FaceBased_R4.pth,AlexNet,3,FaceBased,4,N,21,0.000608706,0.093610443,0.44192481
SE-Conv-L3_ObjectBased_R4.pth,AlexNet,3,ObjectBased,4,E,1,0.007318734,0.297049642,0.041799743
SE-Conv-L3_ObjectBased_R4.pth,AlexNet,3,ObjectBased,4,E,2,0.006952628,0.252549678,0.071140014
SE-Conv-L3_ObjectBased_R4.pth,AlexNet,3,ObjectBased,4,E,3,0.00507966,0.124392934,0.134649009
SE-Conv-L3_ObjectBased_R4.pth,AlexNet,3,ObjectBased,4,E,4,0.004695314,0.209079325,0.085585438
SE-Conv-L3_ObjectBased_R4.pth,AlexNet,3,ObjectBased,4,E,5,0.016576549,0.119979762,0.061267544
SE-Conv-L3_ObjectBased_R4.pth,AlexNet,3,ObjectBased,4,E,6,0.022684533,0.148213983,0.093601942
SE-Conv-L3_ObjectBased_R4.pth,AlexNet,3,ObjectBased,4,E,7,0.015835421,0.159331635,0.074887045
SE-Conv-L3_ObjectBased_R4.pth,AlexNet,3,ObjectBased,4,E,8,0.02459117,0.081668064,0.123374507
SE-Conv-L3_ObjectBased_R4.pth,AlexNet,3,ObjectBased,4,E,9,0.00360846,0.170582026,0.121359721
SE-Conv-L3_ObjectBased_R4.pth,AlexNet,3,ObjectBased,4,E,10,0.030046592,0.104242623,0.117317468
SE-Conv-L3_ObjectBased_R4.pth,AlexNet,3,ObjectBased,4,E,11,0.048101757,0.130498096,0.051563527
SE-Conv-L3_ObjectBased_R4.pth,AlexNet,3,ObjectBased,4,E,12,0.090897501,0.221551478,0.062739842
SE-Conv-L3_ObjectBased_R4.pth,AlexNet,3,ObjectBased,4,E,13,0.018916599,0.173945427,0.090961181
SE-Conv-L3_ObjectBased_R4.pth,AlexNet,3,ObjectBased,4,E,14,0.024664968,0.170046479,0.103729434
SE-Conv-L3_ObjectBased_R4.pth,AlexNet,3,ObjectBased,4,E,15,0.073810302,0.104076162,0.063798487
SE-Conv-L3_ObjectBased_R4.pth,AlexNet,3,ObjectBased,4,E,16,0.103598095,0.097883888,0.027748425
SE-Conv-L3_ObjectBased_R4.pth,AlexNet,3,ObjectBased,4,E,17,0.056871437,0.148302063,0.068823427
SE-Conv-L3_ObjectBased_R4.pth,AlexNet,3,ObjectBased,4,E,18,0.043805394,0.144641548,0.033766638
SE-Conv-L3_ObjectBased_R4.pth,AlexNet,3,ObjectBased,4,E,19,0.025145203,0.119786143,0.073374838
SE-Conv-L3_ObjectBased_R4.pth,AlexNet,3,ObjectBased,4,E,20,0.009070054,0.111680418,0.037852556
SE-Conv-L3_ObjectBased_R4.pth,AlexNet,3,ObjectBased,4,E,21,0.022589192,0.083933733,0.029075755
SE-Conv-L3_ObjectBased_R4.pth,AlexNet,3,ObjectBased,4,Full,1,0.001296792,0.690644503,0.014687907
SE-Conv-L3_ObjectBased_R4.pth,AlexNet,3,ObjectBased,4,Full,2,0.051375609,0.562404752,0.034464866
SE-Conv-L3_ObjectBased_R4.pth,AlexNet,3,ObjectBased,4,Full,3,0.022957012,0.606062889,0.027987013
SE-Conv-L3_ObjectBased_R4.pth,AlexNet,3,ObjectBased,4,Full,4,0,0.753952265,0
SE-Conv-L3_ObjectBased_R4.pth,AlexNet,3,ObjectBased,4,Full,5,0,0,0
SE-Conv-L3_ObjectBased_R4.pth,AlexNet,3,ObjectBased,4,Full,6,0,0.610275447,0
SE-Conv-L3_ObjectBased_R4.pth,AlexNet,3,ObjectBased,4,Full,7,0.072498336,0.685606539,0
SE-Conv-L3_ObjectBased_R4.pth,AlexNet,3,ObjectBased,4,Full,8,0,0.485080004,0.077976622
SE-Conv-L3_ObjectBased_R4.pth,AlexNet,3,ObjectBased,4,Full,9,0.086285137,0.469209403,0.039882179
SE-Conv-L3_ObjectBased_R4.pth,AlexNet,3,ObjectBased,4,Full,10,0.02325185,0.254819423,0.087313034
SE-Conv-L3_ObjectBased_R4.pth,AlexNet,3,ObjectBased,4,Full,11,0.111424617,0.380385011,0.033508077
SE-Conv-L3_ObjectBased_R4.pth,AlexNet,3,ObjectBased,4,Full,12,0.160332307,0.255037218,0.009277765
SE-Conv-L3_ObjectBased_R4.pth,AlexNet,3,ObjectBased,4,Full,13,0.109545693,0.418487996,0.056614995
SE-Conv-L3_ObjectBased_R4.pth,AlexNet,3,ObjectBased,4,Full,14,0.185860097,0.382715821,0.019942256
SE-Conv-L3_ObjectBased_R4.pth,AlexNet,3,ObjectBased,4,Full,15,0.184724808,0.284366399,0.005999695
SE-Conv-L3_ObjectBased_R4.pth,AlexNet,3,ObjectBased,4,Full,16,0.286132336,0.18077524,0.002651135
SE-Conv-L3_ObjectBased_R4.pth,AlexNet,3,ObjectBased,4,Full,17,0.396945089,0.223644048,0.00372331
SE-Conv-L3_ObjectBased_R4.pth,AlexNet,3,ObjectBased,4,Full,18,0.546778619,0.159686968,0.004794512
SE-Conv-L3_ObjectBased_R4.pth,AlexNet,3,ObjectBased,4,Full,19,0.444488645,0.170554504,0.011126359
SE-Conv-L3_ObjectBased_R4.pth,AlexNet,3,ObjectBased,4,Full,20,0.40323171,0.154153511,0
SE-Conv-L3_ObjectBased_R4.pth,AlexNet,3,ObjectBased,4,Full,21,0.13600187,0.138804004,0.077553548
SE-Conv-L3_ObjectBased_R4.pth,AlexNet,3,ObjectBased,4,M,1,0,0.249923676,0.003646642
SE-Conv-L3_ObjectBased_R4.pth,AlexNet,3,ObjectBased,4,M,2,0.014702393,0.272844851,0.001987542
SE-Conv-L3_ObjectBased_R4.pth,AlexNet,3,ObjectBased,4,M,3,0.238683343,0.192684025,0
SE-Conv-L3_ObjectBased_R4.pth,AlexNet,3,ObjectBased,4,M,4,0.121261708,0.431251585,0
SE-Conv-L3_ObjectBased_R4.pth,AlexNet,3,ObjectBased,4,M,5,0.133388817,0.44709444,0
SE-Conv-L3_ObjectBased_R4.pth,AlexNet,3,ObjectBased,4,M,6,0.104056142,0.344382733,0
SE-Conv-L3_ObjectBased_R4.pth,AlexNet,3,ObjectBased,4,M,7,0.158436939,0.149719581,0
SE-Conv-L3_ObjectBased_R4.pth,AlexNet,3,ObjectBased,4,M,8,0.403195173,0.148964316,5.14E-05
SE-Conv-L3_ObjectBased_R4.pth,AlexNet,3,ObjectBased,4,M,9,0.291416019,0.135594964,0
SE-Conv-L3_ObjectBased_R4.pth,AlexNet,3,ObjectBased,4,M,10,0.119458251,0.239446759,0.000626362
SE-Conv-L3_ObjectBased_R4.pth,AlexNet,3,ObjectBased,4,M,11,0.029596752,0.374888897,0
SE-Conv-L3_ObjectBased_R4.pth,AlexNet,3,ObjectBased,4,M,12,0.013477824,0.553165734,0
SE-Conv-L3_ObjectBased_R4.pth,AlexNet,3,ObjectBased,4,M,13,0,0,0
SE-Conv-L3_ObjectBased_R4.pth,AlexNet,3,ObjectBased,4,M,14,0.641692698,0,0
SE-Conv-L3_ObjectBased_R4.pth,AlexNet,3,ObjectBased,4,M,15,0.381608158,0.02468075,0
SE-Conv-L3_ObjectBased_R4.pth,AlexNet,3,ObjectBased,4,M,16,0.287914515,0.047497571,0
SE-Conv-L3_ObjectBased_R4.pth,AlexNet,3,ObjectBased,4,M,17,0.450627208,0.011914983,0
SE-Conv-L3_ObjectBased_R4.pth,AlexNet,3,ObjectBased,4,M,18,0.302397132,0.007259829,0
SE-Conv-L3_ObjectBased_R4.pth,AlexNet,3,ObjectBased,4,M,19,0.312542498,0.004095581,0
SE-Conv-L3_ObjectBased_R4.pth,AlexNet,3,ObjectBased,4,M,20,0.280031234,0.003776777,0
SE-Conv-L3_ObjectBased_R4.pth,AlexNet,3,ObjectBased,4,M,21,0.258695334,0.018727018,0.000184611
SE-Conv-L3_ObjectBased_R4.pth,AlexNet,3,ObjectBased,4,N,1,0.003211265,0.604731739,0.032872014
SE-Conv-L3_ObjectBased_R4.pth,AlexNet,3,ObjectBased,4,N,2,0,0.737847328,0.002094675
SE-Conv-L3_ObjectBased_R4.pth,AlexNet,3,ObjectBased,4,N,3,0,0.020727996,0.239409447
SE-Conv-L3_ObjectBased_R4.pth,AlexNet,3,ObjectBased,4,N,4,0.018293453,0.476226032,0.017442632
SE-Conv-L3_ObjectBased_R4.pth,AlexNet,3,ObjectBased,4,N,5,0.006214333,0.622664094,0.011296576
SE-Conv-L3_ObjectBased_R4.pth,AlexNet,3,ObjectBased,4,N,6,0,0.684578359,0
SE-Conv-L3_ObjectBased_R4.pth,AlexNet,3,ObjectBased,4,N,7,0,0.77533567,0
SE-Conv-L3_ObjectBased_R4.pth,AlexNet,3,ObjectBased,4,N,8,0,0.668115318,0.016560167
SE-Conv-L3_ObjectBased_R4.pth,AlexNet,3,ObjectBased,4,N,9,0,0.650233746,0
SE-Conv-L3_ObjectBased_R4.pth,AlexNet,3,ObjectBased,4,N,10,0,0.469043016,0.078348957
SE-Conv-L3_ObjectBased_R4.pth,AlexNet,3,ObjectBased,4,N,11,0,0.470458537,0.085052341
SE-Conv-L3_ObjectBased_R4.pth,AlexNet,3,ObjectBased,4,N,12,0.000984453,0.57420224,0.035337217
SE-Conv-L3_ObjectBased_R4.pth,AlexNet,3,ObjectBased,4,N,13,0.004812757,0.497976094,0.055153836
SE-Conv-L3_ObjectBased_R4.pth,AlexNet,3,ObjectBased,4,N,14,0,0.562709928,0.033446573
SE-Conv-L3_ObjectBased_R4.pth,AlexNet,3,ObjectBased,4,N,15,0,0.684578419,0
SE-Conv-L3_ObjectBased_R4.pth,AlexNet,3,ObjectBased,4,N,16,0.002648407,0.596102476,0.006475493
SE-Conv-L3_ObjectBased_R4.pth,AlexNet,3,ObjectBased,4,N,17,0,0.640348792,0.001790234
SE-Conv-L3_ObjectBased_R4.pth,AlexNet,3,ObjectBased,4,N,18,0,0,0.000485475
SE-Conv-L3_ObjectBased_R4.pth,AlexNet,3,ObjectBased,4,N,19,0,0.097234704,0.283846647
SE-Conv-L3_ObjectBased_R4.pth,AlexNet,3,ObjectBased,4,N,20,0,0.396536201,0.024512632
SE-Conv-L3_ObjectBased_R4.pth,AlexNet,3,ObjectBased,4,N,21,0,0.592786789,0
SE-Conv-L3_FaceBased_R8.pth,AlexNet,3,FaceBased,8,E,1,0,0,0
SE-Conv-L3_FaceBased_R8.pth,AlexNet,3,FaceBased,8,E,2,0,0,0
SE-Conv-L3_FaceBased_R8.pth,AlexNet,3,FaceBased,8,E,3,0,0,0
SE-Conv-L3_FaceBased_R8.pth,AlexNet,3,FaceBased,8,E,4,0.00387167,0.031046238,0.334824473
SE-Conv-L3_FaceBased_R8.pth,AlexNet,3,FaceBased,8,E,5,0.004447122,0.074369267,0.306258559
SE-Conv-L3_FaceBased_R8.pth,AlexNet,3,FaceBased,8,E,6,0.008084863,0.052871179,0.311616302
SE-Conv-L3_FaceBased_R8.pth,AlexNet,3,FaceBased,8,E,7,0.011794083,0.039263647,0.297317594
SE-Conv-L3_FaceBased_R8.pth,AlexNet,3,FaceBased,8,E,8,0.01638178,0.017097481,0.372092515
SE-Conv-L3_FaceBased_R8.pth,AlexNet,3,FaceBased,8,E,9,0.026996788,0.089531504,0.053742692
SE-Conv-L3_FaceBased_R8.pth,AlexNet,3,FaceBased,8,E,10,0.016346712,0.057464954,0.316489279
SE-Conv-L3_FaceBased_R8.pth,AlexNet,3,FaceBased,8,E,11,0.017763125,0.061932094,0
SE-Conv-L3_FaceBased_R8.pth,AlexNet,3,FaceBased,8,E,12,0.010390402,0.02063082,0.399026215
SE-Conv-L3_FaceBased_R8.pth,AlexNet,3,FaceBased,8,E,13,0.010253887,0.040759064,0.327508777
SE-Conv-L3_FaceBased_R8.pth,AlexNet,3,FaceBased,8,E,14,0.066174276,0.041100867,0.280858219
SE-Conv-L3_FaceBased_R8.pth,AlexNet,3,FaceBased,8,E,15,0.081685714,0.112206444,0.0783078
SE-Conv-L3_FaceBased_R8.pth,AlexNet,3,FaceBased,8,E,16,0.030364152,0.118505329,0.150018886
SE-Conv-L3_FaceBased_R8.pth,AlexNet,3,FaceBased,8,E,17,0,0,0.790420353
SE-Conv-L3_FaceBased_R8.pth,AlexNet,3,FaceBased,8,E,18,0.001480119,0.626752913,3.17E-05
SE-Conv-L3_FaceBased_R8.pth,AlexNet,3,FaceBased,8,E,19,0.007163097,0.399193436,0.026914485
SE-Conv-L3_FaceBased_R8.pth,AlexNet,3,FaceBased,8,E,20,0,0,0
SE-Conv-L3_FaceBased_R8.pth,AlexNet,3,FaceBased,8,E,21,0,0,0
SE-Conv-L3_FaceBased_R8.pth,AlexNet,3,FaceBased,8,Full,1,0.044521332,0.108684219,0.281466275
SE-Conv-L3_FaceBased_R8.pth,AlexNet,3,FaceBased,8,Full,2,0.055827174,0.089204237,0.282658577
SE-Conv-L3_FaceBased_R8.pth,AlexNet,3,FaceBased,8,Full,3,0.035471573,0.082208097,0.293295681
SE-Conv-L3_FaceBased_R8.pth,AlexNet,3,FaceBased,8,Full,4,0.061109297,0.119560502,0.245803401
SE-Conv-L3_FaceBased_R8.pth,AlexNet,3,FaceBased,8,Full,5,0.006137901,0.06641914,0.371957481
SE-Conv-L3_FaceBased_R8.pth,AlexNet,3,FaceBased,8,Full,6,0.012732707,0.108267508,0.321873963
SE-Conv-L3_FaceBased_R8.pth,AlexNet,3,FaceBased,8,Full,7,0.036758579,0.139398158,0.273475945
SE-Conv-L3_FaceBased_R8.pth,AlexNet,3,FaceBased,8,Full,8,0.016179545,0.096606597,0.300146043
SE-Conv-L3_FaceBased_R8.pth,AlexNet,3,FaceBased,8,Full,9,0.025438869,0.107093088,0.272266686
SE-Conv-L3_FaceBased_R8.pth,AlexNet,3,FaceBased,8,Full,10,0.017199287,0.031588592,0.353466868
SE-Conv-L3_FaceBased_R8.pth,AlexNet,3,FaceBased,8,Full,11,9.02E-05,0.025830097,0.41066578
SE-Conv-L3_FaceBased_R8.pth,AlexNet,3,FaceBased,8,Full,12,0.128355801,0.080162652,0.16196844
SE-Conv-L3_FaceBased_R8.pth,AlexNet,3,FaceBased,8,Full,13,0.006547301,0.082897328,0.224008664
SE-Conv-L3_FaceBased_R8.pth,AlexNet,3,FaceBased,8,Full,14,0.010191539,0.103558578,0.147772685
SE-Conv-L3_FaceBased_R8.pth,AlexNet,3,FaceBased,8,Full,15,0.00131389,0.027089871,0.264813811
SE-Conv-L3_FaceBased_R8.pth,AlexNet,3,FaceBased,8,Full,16,0,0.006548703,0.008351095
SE-Conv-L3_FaceBased_R8.pth,AlexNet,3,FaceBased,8,Full,17,0,0.043657269,0.003132483
SE-Conv-L3_FaceBased_R8.pth,AlexNet,3,FaceBased,8,Full,18,0,0.075630873,0
SE-Conv-L3_FaceBased_R8.pth,AlexNet,3,FaceBased,8,Full,19,8.49E-05,0.330039322,0.001379996
SE-Conv-L3_FaceBased_R8.pth,AlexNet,3,FaceBased,8,Full,20,0.001708963,0.331114918,0.059161965
SE-Conv-L3_FaceBased_R8.pth,AlexNet,3,FaceBased,8,Full,21,0.037562348,0.361623168,0.049489185
SE-Conv-L3_FaceBased_R8.pth,AlexNet,3,FaceBased,8,M,1,0.101911545,0.086228259,0.115411945
SE-Conv-L3_FaceBased_R8.pth,AlexNet,3,FaceBased,8,M,2,0.136976525,0.080697283,0.076464877
SE-Conv-L3_FaceBased_R8.pth,AlexNet,3,FaceBased,8,M,3,0.149186879,0.083960876,0.051325209
SE-Conv-L3_FaceBased_R8.pth,AlexNet,3,FaceBased,8,M,4,0.165136293,0.101843826,0.082485802
SE-Conv-L3_FaceBased_R8.pth,AlexNet,3,FaceBased,8,M,5,0.199056849,0.106197461,0.046151008
SE-Conv-L3_FaceBased_R8.pth,AlexNet,3,FaceBased,8,M,6,0.163703963,0.149045974,0.055783067
SE-Conv-L3_FaceBased_R8.pth,AlexNet,3,FaceBased,8,M,7,0.132413477,0.135117382,0.072858915
SE-Conv-L3_FaceBased_R8.pth,AlexNet,3,FaceBased,8,M,8,0.140751436,0.105983816,0.075927578
SE-Conv-L3_FaceBased_R8.pth,AlexNet,3,FaceBased,8,M,9,0.099289343,0.091946959,0.051585883
SE-Conv-L3_FaceBased_R8.pth,AlexNet,3,FaceBased,8,M,10,0.167090222,0.163030267,0.02123367
SE-Conv-L3_FaceBased_R8.pth,AlexNet,3,FaceBased,8,M,11,0.151765361,0.253680497,0.023515128
SE-Conv-L3_FaceBased_R8.pth,AlexNet,3,FaceBased,8,M,12,0.157982498,0.241248116,0.016517276
SE-Conv-L3_FaceBased_R8.pth,AlexNet,3,FaceBased,8,M,13,0.230491623,0.190750584,0.00222093
SE-Conv-L3_FaceBased_R8.pth,AlexNet,3,FaceBased,8,M,14,0.223135233,0.158921793,0.024363387
SE-Conv-L3_FaceBased_R8.pth,AlexNet,3,FaceBased,8,M,15,0.130881831,0.15666829,0.050389338
SE-Conv-L3_FaceBased_R8.pth,AlexNet,3,FaceBased,8,M,16,0.265364587,0.088211395,0.005350253
SE-Conv-L3_FaceBased_R8.pth,AlexNet,3,FaceBased,8,M,17,0.295482099,0.100210898,0.010169491
SE-Conv-L3_FaceBased_R8.pth,AlexNet,3,FaceBased,8,M,18,0.390883952,0.02277996,0.001479203
SE-Conv-L3_FaceBased_R8.pth,AlexNet,3,FaceBased,8,M,19,0.119039297,0.096936129,0.055761099
SE-Conv-L3_FaceBased_R8.pth,AlexNet,3,FaceBased,8,M,20,0.020398889,0.090882964,0.077945277
SE-Conv-L3_FaceBased_R8.pth,AlexNet,3,FaceBased,8,M,21,0.016716363,0.066621773,0.109626018
SE-Conv-L3_FaceBased_R8.pth,AlexNet,3,FaceBased,8,N,1,0.805109739,0,0
SE-Conv-L3_FaceBased_R8.pth,AlexNet,3,FaceBased,8,N,2,0.737882912,0,0
SE-Conv-L3_FaceBased_R8.pth,AlexNet,3,FaceBased,8,N,3,0.716092408,0.001949544,0.001446108
SE-Conv-L3_FaceBased_R8.pth,AlexNet,3,FaceBased,8,N,4,0.68247354,0.00060245,0
SE-Conv-L3_FaceBased_R8.pth,AlexNet,3,FaceBased,8,N,5,0.368508101,0.056267615,0.151045516
SE-Conv-L3_FaceBased_R8.pth,AlexNet,3,FaceBased,8,N,6,0.510326266,0.022035813,0.126783401
SE-Conv-L3_FaceBased_R8.pth,AlexNet,3,FaceBased,8,N,7,0.43928054,0.025908457,0.103463031
SE-Conv-L3_FaceBased_R8.pth,AlexNet,3,FaceBased,8,N,8,0.787630618,2.52E-05,0
SE-Conv-L3_FaceBased_R8.pth,AlexNet,3,FaceBased,8,N,9,0.792495787,0,0
SE-Conv-L3_FaceBased_R8.pth,AlexNet,3,FaceBased,8,N,10,0.77213186,0.000387193,0
SE-Conv-L3_FaceBased_R8.pth,AlexNet,3,FaceBased,8,N,11,0.53653723,0.010287672,0.148199394
SE-Conv-L3_FaceBased_R8.pth,AlexNet,3,FaceBased,8,N,12,0.355234921,0.086708874,0.070481092
SE-Conv-L3_FaceBased_R8.pth,AlexNet,3,FaceBased,8,N,13,0.484528571,0.035716657,0.047887426
SE-Conv-L3_FaceBased_R8.pth,AlexNet,3,FaceBased,8,N,14,0.333309501,0.029663987,0.149976596
SE-Conv-L3_FaceBased_R8.pth,AlexNet,3,FaceBased,8,N,15,0.42657426,0.025015619,0.089274995
SE-Conv-L3_FaceBased_R8.pth,AlexNet,3,FaceBased,8,N,16,0.510213852,0.041745152,0.104529224
SE-Conv-L3_FaceBased_R8.pth,AlexNet,3,FaceBased,8,N,17,0.395498186,0.06625098,0.12579459
SE-Conv-L3_FaceBased_R8.pth,AlexNet,3,FaceBased,8,N,18,0.54041034,0.020788394,0.07615912
SE-Conv-L3_FaceBased_R8.pth,AlexNet,3,FaceBased,8,N,19,0.380065352,0.024564194,0.175708368
SE-Conv-L3_FaceBased_R8.pth,AlexNet,3,FaceBased,8,N,20,0.393136352,0.005463219,0.259969324
SE-Conv-L3_FaceBased_R8.pth,AlexNet,3,FaceBased,8,N,21,0.311150551,0.026489126,0.239530161
SE-Conv-L3_ObjectBased_R8.pth,AlexNet,3,ObjectBased,8,E,1,0,0,0
SE-Conv-L3_ObjectBased_R8.pth,AlexNet,3,ObjectBased,8,E,2,0.010325948,0,0
SE-Conv-L3_ObjectBased_R8.pth,AlexNet,3,ObjectBased,8,E,3,0.028467862,0,0
SE-Conv-L3_ObjectBased_R8.pth,AlexNet,3,ObjectBased,8,E,4,0.026573433,0,0
SE-Conv-L3_ObjectBased_R8.pth,AlexNet,3,ObjectBased,8,E,5,0.002091791,0,0
SE-Conv-L3_ObjectBased_R8.pth,AlexNet,3,ObjectBased,8,E,6,0.001318986,0.000140542,8.44E-05
SE-Conv-L3_ObjectBased_R8.pth,AlexNet,3,ObjectBased,8,E,7,7.33E-05,0,0.001651691
SE-Conv-L3_ObjectBased_R8.pth,AlexNet,3,ObjectBased,8,E,8,0.000429968,0.018181229,0.00577763
SE-Conv-L3_ObjectBased_R8.pth,AlexNet,3,ObjectBased,8,E,9,8.81E-05,0.268245578,0.059052408
SE-Conv-L3_ObjectBased_R8.pth,AlexNet,3,ObjectBased,8,E,10,0.002374602,0.057562448,0.086735733
SE-Conv-L3_ObjectBased_R8.pth,AlexNet,3,ObjectBased,8,E,11,0.023213411,0.082168855,0.134188592
SE-Conv-L3_ObjectBased_R8.pth,AlexNet,3,ObjectBased,8,E,12,0.018437454,0.166765705,0.06530463
SE-Conv-L3_ObjectBased_R8.pth,AlexNet,3,ObjectBased,8,E,13,0.012786948,0.007144018,0.029120006
SE-Conv-L3_ObjectBased_R8.pth,AlexNet,3,ObjectBased,8,E,14,0.020870049,0,0.002181858
SE-Conv-L3_ObjectBased_R8.pth,AlexNet,3,ObjectBased,8,E,15,0.008744694,0.000580966,0.006148091
SE-Conv-L3_ObjectBased_R8.pth,AlexNet,3,ObjectBased,8,E,16,0,0,0
SE-Conv-L3_ObjectBased_R8.pth,AlexNet,3,ObjectBased,8,E,17,0.00636513,0.00024054,0.004909602
SE-Conv-L3_ObjectBased_R8.pth,AlexNet,3,ObjectBased,8,E,18,0.005218,7.83E-06,0.019761192
SE-Conv-L3_ObjectBased_R8.pth,AlexNet,3,ObjectBased,8,E,19,0.011709275,2.77E-06,0.010691343
SE-Conv-L3_ObjectBased_R8.pth,AlexNet,3,ObjectBased,8,E,20,0.022209583,5.12E-06,0.033492409
SE-Conv-L3_ObjectBased_R8.pth,AlexNet,3,ObjectBased,8,E,21,0.02653962,1.18E-07,0.010946124
SE-Conv-L3_ObjectBased_R8.pth,AlexNet,3,ObjectBased,8,Full,1,0,0,0
SE-Conv-L3_ObjectBased_R8.pth,AlexNet,3,ObjectBased,8,Full,2,0,0,0
SE-Conv-L3_ObjectBased_R8.pth,AlexNet,3,ObjectBased,8,Full,3,0,0,0
SE-Conv-L3_ObjectBased_R8.pth,AlexNet,3,ObjectBased,8,Full,4,0,0,0
SE-Conv-L3_ObjectBased_R8.pth,AlexNet,3,ObjectBased,8,Full,5,0,0,0
SE-Conv-L3_ObjectBased_R8.pth,AlexNet,3,ObjectBased,8,Full,6,0,0,0
SE-Conv-L3_ObjectBased_R8.pth,AlexNet,3,ObjectBased,8,Full,7,0,0,0
SE-Conv-L3_ObjectBased_R8.pth,AlexNet,3,ObjectBased,8,Full,8,0,0,0
SE-Conv-L3_ObjectBased_R8.pth,AlexNet,3,ObjectBased,8,Full,9,0,0,0.952708066
SE-Conv-L3_ObjectBased_R8.pth,AlexNet,3,ObjectBased,8,Full,10,0,0,0
SE-Conv-L3_ObjectBased_R8.pth,AlexNet,3,ObjectBased,8,Full,11,0,0,0
SE-Conv-L3_ObjectBased_R8.pth,AlexNet,3,ObjectBased,8,Full,12,0,0,0
SE-Conv-L3_ObjectBased_R8.pth,AlexNet,3,ObjectBased,8,Full,13,0,0,0
SE-Conv-L3_ObjectBased_R8.pth,AlexNet,3,ObjectBased,8,Full,14,0.047212463,0,0
SE-Conv-L3_ObjectBased_R8.pth,AlexNet,3,ObjectBased,8,Full,15,0,0,0.00066158
SE-Conv-L3_ObjectBased_R8.pth,AlexNet,3,ObjectBased,8,Full,16,0,0,0.001890731
SE-Conv-L3_ObjectBased_R8.pth,AlexNet,3,ObjectBased,8,Full,17,0,0,0
SE-Conv-L3_ObjectBased_R8.pth,AlexNet,3,ObjectBased,8,Full,18,0,0,0.00119725
SE-Conv-L3_ObjectBased_R8.pth,AlexNet,3,ObjectBased,8,Full,19,0,0.275409251,0
SE-Conv-L3_ObjectBased_R8.pth,AlexNet,3,ObjectBased,8,Full,20,0,0.15418011,0
SE-Conv-L3_ObjectBased_R8.pth,AlexNet,3,ObjectBased,8,Full,21,0,0.331896156,5.53E-05
SE-Conv-L3_ObjectBased_R8.pth,AlexNet,3,ObjectBased,8,M,1,0.210187271,0,0.020358715
SE-Conv-L3_ObjectBased_R8.pth,AlexNet,3,ObjectBased,8,M,2,0.135673285,0,0.078312524
SE-Conv-L3_ObjectBased_R8.pth,AlexNet,3,ObjectBased,8,M,3,0.145567626,0,0.029041335
SE-Conv-L3_ObjectBased_R8.pth,AlexNet,3,ObjectBased,8,M,4,0.088609867,0,0.026306912
SE-Conv-L3_ObjectBased_R8.pth,AlexNet,3,ObjectBased,8,M,5,0.114224866,0,0.025816517
SE-Conv-L3_ObjectBased_R8.pth,AlexNet,3,ObjectBased,8,M,6,0.187021151,0.031444084,0.049757149
SE-Conv-L3_ObjectBased_R8.pth,AlexNet,3,ObjectBased,8,M,7,0.111148037,0.017058313,0.082586721
SE-Conv-L3_ObjectBased_R8.pth,AlexNet,3,ObjectBased,8,M,8,0.159126326,0,0.04201813
SE-Conv-L3_ObjectBased_R8.pth,AlexNet,3,ObjectBased,8,M,9,0.158888072,0,0.113842621
SE-Conv-L3_ObjectBased_R8.pth,AlexNet,3,ObjectBased,8,M,10,0.081066571,0,0.102467835
SE-Conv-L3_ObjectBased_R8.pth,AlexNet,3,ObjectBased,8,M,11,0.033835284,0,0.168027222
SE-Conv-L3_ObjectBased_R8.pth,AlexNet,3,ObjectBased,8,M,12,0.082439765,0,0.07440424
SE-Conv-L3_ObjectBased_R8.pth,AlexNet,3,ObjectBased,8,M,13,0.205234155,0.002479127,0.010132111
SE-Conv-L3_ObjectBased_R8.pth,AlexNet,3,ObjectBased,8,M,14,0.222833708,0,0.019143175
SE-Conv-L3_ObjectBased_R8.pth,AlexNet,3,ObjectBased,8,M,15,0.290217966,0.000166146,0.003194743
SE-Conv-L3_ObjectBased_R8.pth,AlexNet,3,ObjectBased,8,M,16,0.242452592,0,0.00090138
SE-Conv-L3_ObjectBased_R8.pth,AlexNet,3,ObjectBased,8,M,17,0.273756742,0,0.004663072
SE-Conv-L3_ObjectBased_R8.pth,AlexNet,3,ObjectBased,8,M,18,0.142516091,0,0.028965332
SE-Conv-L3_ObjectBased_R8.pth,AlexNet,3,ObjectBased,8,M,19,0.048610341,0,0.076943196
SE-Conv-L3_ObjectBased_R8.pth,AlexNet,3,ObjectBased,8,M,20,0.037218165,7.89E-07,0.099772416
SE-Conv-L3_ObjectBased_R8.pth,AlexNet,3,ObjectBased,8,M,21,0.001957869,0,0.201581225
SE-Conv-L3_ObjectBased_R8.pth,AlexNet,3,ObjectBased,8,N,1,0.001134213,0.004361405,0.050590456
SE-Conv-L3_ObjectBased_R8.pth,AlexNet,3,ObjectBased,8,N,2,0.001496483,0.003316786,0.057435688
SE-Conv-L3_ObjectBased_R8.pth,AlexNet,3,ObjectBased,8,N,3,0.001514903,0.00216313,0.046668585
SE-Conv-L3_ObjectBased_R8.pth,AlexNet,3,ObjectBased,8,N,4,0.001868079,0.005139382,0.047282744
SE-Conv-L3_ObjectBased_R8.pth,AlexNet,3,ObjectBased,8,N,5,0.001168973,0.004415867,0.041599177
SE-Conv-L3_ObjectBased_R8.pth,AlexNet,3,ObjectBased,8,N,6,0,3.19E-05,0.180857852
SE-Conv-L3_ObjectBased_R8.pth,AlexNet,3,ObjectBased,8,N,7,0,0.078639321,0.220433086
SE-Conv-L3_ObjectBased_R8.pth,AlexNet,3,ObjectBased,8,N,8,0,0.071990162,0.305535167
SE-Conv-L3_ObjectBased_R8.pth,AlexNet,3,ObjectBased,8,N,9,0.000519316,0.00436464,0.096191347
SE-Conv-L3_ObjectBased_R8.pth,AlexNet,3,ObjectBased,8,N,10,0,0.062312227,0.365413845
SE-Conv-L3_ObjectBased_R8.pth,AlexNet,3,ObjectBased,8,N,11,0,0.194699273,0.21372956
SE-Conv-L3_ObjectBased_R8.pth,AlexNet,3,ObjectBased,8,N,12,0,0.024859019,0.303934574
SE-Conv-L3_ObjectBased_R8.pth,AlexNet,3,ObjectBased,8,N,13,0,0.03461222,0.259404778
SE-Conv-L3_ObjectBased_R8.pth,AlexNet,3,ObjectBased,8,N,14,0,0.090015426,0.244099274
SE-Conv-L3_ObjectBased_R8.pth,AlexNet,3,ObjectBased,8,N,15,0,0.000779164,0.066724591
SE-Conv-L3_ObjectBased_R8.pth,AlexNet,3,ObjectBased,8,N,16,0,0.020978555,0.110435702
SE-Conv-L3_ObjectBased_R8.pth,AlexNet,3,ObjectBased,8,N,17,0,0.000496271,0.032262012
SE-Conv-L3_ObjectBased_R8.pth,AlexNet,3,ObjectBased,8,N,18,0,0.000102573,0.067510985
SE-Conv-L3_ObjectBased_R8.pth,AlexNet,3,ObjectBased,8,N,19,0,0.000417782,0.125252083
SE-Conv-L3_ObjectBased_R8.pth,AlexNet,3,ObjectBased,8,N,20,0,2.26E-05,0.136808082
SE-Conv-L3_ObjectBased_R8.pth,AlexNet,3,ObjectBased,8,N,21,0,7.29E-05,0.115315221
SE-Conv-L3_FaceBased_R16.pth,AlexNet,3,FaceBased,16,E,1,0.082564317,0,0
SE-Conv-L3_FaceBased_R16.pth,AlexNet,3,FaceBased,16,E,2,0.05628489,0.029672788,0.005811503
SE-Conv-L3_FaceBased_R16.pth,AlexNet,3,FaceBased,16,E,3,0.075812541,0.148923174,0.01931891
SE-Conv-L3_FaceBased_R16.pth,AlexNet,3,FaceBased,16,E,4,0.09160585,0.270562112,0.002316572
SE-Conv-L3_FaceBased_R16.pth,AlexNet,3,FaceBased,16,E,5,0.034398194,0.155539617,0.086520828
SE-Conv-L3_FaceBased_R16.pth,AlexNet,3,FaceBased,16,E,6,0.004369994,0.000262496,0.110346973
SE-Conv-L3_FaceBased_R16.pth,AlexNet,3,FaceBased,16,E,7,0.012534516,0.00219806,0.02512235
SE-Conv-L3_FaceBased_R16.pth,AlexNet,3,FaceBased,16,E,8,0,0,0
SE-Conv-L3_FaceBased_R16.pth,AlexNet,3,FaceBased,16,E,9,0,0,0
SE-Conv-L3_FaceBased_R16.pth,AlexNet,3,FaceBased,16,E,10,0,0,0
SE-Conv-L3_FaceBased_R16.pth,AlexNet,3,FaceBased,16,E,11,0,0,0
SE-Conv-L3_FaceBased_R16.pth,AlexNet,3,FaceBased,16,E,12,0,0,0
SE-Conv-L3_FaceBased_R16.pth,AlexNet,3,FaceBased,16,E,13,0,0,0
SE-Conv-L3_FaceBased_R16.pth,AlexNet,3,FaceBased,16,E,14,0,0,0
SE-Conv-L3_FaceBased_R16.pth,AlexNet,3,FaceBased,16,E,15,0.065962173,0,0
SE-Conv-L3_FaceBased_R16.pth,AlexNet,3,FaceBased,16,E,16,0.009095437,0,0.004597212
SE-Conv-L3_FaceBased_R16.pth,AlexNet,3,FaceBased,16,E,17,0,0,0
SE-Conv-L3_FaceBased_R16.pth,AlexNet,3,FaceBased,16,E,18,0,0,0
SE-Conv-L3_FaceBased_R16.pth,AlexNet,3,FaceBased,16,E,19,0.1408052,0.00233535,0.164064556
SE-Conv-L3_FaceBased_R16.pth,AlexNet,3,FaceBased,16,E,20,0.182660729,0.000824762,0.028547341
SE-Conv-L3_FaceBased_R16.pth,AlexNet,3,FaceBased,16,E,21,0.201229647,0.000649954,0.049878757
SE-Conv-L3_FaceBased_R16.pth,AlexNet,3,FaceBased,16,Full,1,0,0.013502505,0.155954614
SE-Conv-L3_FaceBased_R16.pth,AlexNet,3,FaceBased,16,Full,2,0,0.005474825,0.343429893
SE-Conv-L3_FaceBased_R16.pth,AlexNet,3,FaceBased,16,Full,3,0,0,0
SE-Conv-L3_FaceBased_R16.pth,AlexNet,3,FaceBased,16,Full,4,0,0,0
SE-Conv-L3_FaceBased_R16.pth,AlexNet,3,FaceBased,16,Full,5,0,0,0
SE-Conv-L3_FaceBased_R16.pth,AlexNet,3,FaceBased,16,Full,6,0,0,0
SE-Conv-L3_FaceBased_R16.pth,AlexNet,3,FaceBased,16,Full,7,0,0,0
SE-Conv-L3_FaceBased_R16.pth,AlexNet,3,FaceBased,16,Full,8,0.000326794,0.017137809,0.027848326
SE-Conv-L3_FaceBased_R16.pth,AlexNet,3,FaceBased,16,Full,9,0.001635304,0.093674578,0.009636963
SE-Conv-L3_FaceBased_R16.pth,AlexNet,3,FaceBased,16,Full,10,0.005038686,0.024075592,0.023503201
SE-Conv-L3_FaceBased_R16.pth,AlexNet,3,FaceBased,16,Full,11,0.008586138,0.094574772,0.036645524
SE-Conv-L3_FaceBased_R16.pth,AlexNet,3,FaceBased,16,Full,12,0,0,0
SE-Conv-L3_FaceBased_R16.pth,AlexNet,3,FaceBased,16,Full,13,0,0,0
SE-Conv-L3_FaceBased_R16.pth,AlexNet,3,FaceBased,16,Full,14,0,0,0
SE-Conv-L3_FaceBased_R16.pth,AlexNet,3,FaceBased,16,Full,15,0,0,0
SE-Conv-L3_FaceBased_R16.pth,AlexNet,3,FaceBased,16,Full,16,0,0.017948683,0.207308218
SE-Conv-L3_FaceBased_R16.pth,AlexNet,3,FaceBased,16,Full,17,0,0.275681555,0.244262978
SE-Conv-L3_FaceBased_R16.pth,AlexNet,3,FaceBased,16,Full,18,0,0.32866472,0.218601361
SE-Conv-L3_FaceBased_R16.pth,AlexNet,3,FaceBased,16,Full,19,0,0,0
SE-Conv-L3_FaceBased_R16.pth,AlexNet,3,FaceBased,16,Full,20,0,0.163731903,0.406787932
SE-Conv-L3_FaceBased_R16.pth,AlexNet,3,FaceBased,16,Full,21,0,0.559506059,0.090780959
SE-Conv-L3_FaceBased_R16.pth,AlexNet,3,FaceBased,16,M,1,0,0,0
SE-Conv-L3_FaceBased_R16.pth,AlexNet,3,FaceBased,16,M,2,0,0,0
SE-Conv-L3_FaceBased_R16.pth,AlexNet,3,FaceBased,16,M,3,0,0,0
SE-Conv-L3_FaceBased_R16.pth,AlexNet,3,FaceBased,16,M,4,0,0,0
SE-Conv-L3_FaceBased_R16.pth,AlexNet,3,FaceBased,16,M,5,0,0,0
SE-Conv-L3_FaceBased_R16.pth,AlexNet,3,FaceBased,16,M,6,0,0.023090662,0
SE-Conv-L3_FaceBased_R16.pth,AlexNet,3,FaceBased,16,M,7,0,0,0
SE-Conv-L3_FaceBased_R16.pth,AlexNet,3,FaceBased,16,M,8,0.003481206,0,1.03E-05
SE-Conv-L3_FaceBased_R16.pth,AlexNet,3,FaceBased,16,M,9,0,0.335502088,0.000349277
SE-Conv-L3_FaceBased_R16.pth,AlexNet,3,FaceBased,16,M,10,0,0.523789406,0.000730426
SE-Conv-L3_FaceBased_R16.pth,AlexNet,3,FaceBased,16,M,11,0,0.336217284,0.005553162
SE-Conv-L3_FaceBased_R16.pth,AlexNet,3,FaceBased,16,M,12,0,0.180592343,0
SE-Conv-L3_FaceBased_R16.pth,AlexNet,3,FaceBased,16,M,13,0,0,0
SE-Conv-L3_FaceBased_R16.pth,AlexNet,3,FaceBased,16,M,14,0,0,0
SE-Conv-L3_FaceBased_R16.pth,AlexNet,3,FaceBased,16,M,15,0,0,0
SE-Conv-L3_FaceBased_R16.pth,AlexNet,3,FaceBased,16,M,16,0,0,0
SE-Conv-L3_FaceBased_R16.pth,AlexNet,3,FaceBased,16,M,17,0,0,0
SE-Conv-L3_FaceBased_R16.pth,AlexNet,3,FaceBased,16,M,18,0,0,0
SE-Conv-L3_FaceBased_R16.pth,AlexNet,3,FaceBased,16,M,19,0,0.079474151,0
SE-Conv-L3_FaceBased_R16.pth,AlexNet,3,FaceBased,16,M,20,0,0.507602274,0
SE-Conv-L3_FaceBased_R16.pth,AlexNet,3,FaceBased,16,M,21,0.000830645,0.12201912,0.145209
SE-Conv-L3_FaceBased_R16.pth,AlexNet,3,FaceBased,16,N,1,0.008420723,0,0
SE-Conv-L3_FaceBased_R16.pth,AlexNet,3,FaceBased,16,N,2,0.070284262,0.000119284,0.003036899
SE-Conv-L3_FaceBased_R16.pth,AlexNet,3,FaceBased,16,N,3,0.027474303,0.000133237,0.002310819
SE-Conv-L3_FaceBased_R16.pth,AlexNet,3,FaceBased,16,N,4,0.022908747,0.014780988,0.290905476
SE-Conv-L3_FaceBased_R16.pth,AlexNet,3,FaceBased,16,N,5,0.020885505,0.026933491,0.421986908
SE-Conv-L3_FaceBased_R16.pth,AlexNet,3,FaceBased,16,N,6,0.11442218,0.001235025,0.266601443
SE-Conv-L3_FaceBased_R16.pth,AlexNet,3,FaceBased,16,N,7,0.00619464,0.000129993,0.436666459
SE-Conv-L3_FaceBased_R16.pth,AlexNet,3,FaceBased,16,N,8,0.005442304,0,0.193666324
SE-Conv-L3_FaceBased_R16.pth,AlexNet,3,FaceBased,16,N,9,0,9.19E-05,0.495623201
SE-Conv-L3_FaceBased_R16.pth,AlexNet,3,FaceBased,16,N,10,0.004265542,0.005260767,0.081593655
SE-Conv-L3_FaceBased_R16.pth,AlexNet,3,FaceBased,16,N,11,0,0.003718151,0.28976658
SE-Conv-L3_FaceBased_R16.pth,AlexNet,3,FaceBased,16,N,12,0,0.002394791,0.498251319
SE-Conv-L3_FaceBased_R16.pth,AlexNet,3,FaceBased,16,N,13,0.009005013,0.006146824,0.108219549
SE-Conv-L3_FaceBased_R16.pth,AlexNet,3,FaceBased,16,N,14,0,0.009736783,0.079684228
SE-Conv-L3_FaceBased_R16.pth,AlexNet,3,FaceBased,16,N,15,0,0.006423766,0.537285089
SE-Conv-L3_FaceBased_R16.pth,AlexNet,3,FaceBased,16,N,16,0,0.000497583,0.948131382
SE-Conv-L3_FaceBased_R16.pth,AlexNet,3,FaceBased,16,N,17,0,0.01094276,0.630074203
SE-Conv-L3_FaceBased_R16.pth,AlexNet,3,FaceBased,16,N,18,0,0.076299056,0.363520116
SE-Conv-L3_FaceBased_R16.pth,AlexNet,3,FaceBased,16,N,19,0,0,0.71166265
SE-Conv-L3_FaceBased_R16.pth,AlexNet,3,FaceBased,16,N,20,0,0,0.514079928
SE-Conv-L3_FaceBased_R16.pth,AlexNet,3,FaceBased,16,N,21,0.000505133,0.031355694,0.397848517
SE-Conv-L3_ObjectBased_R16.pth,AlexNet,3,ObjectBased,16,E,1,0.050859779,0.080780841,0.020682398
SE-Conv-L3_ObjectBased_R16.pth,AlexNet,3,ObjectBased,16,E,2,0.042192534,0.068409942,0.054276891
SE-Conv-L3_ObjectBased_R16.pth,AlexNet,3,ObjectBased,16,E,3,0.145859092,0.096019484,0.061398573
SE-Conv-L3_ObjectBased_R16.pth,AlexNet,3,ObjectBased,16,E,4,0.10254328,0.079813451,0.038147699
SE-Conv-L3_ObjectBased_R16.pth,AlexNet,3,ObjectBased,16,E,5,0.053093176,0.136866689,0.029487409
SE-Conv-L3_ObjectBased_R16.pth,AlexNet,3,ObjectBased,16,E,6,0.094271652,0.050407048,0.037174713
SE-Conv-L3_ObjectBased_R16.pth,AlexNet,3,ObjectBased,16,E,7,0.122573189,0.091395348,0.025941413
SE-Conv-L3_ObjectBased_R16.pth,AlexNet,3,ObjectBased,16,E,8,0.075722128,0.143033952,0.023965102
SE-Conv-L3_ObjectBased_R16.pth,AlexNet,3,ObjectBased,16,E,9,0.064775564,0.112297758,0.020655414
SE-Conv-L3_ObjectBased_R16.pth,AlexNet,3,ObjectBased,16,E,10,0.03175012,0.085329875,0.045986135
SE-Conv-L3_ObjectBased_R16.pth,AlexNet,3,ObjectBased,16,E,11,0.078136235,0.076007068,0.034233719
SE-Conv-L3_ObjectBased_R16.pth,AlexNet,3,ObjectBased,16,E,12,0.075145073,0.08815182,0.019516533
SE-Conv-L3_ObjectBased_R16.pth,AlexNet,3,ObjectBased,16,E,13,0.08933299,0.092933774,0.046176266
SE-Conv-L3_ObjectBased_R16.pth,AlexNet,3,ObjectBased,16,E,14,0.001394258,0.073694177,0.042153962
SE-Conv-L3_ObjectBased_R16.pth,AlexNet,3,ObjectBased,16,E,15,0.009399617,0.114925079,0.023573311
SE-Conv-L3_ObjectBased_R16.pth,AlexNet,3,ObjectBased,16,E,16,0.017408215,0.078780659,0.029210193
SE-Conv-L3_ObjectBased_R16.pth,AlexNet,3,ObjectBased,16,E,17,0.024409115,0.081160769,0.046581041
SE-Conv-L3_ObjectBased_R16.pth,AlexNet,3,ObjectBased,16,E,18,0.011315313,0.065480486,0.028386382
SE-Conv-L3_ObjectBased_R16.pth,AlexNet,3,ObjectBased,16,E,19,0.037821408,0.013787769,0.02554046
SE-Conv-L3_ObjectBased_R16.pth,AlexNet,3,ObjectBased,16,E,20,0.022039009,0.014941662,0.005923826
SE-Conv-L3_ObjectBased_R16.pth,AlexNet,3,ObjectBased,16,E,21,0.136824593,0.10183093,0.020644804
SE-Conv-L3_ObjectBased_R16.pth,AlexNet,3,ObjectBased,16,Full,1,0.022841308,0.01483553,0.072024077
SE-Conv-L3_ObjectBased_R16.pth,AlexNet,3,ObjectBased,16,Full,2,0.020071629,0.010737313,0.052932441
SE-Conv-L3_ObjectBased_R16.pth,AlexNet,3,ObjectBased,16,Full,3,0.01459814,0.011397447,0.046147678
SE-Conv-L3_ObjectBased_R16.pth,AlexNet,3,ObjectBased,16,Full,4,0.023959816,0.011785585,0.03768637
SE-Conv-L3_ObjectBased_R16.pth,AlexNet,3,ObjectBased,16,Full,5,0.020044331,0.014648712,0.030066701
SE-Conv-L3_ObjectBased_R16.pth,AlexNet,3,ObjectBased,16,Full,6,0.025447156,0.016158078,0.038407486
SE-Conv-L3_ObjectBased_R16.pth,AlexNet,3,ObjectBased,16,Full,7,0.060243081,0.047291409,0.145936206
SE-Conv-L3_ObjectBased_R16.pth,AlexNet,3,ObjectBased,16,Full,8,0.072218895,0.048022784,0.118845813
SE-Conv-L3_ObjectBased_R16.pth,AlexNet,3,ObjectBased,16,Full,9,0.086827613,0.041395191,0.097434342
SE-Conv-L3_ObjectBased_R16.pth,AlexNet,3,ObjectBased,16,Full,10,0.033987924,0.069478199,0.096267387
SE-Conv-L3_ObjectBased_R16.pth,AlexNet,3,ObjectBased,16,Full,11,0.072677642,0.14128606,0.10442473
SE-Conv-L3_ObjectBased_R16.pth,AlexNet,3,ObjectBased,16,Full,12,0.030273454,0.202064902,0.147471189
SE-Conv-L3_ObjectBased_R16.pth,AlexNet,3,ObjectBased,16,Full,13,0.000192716,0.176058799,0.123085134
SE-Conv-L3_ObjectBased_R16.pth,AlexNet,3,ObjectBased,16,Full,14,0.004223499,0.092316099,0.195722163
SE-Conv-L3_ObjectBased_R16.pth,AlexNet,3,ObjectBased,16,Full,15,0.001878807,0.185570866,0.150859863
SE-Conv-L3_ObjectBased_R16.pth,AlexNet,3,ObjectBased,16,Full,16,0.003767986,0.135597154,0.297053874
SE-Conv-L3_ObjectBased_R16.pth,AlexNet,3,ObjectBased,16,Full,17,0.071398228,0.006788401,0.00124081
SE-Conv-L3_ObjectBased_R16.pth,AlexNet,3,ObjectBased,16,Full,18,0.079781711,0.007715352,0.018988376
SE-Conv-L3_ObjectBased_R16.pth,AlexNet,3,ObjectBased,16,Full,19,0.053844612,0.009138438,0.027531525
SE-Conv-L3_ObjectBased_R16.pth,AlexNet,3,ObjectBased,16,Full,20,0.043617703,0.008315855,0.019790214
SE-Conv-L3_ObjectBased_R16.pth,AlexNet,3,ObjectBased,16,Full,21,0.045209739,0.006997743,0.055752918
SE-Conv-L3_ObjectBased_R16.pth,AlexNet,3,ObjectBased,16,M,1,0.048994161,0.006742029,0.025488954
SE-Conv-L3_ObjectBased_R16.pth,AlexNet,3,ObjectBased,16,M,2,0.085093632,0.013784511,0.008151997
SE-Conv-L3_ObjectBased_R16.pth,AlexNet,3,ObjectBased,16,M,3,0.072533794,0.011608676,0.01529727
SE-Conv-L3_ObjectBased_R16.pth,AlexNet,3,ObjectBased,16,M,4,0.023067363,0.00766269,0.035300795
SE-Conv-L3_ObjectBased_R16.pth,AlexNet,3,ObjectBased,16,M,5,0.029462961,0.000883462,0.257886261
SE-Conv-L3_ObjectBased_R16.pth,AlexNet,3,ObjectBased,16,M,6,0.04560319,0.001410991,0.020297755
SE-Conv-L3_ObjectBased_R16.pth,AlexNet,3,ObjectBased,16,M,7,0.029241469,0.004887747,0.082608186
SE-Conv-L3_ObjectBased_R16.pth,AlexNet,3,ObjectBased,16,M,8,0.048493207,0.013379987,0.007364101
SE-Conv-L3_ObjectBased_R16.pth,AlexNet,3,ObjectBased,16,M,9,0.044410769,0.01327482,0.003736449
SE-Conv-L3_ObjectBased_R16.pth,AlexNet,3,ObjectBased,16,M,10,0.120594189,0.026573008,0.004006477
SE-Conv-L3_ObjectBased_R16.pth,AlexNet,3,ObjectBased,16,M,11,0.094121948,0.040371653,0.007653348
SE-Conv-L3_ObjectBased_R16.pth,AlexNet,3,ObjectBased,16,M,12,0.101698406,0.026301946,0.008872535
SE-Conv-L3_ObjectBased_R16.pth,AlexNet,3,ObjectBased,16,M,13,0.073382474,0.023248401,0.028149448
SE-Conv-L3_ObjectBased_R16.pth,AlexNet,3,ObjectBased,16,M,14,0.027596692,0.009331715,0.128418922
SE-Conv-L3_ObjectBased_R16.pth,AlexNet,3,ObjectBased,16,M,15,0.106029525,0.03174052,0.030296108
SE-Conv-L3_ObjectBased_R16.pth,AlexNet,3,ObjectBased,16,M,16,0.091307342,0.032125384,0.021971352
SE-Conv-L3_ObjectBased_R16.pth,AlexNet,3,ObjectBased,16,M,17,0.066991076,0.050907444,0.055654865
SE-Conv-L3_ObjectBased_R16.pth,AlexNet,3,ObjectBased,16,M,18,0.069127902,0.051830601,0.045121223
SE-Conv-L3_ObjectBased_R16.pth,AlexNet,3,ObjectBased,16,M,19,0.047202107,0.096563376,0.122666873
SE-Conv-L3_ObjectBased_R16.pth,AlexNet,3,ObjectBased,16,M,20,0.021651838,0.020142004,0.126092672
SE-Conv-L3_ObjectBased_R16.pth,AlexNet,3,ObjectBased,16,M,21,0.028508486,0.048496909,0.118205257
SE-Conv-L3_ObjectBased_R16.pth,AlexNet,3,ObjectBased,16,N,1,0.102898158,0.021043049,0.083909191
SE-Conv-L3_ObjectBased_R16.pth,AlexNet,3,ObjectBased,16,N,2,0.118314825,0.034598704,0.066565663
SE-Conv-L3_ObjectBased_R16.pth,AlexNet,3,ObjectBased,16,N,3,0.100774571,0.03810136,0.089462362
SE-Conv-L3_ObjectBased_R16.pth,AlexNet,3,ObjectBased,16,N,4,0.081231035,0.013870523,0.043874212
SE-Conv-L3_ObjectBased_R16.pth,AlexNet,3,ObjectBased,16,N,5,0.063894548,0.018138438,0.038910933
SE-Conv-L3_ObjectBased_R16.pth,AlexNet,3,ObjectBased,16,N,6,0.039013445,0.03535312,0.026523765
SE-Conv-L3_ObjectBased_R16.pth,AlexNet,3,ObjectBased,16,N,7,0.053373367,0.009329863,0.015735628
SE-Conv-L3_ObjectBased_R16.pth,AlexNet,3,ObjectBased,16,N,8,0.06395863,0.011366159,0.015136211
SE-Conv-L3_ObjectBased_R16.pth,AlexNet,3,ObjectBased,16,N,9,0.057007052,0.002074502,0.018015096
SE-Conv-L3_ObjectBased_R16.pth,AlexNet,3,ObjectBased,16,N,10,0.041039571,0.001471302,0.033964206
SE-Conv-L3_ObjectBased_R16.pth,AlexNet,3,ObjectBased,16,N,11,0.027296346,0.003374503,0.039968599
SE-Conv-L3_ObjectBased_R16.pth,AlexNet,3,ObjectBased,16,N,12,0.03496626,0.002427059,0.021175325
SE-Conv-L3_ObjectBased_R16.pth,AlexNet,3,ObjectBased,16,N,13,0.037156202,0.004348179,0.039704051
SE-Conv-L3_ObjectBased_R16.pth,AlexNet,3,ObjectBased,16,N,14,0.114678495,0.003895204,0.051702529
SE-Conv-L3_ObjectBased_R16.pth,AlexNet,3,ObjectBased,16,N,15,0.148277953,0.367452294,0.050018534
SE-Conv-L3_ObjectBased_R16.pth,AlexNet,3,ObjectBased,16,N,16,0.359780937,0.167844653,0.035385493
SE-Conv-L3_ObjectBased_R16.pth,AlexNet,3,ObjectBased,16,N,17,0.390054971,0.062850676,0.022092072
SE-Conv-L3_ObjectBased_R16.pth,AlexNet,3,ObjectBased,16,N,18,0.420247197,0.041326538,0.002477123
SE-Conv-L3_ObjectBased_R16.pth,AlexNet,3,ObjectBased,16,N,19,0.519215167,0.024940824,0.002030072
SE-Conv-L3_ObjectBased_R16.pth,AlexNet,3,ObjectBased,16,N,20,0.373173207,0.022075161,0.009588962
SE-Conv-L3_ObjectBased_R16.pth,AlexNet,3,ObjectBased,16,N,21,0.415527612,0.025992496,0.004790176
SE-Conv-L3_FaceBased_R32.pth,AlexNet,3,FaceBased,32,E,1,0.091958627,0.049855825,0.183986381
SE-Conv-L3_FaceBased_R32.pth,AlexNet,3,FaceBased,32,E,2,0.126914695,0.036164384,0.116651565
SE-Conv-L3_FaceBased_R32.pth,AlexNet,3,FaceBased,32,E,3,0.093916997,0.034234766,0.136131406
SE-Conv-L3_FaceBased_R32.pth,AlexNet,3,FaceBased,32,E,4,0.080691762,0.020307511,0.188555136
SE-Conv-L3_FaceBased_R32.pth,AlexNet,3,FaceBased,32,E,5,0.130078524,0.020763038,0.081318744
SE-Conv-L3_FaceBased_R32.pth,AlexNet,3,FaceBased,32,E,6,0.118235916,0.015057022,0.038403284
SE-Conv-L3_FaceBased_R32.pth,AlexNet,3,FaceBased,32,E,7,0.11621277,0.016212005,0.124375664
SE-Conv-L3_FaceBased_R32.pth,AlexNet,3,FaceBased,32,E,8,0.087787665,0.032553799,0.172000334
SE-Conv-L3_FaceBased_R32.pth,AlexNet,3,FaceBased,32,E,9,0.147434548,0.025981301,0.039698757
SE-Conv-L3_FaceBased_R32.pth,AlexNet,3,FaceBased,32,E,10,0.119536288,0.024703233,0.039943594
SE-Conv-L3_FaceBased_R32.pth,AlexNet,3,FaceBased,32,E,11,0.094550423,0.010435223,0.03580121
SE-Conv-L3_FaceBased_R32.pth,AlexNet,3,FaceBased,32,E,12,0.117451422,0.014215758,0.05196289
SE-Conv-L3_FaceBased_R32.pth,AlexNet,3,FaceBased,32,E,13,0.088852949,0.013385643,0.158589229
SE-Conv-L3_FaceBased_R32.pth,AlexNet,3,FaceBased,32,E,14,0.09019047,0.040023658,0.157784745
SE-Conv-L3_FaceBased_R32.pth,AlexNet,3,FaceBased,32,E,15,0.086278342,0.06753961,0.221801177
SE-Conv-L3_FaceBased_R32.pth,AlexNet,3,FaceBased,32,E,16,0.076520093,0.060818773,0.241438508
SE-Conv-L3_FaceBased_R32.pth,AlexNet,3,FaceBased,32,E,17,0.1390744,0.016556853,0.208630055
SE-Conv-L3_FaceBased_R32.pth,AlexNet,3,FaceBased,32,E,18,0.031216661,0.131925181,0.325918972
SE-Conv-L3_FaceBased_R32.pth,AlexNet,3,FaceBased,32,E,19,0.0017364,0.166239232,0.366172552
SE-Conv-L3_FaceBased_R32.pth,AlexNet,3,FaceBased,32,E,20,0.04246911,0.166886732,0.266492426
SE-Conv-L3_FaceBased_R32.pth,AlexNet,3,FaceBased,32,E,21,0.015643448,0.105992526,0.369464457
SE-Conv-L3_FaceBased_R32.pth,AlexNet,3,FaceBased,32,Full,1,0.012365606,0.250823945,0.00021123
SE-Conv-L3_FaceBased_R32.pth,AlexNet,3,FaceBased,32,Full,2,0.042928949,0.270323485,0.000310973
SE-Conv-L3_FaceBased_R32.pth,AlexNet,3,FaceBased,32,Full,3,0.008219704,0.310537368,0.001536698
SE-Conv-L3_FaceBased_R32.pth,AlexNet,3,FaceBased,32,Full,4,0.065997809,0.023391116,0
SE-Conv-L3_FaceBased_R32.pth,AlexNet,3,FaceBased,32,Full,5,0.116132997,0.017359084,0.000426081
SE-Conv-L3_FaceBased_R32.pth,AlexNet,3,FaceBased,32,Full,6,0.106153898,0.002658907,0.000463016
SE-Conv-L3_FaceBased_R32.pth,AlexNet,3,FaceBased,32,Full,7,0.108991593,0.004504879,0.000294705
SE-Conv-L3_FaceBased_R32.pth,AlexNet,3,FaceBased,32,Full,8,0.17604436,0.002183073,0
SE-Conv-L3_FaceBased_R32.pth,AlexNet,3,FaceBased,32,Full,9,0.198060825,0.000629248,6.54E-05
SE-Conv-L3_FaceBased_R32.pth,AlexNet,3,FaceBased,32,Full,10,0.30363071,0.017817298,0
SE-Conv-L3_FaceBased_R32.pth,AlexNet,3,FaceBased,32,Full,11,0,0,0
SE-Conv-L3_FaceBased_R32.pth,AlexNet,3,FaceBased,32,Full,12,0,0,0
SE-Conv-L3_FaceBased_R32.pth,AlexNet,3,FaceBased,32,Full,13,0,0,0
SE-Conv-L3_FaceBased_R32.pth,AlexNet,3,FaceBased,32,Full,14,0,0,0
SE-Conv-L3_FaceBased_R32.pth,AlexNet,3,FaceBased,32,Full,15,0,0,0
SE-Conv-L3_FaceBased_R32.pth,AlexNet,3,FaceBased,32,Full,16,0,0,0
SE-Conv-L3_FaceBased_R32.pth,AlexNet,3,FaceBased,32,Full,17,0,0,0
SE-Conv-L3_FaceBased_R32.pth,AlexNet,3,FaceBased,32,Full,18,0,0,0
SE-Conv-L3_FaceBased_R32.pth,AlexNet,3,FaceBased,32,Full,19,0,0,0
SE-Conv-L3_FaceBased_R32.pth,AlexNet,3,FaceBased,32,Full,20,0,0,0
SE-Conv-L3_FaceBased_R32.pth,AlexNet,3,FaceBased,32,Full,21,0,0,0
SE-Conv-L3_FaceBased_R32.pth,AlexNet,3,FaceBased,32,M,1,0.206334025,0.110181011,0
SE-Conv-L3_FaceBased_R32.pth,AlexNet,3,FaceBased,32,M,2,0.386773914,0.013694115,0
SE-Conv-L3_FaceBased_R32.pth,AlexNet,3,FaceBased,32,M,3,0.416367263,0.036384683,0
SE-Conv-L3_FaceBased_R32.pth,AlexNet,3,FaceBased,32,M,4,0.475875229,0.050429542,0
SE-Conv-L3_FaceBased_R32.pth,AlexNet,3,FaceBased,32,M,5,0.371776998,0.091723464,0
SE-Conv-L3_FaceBased_R32.pth,AlexNet,3,FaceBased,32,M,6,0.319188982,0.102442592,1.90E-05
SE-Conv-L3_FaceBased_R32.pth,AlexNet,3,FaceBased,32,M,7,0.369946003,0.05908858,1.84E-05
SE-Conv-L3_FaceBased_R32.pth,AlexNet,3,FaceBased,32,M,8,0.253069282,0.102143481,0.015715107
SE-Conv-L3_FaceBased_R32.pth,AlexNet,3,FaceBased,32,M,9,0.308738619,0.063479558,3.31E-05
SE-Conv-L3_FaceBased_R32.pth,AlexNet,3,FaceBased,32,M,10,0.184572294,0.052200358,4.70E-05
SE-Conv-L3_FaceBased_R32.pth,AlexNet,3,FaceBased,32,M,11,0.217741504,0.082030408,0.000112524
SE-Conv-L3_FaceBased_R32.pth,AlexNet,3,FaceBased,32,M,12,0.244790554,0.03776592,0.000157507
SE-Conv-L3_FaceBased_R32.pth,AlexNet,3,FaceBased,32,M,13,0.238822803,0.036794607,3.18E-05
SE-Conv-L3_FaceBased_R32.pth,AlexNet,3,FaceBased,32,M,14,0.187821791,0.135696232,4.80E-05
SE-Conv-L3_FaceBased_R32.pth,AlexNet,3,FaceBased,32,M,15,0.256515086,0.118489578,4.66E-05
SE-Conv-L3_FaceBased_R32.pth,AlexNet,3,FaceBased,32,M,16,0.275930524,0.129410043,0.000187628
SE-Conv-L3_FaceBased_R32.pth,AlexNet,3,FaceBased,32,M,17,0.26424998,0.17077145,0
SE-Conv-L3_FaceBased_R32.pth,AlexNet,3,FaceBased,32,M,18,0.354904741,0.070212103,0
SE-Conv-L3_FaceBased_R32.pth,AlexNet,3,FaceBased,32,M,19,0.34398973,0.13655667,0
SE-Conv-L3_FaceBased_R32.pth,AlexNet,3,FaceBased,32,M,20,0.288737476,0.075893506,0
SE-Conv-L3_FaceBased_R32.pth,AlexNet,3,FaceBased,32,M,21,0.101551734,0.037277274,0
SE-Conv-L3_FaceBased_R32.pth,AlexNet,3,FaceBased,32,N,1,0.174976543,0,4.53E-05
SE-Conv-L3_FaceBased_R32.pth,AlexNet,3,FaceBased,32,N,2,0.160952419,0.012481895,0.06382601
SE-Conv-L3_FaceBased_R32.pth,AlexNet,3,FaceBased,32,N,3,0.153655499,0.000481547,0.039134499
SE-Conv-L3_FaceBased_R32.pth,AlexNet,3,FaceBased,32,N,4,0.188558638,0.002829498,0.023117874
SE-Conv-L3_FaceBased_R32.pth,AlexNet,3,FaceBased,32,N,5,0.168697819,0.005108784,0.072977811
SE-Conv-L3_FaceBased_R32.pth,AlexNet,3,FaceBased,32,N,6,0.124434166,0.028434867,0.028774409
SE-Conv-L3_FaceBased_R32.pth,AlexNet,3,FaceBased,32,N,7,0.092787519,0.027957205,0.018119499
SE-Conv-L3_FaceBased_R32.pth,AlexNet,3,FaceBased,32,N,8,0.28150785,0.008930354,0.002613127
SE-Conv-L3_FaceBased_R32.pth,AlexNet,3,FaceBased,32,N,9,0.273828506,0.022256769,0.021869915
SE-Conv-L3_FaceBased_R32.pth,AlexNet,3,FaceBased,32,N,10,0.22061263,0.008062262,0.001584971
SE-Conv-L3_FaceBased_R32.pth,AlexNet,3,FaceBased,32,N,11,0.191218778,0.030348511,0.016743086
SE-Conv-L3_FaceBased_R32.pth,AlexNet,3,FaceBased,32,N,12,0.211734802,0.001729382,0.001002906
SE-Conv-L3_FaceBased_R32.pth,AlexNet,3,FaceBased,32,N,13,0.155351371,0.000946457,0.001553874
SE-Conv-L3_FaceBased_R32.pth,AlexNet,3,FaceBased,32,N,14,0.178480148,0.011484972,0.078246586
SE-Conv-L3_FaceBased_R32.pth,AlexNet,3,FaceBased,32,N,15,0.17771934,0.015968475,0.062499203
SE-Conv-L3_FaceBased_R32.pth,AlexNet,3,FaceBased,32,N,16,0.169281244,0.011812039,0.047967948
SE-Conv-L3_FaceBased_R32.pth,AlexNet,3,FaceBased,32,N,17,0.145486474,0.030140629,0.102687083
SE-Conv-L3_FaceBased_R32.pth,AlexNet,3,FaceBased,32,N,18,0.155094326,0.043817151,0.115788594
SE-Conv-L3_FaceBased_R32.pth,AlexNet,3,FaceBased,32,N,19,0.128589004,0.070765354,0.101717621
SE-Conv-L3_FaceBased_R32.pth,AlexNet,3,FaceBased,32,N,20,0.115818195,0.070471868,0.097074404
SE-Conv-L3_FaceBased_R32.pth,AlexNet,3,FaceBased,32,N,21,0.128221512,0.073756181,0.092114262
SE-Conv-L3_ObjectBased_R32.pth,AlexNet,3,ObjectBased,32,E,1,0.002001959,0.007748982,0.005583933
SE-Conv-L3_ObjectBased_R32.pth,AlexNet,3,ObjectBased,32,E,2,0.000393448,0.009221808,0.016340896
SE-Conv-L3_ObjectBased_R32.pth,AlexNet,3,ObjectBased,32,E,3,0.000941908,0.002311409,0.017828679
SE-Conv-L3_ObjectBased_R32.pth,AlexNet,3,ObjectBased,32,E,4,0.003005039,0.014171962,0.028151376
SE-Conv-L3_ObjectBased_R32.pth,AlexNet,3,ObjectBased,32,E,5,0.001173813,0.008811986,0.027288964
SE-Conv-L3_ObjectBased_R32.pth,AlexNet,3,ObjectBased,32,E,6,0.00064267,0.011386929,0.029629096
SE-Conv-L3_ObjectBased_R32.pth,AlexNet,3,ObjectBased,32,E,7,0.00074967,0.006198122,0.042587575
SE-Conv-L3_ObjectBased_R32.pth,AlexNet,3,ObjectBased,32,E,8,0,0,0.012578634
SE-Conv-L3_ObjectBased_R32.pth,AlexNet,3,ObjectBased,32,E,9,0.002262052,0.005471797,0.025152925
SE-Conv-L3_ObjectBased_R32.pth,AlexNet,3,ObjectBased,32,E,10,0,2.28E-05,0.042902865
SE-Conv-L3_ObjectBased_R32.pth,AlexNet,3,ObjectBased,32,E,11,0.003038279,0,0.030305078
SE-Conv-L3_ObjectBased_R32.pth,AlexNet,3,ObjectBased,32,E,12,0.004617068,0.003983526,0.039226472
SE-Conv-L3_ObjectBased_R32.pth,AlexNet,3,ObjectBased,32,E,13,0.001052737,0.0062865,0.016005712
SE-Conv-L3_ObjectBased_R32.pth,AlexNet,3,ObjectBased,32,E,14,0.002719921,0.014226316,0.014967926
SE-Conv-L3_ObjectBased_R32.pth,AlexNet,3,ObjectBased,32,E,15,0.001394707,0.00729912,0.013682682
SE-Conv-L3_ObjectBased_R32.pth,AlexNet,3,ObjectBased,32,E,16,0,0.013275757,0.000170941
SE-Conv-L3_ObjectBased_R32.pth,AlexNet,3,ObjectBased,32,E,17,0,0.014919957,0.025671393
SE-Conv-L3_ObjectBased_R32.pth,AlexNet,3,ObjectBased,32,E,18,0,0,0
SE-Conv-L3_ObjectBased_R32.pth,AlexNet,3,ObjectBased,32,E,19,0,0,0.000605921
SE-Conv-L3_ObjectBased_R32.pth,AlexNet,3,ObjectBased,32,E,20,0.000140175,0.00439324,0.00477667
SE-Conv-L3_ObjectBased_R32.pth,AlexNet,3,ObjectBased,32,E,21,0.00110174,1.44E-05,0.007739152
SE-Conv-L3_ObjectBased_R32.pth,AlexNet,3,ObjectBased,32,Full,1,0,0,0.005076979
SE-Conv-L3_ObjectBased_R32.pth,AlexNet,3,ObjectBased,32,Full,2,1.33E-05,0.005182336,0.017476674
SE-Conv-L3_ObjectBased_R32.pth,AlexNet,3,ObjectBased,32,Full,3,0.000879272,0.010593397,0.019440591
SE-Conv-L3_ObjectBased_R32.pth,AlexNet,3,ObjectBased,32,Full,4,6.26E-05,1.15E-05,0.017871683
SE-Conv-L3_ObjectBased_R32.pth,AlexNet,3,ObjectBased,32,Full,5,0.000884384,0.001820161,0.025157111
SE-Conv-L3_ObjectBased_R32.pth,AlexNet,3,ObjectBased,32,Full,6,0,0.017106848,0.052641373
SE-Conv-L3_ObjectBased_R32.pth,AlexNet,3,ObjectBased,32,Full,7,0,0.007374542,0.01388739
SE-Conv-L3_ObjectBased_R32.pth,AlexNet,3,ObjectBased,32,Full,8,0.009225755,0.00529951,0.012414206
SE-Conv-L3_ObjectBased_R32.pth,AlexNet,3,ObjectBased,32,Full,9,0.022604199,0.018496821,0.029827829
SE-Conv-L3_ObjectBased_R32.pth,AlexNet,3,ObjectBased,32,Full,10,0.013889912,0.015256653,0.036782507
SE-Conv-L3_ObjectBased_R32.pth,AlexNet,3,ObjectBased,32,Full,11,0.008678305,0.001692579,0.086853787
SE-Conv-L3_ObjectBased_R32.pth,AlexNet,3,ObjectBased,32,Full,12,0.002533487,0.008533669,0.040570781
SE-Conv-L3_ObjectBased_R32.pth,AlexNet,3,ObjectBased,32,Full,13,0.01032905,0.005359021,0.026732303
SE-Conv-L3_ObjectBased_R32.pth,AlexNet,3,ObjectBased,32,Full,14,0.006796501,0.00129177,0.04857409
SE-Conv-L3_ObjectBased_R32.pth,AlexNet,3,ObjectBased,32,Full,15,0.00050271,0.031888813,0.006196914
SE-Conv-L3_ObjectBased_R32.pth,AlexNet,3,ObjectBased,32,Full,16,0,0.003138293,0.023229036
SE-Conv-L3_ObjectBased_R32.pth,AlexNet,3,ObjectBased,32,Full,17,0.004024639,0.102212064,0.01138927
SE-Conv-L3_ObjectBased_R32.pth,AlexNet,3,ObjectBased,32,Full,18,0.010900001,0.084382497,0.009926851
SE-Conv-L3_ObjectBased_R32.pth,AlexNet,3,ObjectBased,32,Full,19,0.079985917,0.132679731,0.001009869
SE-Conv-L3_ObjectBased_R32.pth,AlexNet,3,ObjectBased,32,Full,20,0.012585894,0.086376615,0.003504892
SE-Conv-L3_ObjectBased_R32.pth,AlexNet,3,ObjectBased,32,Full,21,0.005877092,0.012431206,0.009806623
SE-Conv-L3_ObjectBased_R32.pth,AlexNet,3,ObjectBased,32,M,1,0,0.002459029,0.068249606
SE-Conv-L3_ObjectBased_R32.pth,AlexNet,3,ObjectBased,32,M,2,0.004131131,0.001083501,0.111669376
SE-Conv-L3_ObjectBased_R32.pth,AlexNet,3,ObjectBased,32,M,3,0.00163533,0.001857273,0.045020446
SE-Conv-L3_ObjectBased_R32.pth,AlexNet,3,ObjectBased,32,M,4,0.001756979,0.001002037,0.13486892
SE-Conv-L3_ObjectBased_R32.pth,AlexNet,3,ObjectBased,32,M,5,0.000697044,0.000420259,0.058595348
SE-Conv-L3_ObjectBased_R32.pth,AlexNet,3,ObjectBased,32,M,6,0.011795757,0.000417932,0.102984905
SE-Conv-L3_ObjectBased_R32.pth,AlexNet,3,ObjectBased,32,M,7,0.011818632,0.002499007,0.164477855
SE-Conv-L3_ObjectBased_R32.pth,AlexNet,3,ObjectBased,32,M,8,0.030312307,0.01253392,0.224535301
SE-Conv-L3_ObjectBased_R32.pth,AlexNet,3,ObjectBased,32,M,9,0.044473439,2.87E-05,0.225096196
SE-Conv-L3_ObjectBased_R32.pth,AlexNet,3,ObjectBased,32,M,10,0,0.000286828,0.275209069
SE-Conv-L3_ObjectBased_R32.pth,AlexNet,3,ObjectBased,32,M,11,0.065034449,0,0.054097619
SE-Conv-L3_ObjectBased_R32.pth,AlexNet,3,ObjectBased,32,M,12,0.024667397,0.00270023,0.246562198
SE-Conv-L3_ObjectBased_R32.pth,AlexNet,3,ObjectBased,32,M,13,0.041106176,0.00772399,0.09312515
SE-Conv-L3_ObjectBased_R32.pth,AlexNet,3,ObjectBased,32,M,14,0,0.000162472,0.21405296
SE-Conv-L3_ObjectBased_R32.pth,AlexNet,3,ObjectBased,32,M,15,0.00922887,0.017059891,0.075646542
SE-Conv-L3_ObjectBased_R32.pth,AlexNet,3,ObjectBased,32,M,16,0.015919697,0.018723106,0.17993398
SE-Conv-L3_ObjectBased_R32.pth,AlexNet,3,ObjectBased,32,M,17,0.053414695,0.016899465,0.17497319
SE-Conv-L3_ObjectBased_R32.pth,AlexNet,3,ObjectBased,32,M,18,0.008462992,0,0.300426483
SE-Conv-L3_ObjectBased_R32.pth,AlexNet,3,ObjectBased,32,M,19,0.188095331,0,0.062609978
SE-Conv-L3_ObjectBased_R32.pth,AlexNet,3,ObjectBased,32,M,20,0.011783007,0.000897063,0.302680194
SE-Conv-L3_ObjectBased_R32.pth,AlexNet,3,ObjectBased,32,M,21,0.014068351,0.007059254,0.202264175
SE-Conv-L3_ObjectBased_R32.pth,AlexNet,3,ObjectBased,32,N,1,0.017126776,0.000241008,0.06023195
SE-Conv-L3_ObjectBased_R32.pth,AlexNet,3,ObjectBased,32,N,2,0.025042029,0.000100027,0.068634242
SE-Conv-L3_ObjectBased_R32.pth,AlexNet,3,ObjectBased,32,N,3,0.036776572,0.000231099,0.080435544
SE-Conv-L3_ObjectBased_R32.pth,AlexNet,3,ObjectBased,32,N,4,0.028146375,0.000286934,0.076285809
SE-Conv-L3_ObjectBased_R32.pth,AlexNet,3,ObjectBased,32,N,5,0.015199606,0.000388157,0.090776905
SE-Conv-L3_ObjectBased_R32.pth,AlexNet,3,ObjectBased,32,N,6,0.00608021,0.002956632,0.116745785
SE-Conv-L3_ObjectBased_R32.pth,AlexNet,3,ObjectBased,32,N,7,0.003478382,0.003286632,0.106702611
SE-Conv-L3_ObjectBased_R32.pth,AlexNet,3,ObjectBased,32,N,8,0.002266673,0.000392746,0.159015164
SE-Conv-L3_ObjectBased_R32.pth,AlexNet,3,ObjectBased,32,N,9,0.001860768,0.003952251,0.102740265
SE-Conv-L3_ObjectBased_R32.pth,AlexNet,3,ObjectBased,32,N,10,0.002888019,0.003387336,0.092222273
SE-Conv-L3_ObjectBased_R32.pth,AlexNet,3,ObjectBased,32,N,11,0.003986942,0.000392484,0.125104755
SE-Conv-L3_ObjectBased_R32.pth,AlexNet,3,ObjectBased,32,N,12,0.004835183,0.002755457,0.11887341
SE-Conv-L3_ObjectBased_R32.pth,AlexNet,3,ObjectBased,32,N,13,0.008185395,0.001875829,0.097913295
SE-Conv-L3_ObjectBased_R32.pth,AlexNet,3,ObjectBased,32,N,14,0.008899843,0.011685911,0.085667007
SE-Conv-L3_ObjectBased_R32.pth,AlexNet,3,ObjectBased,32,N,15,0.004371778,0.007462513,0.105109036
SE-Conv-L3_ObjectBased_R32.pth,AlexNet,3,ObjectBased,32,N,16,0.003352174,0.008846151,0.096229069
SE-Conv-L3_ObjectBased_R32.pth,AlexNet,3,ObjectBased,32,N,17,0.004430328,0.011489702,0.074238829
SE-Conv-L3_ObjectBased_R32.pth,AlexNet,3,ObjectBased,32,N,18,0.003754339,0.032913927,0.061418854
SE-Conv-L3_ObjectBased_R32.pth,AlexNet,3,ObjectBased,32,N,19,0.001062918,0.0575088,0.06617377
SE-Conv-L3_ObjectBased_R32.pth,AlexNet,3,ObjectBased,32,N,20,0.001805792,0.041161817,0.05869852
SE-Conv-L3_ObjectBased_R32.pth,AlexNet,3,ObjectBased,32,N,21,0.003096819,0.067062125,0.061460059
SE-Conv-L4_FaceBased_R2.pth,AlexNet,4,FaceBased,2,E,1,0,0.057391651,0.007963822
SE-Conv-L4_FaceBased_R2.pth,AlexNet,4,FaceBased,2,E,2,0,0.079474263,0
SE-Conv-L4_FaceBased_R2.pth,AlexNet,4,FaceBased,2,E,3,0,0,0
SE-Conv-L4_FaceBased_R2.pth,AlexNet,4,FaceBased,2,E,4,0,0.079474263,0
SE-Conv-L4_FaceBased_R2.pth,AlexNet,4,FaceBased,2,E,5,0,0.079474263,0
SE-Conv-L4_FaceBased_R2.pth,AlexNet,4,FaceBased,2,E,6,0,0.264873296,0
SE-Conv-L4_FaceBased_R2.pth,AlexNet,4,FaceBased,2,E,7,0,0.077305362,0.000782189
SE-Conv-L4_FaceBased_R2.pth,AlexNet,4,FaceBased,2,E,8,0,0.271738708,0
SE-Conv-L4_FaceBased_R2.pth,AlexNet,4,FaceBased,2,E,9,7.98E-05,0.36277467,0.06638775
SE-Conv-L4_FaceBased_R2.pth,AlexNet,4,FaceBased,2,E,10,0,0.160670146,0.138391748
SE-Conv-L4_FaceBased_R2.pth,AlexNet,4,FaceBased,2,E,11,5.21E-05,0.138880387,0.009790096
SE-Conv-L4_FaceBased_R2.pth,AlexNet,4,FaceBased,2,E,12,0.001809803,0.048724178,0.003410813
SE-Conv-L4_FaceBased_R2.pth,AlexNet,4,FaceBased,2,E,13,0,0,0.952708006
SE-Conv-L4_FaceBased_R2.pth,AlexNet,4,FaceBased,2,E,14,0,0,0
SE-Conv-L4_FaceBased_R2.pth,AlexNet,4,FaceBased,2,E,15,0,0,0
SE-Conv-L4_FaceBased_R2.pth,AlexNet,4,FaceBased,2,E,16,0.021065498,0.001317833,0.265186518
SE-Conv-L4_FaceBased_R2.pth,AlexNet,4,FaceBased,2,E,17,0.019844867,0.003088154,0.400916338
SE-Conv-L4_FaceBased_R2.pth,AlexNet,4,FaceBased,2,E,18,0.002480832,0.002256185,0.572640657
SE-Conv-L4_FaceBased_R2.pth,AlexNet,4,FaceBased,2,E,19,0,0,0.945511281
SE-Conv-L4_FaceBased_R2.pth,AlexNet,4,FaceBased,2,E,20,0.009944635,0.004062732,0.507633626
SE-Conv-L4_FaceBased_R2.pth,AlexNet,4,FaceBased,2,E,21,0.011977996,0.004733447,0.445910931
SE-Conv-L4_FaceBased_R2.pth,AlexNet,4,FaceBased,2,Full,1,0,0.014347421,0.617750347
SE-Conv-L4_FaceBased_R2.pth,AlexNet,4,FaceBased,2,Full,2,0,0.055717926,0.574697256
SE-Conv-L4_FaceBased_R2.pth,AlexNet,4,FaceBased,2,Full,3,0,0.054385308,0.518392503
SE-Conv-L4_FaceBased_R2.pth,AlexNet,4,FaceBased,2,Full,4,0.006984365,0.095374674,0.443560064
SE-Conv-L4_FaceBased_R2.pth,AlexNet,4,FaceBased,2,Full,5,0,0.015635571,0.512470901
SE-Conv-L4_FaceBased_R2.pth,AlexNet,4,FaceBased,2,Full,6,0,0.012593014,0.619084299
SE-Conv-L4_FaceBased_R2.pth,AlexNet,4,FaceBased,2,Full,7,2.87E-05,0.054658651,0.268222362
SE-Conv-L4_FaceBased_R2.pth,AlexNet,4,FaceBased,2,Full,8,0.000133887,0.078581713,0.184377357
SE-Conv-L4_FaceBased_R2.pth,AlexNet,4,FaceBased,2,Full,9,0.001673237,0.146242246,0.186101198
SE-Conv-L4_FaceBased_R2.pth,AlexNet,4,FaceBased,2,Full,10,0.001477501,0.113808483,0.045918539
SE-Conv-L4_FaceBased_R2.pth,AlexNet,4,FaceBased,2,Full,11,0.000180339,0.049315725,0.174525246
SE-Conv-L4_FaceBased_R2.pth,AlexNet,4,FaceBased,2,Full,12,0.075186998,0.000109311,0.043805052
SE-Conv-L4_FaceBased_R2.pth,AlexNet,4,FaceBased,2,Full,13,0.011942996,2.36E-05,0.035479244
SE-Conv-L4_FaceBased_R2.pth,AlexNet,4,FaceBased,2,Full,14,0.003029216,0,0.002127405
SE-Conv-L4_FaceBased_R2.pth,AlexNet,4,FaceBased,2,Full,15,0.051121276,0,0.001602893
SE-Conv-L4_FaceBased_R2.pth,AlexNet,4,FaceBased,2,Full,16,0.001352947,0.290571421,0.196386755
SE-Conv-L4_FaceBased_R2.pth,AlexNet,4,FaceBased,2,Full,17,0.00161047,0.241880119,0.138794899
SE-Conv-L4_FaceBased_R2.pth,AlexNet,4,FaceBased,2,Full,18,0.045105364,3.83E-06,0.277394265
SE-Conv-L4_FaceBased_R2.pth,AlexNet,4,FaceBased,2,Full,19,0,0.021721285,0.317136049
SE-Conv-L4_FaceBased_R2.pth,AlexNet,4,FaceBased,2,Full,20,0,0.013741417,0.004713403
SE-Conv-L4_FaceBased_R2.pth,AlexNet,4,FaceBased,2,Full,21,0,0.079474263,0
SE-Conv-L4_FaceBased_R2.pth,AlexNet,4,FaceBased,2,M,1,0,0,0
SE-Conv-L4_FaceBased_R2.pth,AlexNet,4,FaceBased,2,M,2,0,0,0
SE-Conv-L4_FaceBased_R2.pth,AlexNet,4,FaceBased,2,M,3,0,0,0
SE-Conv-L4_FaceBased_R2.pth,AlexNet,4,FaceBased,2,M,4,0,0,0
SE-Conv-L4_FaceBased_R2.pth,AlexNet,4,FaceBased,2,M,5,0.318587035,0.143412575,0.015366997
SE-Conv-L4_FaceBased_R2.pth,AlexNet,4,FaceBased,2,M,6,0.015600775,0.218930364,0.014287198
SE-Conv-L4_FaceBased_R2.pth,AlexNet,4,FaceBased,2,M,7,0,0,0.003745056
SE-Conv-L4_FaceBased_R2.pth,AlexNet,4,FaceBased,2,M,8,0.009271086,5.63E-05,0.004464814
SE-Conv-L4_FaceBased_R2.pth,AlexNet,4,FaceBased,2,M,9,0,0,0
SE-Conv-L4_FaceBased_R2.pth,AlexNet,4,FaceBased,2,M,10,0,0,0
SE-Conv-L4_FaceBased_R2.pth,AlexNet,4,FaceBased,2,M,11,0.054802082,0.003584153,0.001650499
SE-Conv-L4_FaceBased_R2.pth,AlexNet,4,FaceBased,2,M,12,0,0,0.005698737
SE-Conv-L4_FaceBased_R2.pth,AlexNet,4,FaceBased,2,M,13,0,0,0
SE-Conv-L4_FaceBased_R2.pth,AlexNet,4,FaceBased,2,M,14,0,0.591884255,0.006520551
SE-Conv-L4_FaceBased_R2.pth,AlexNet,4,FaceBased,2,M,15,0,0.36314261,0.04061481
SE-Conv-L4_FaceBased_R2.pth,AlexNet,4,FaceBased,2,M,16,0,0.737942576,0
SE-Conv-L4_FaceBased_R2.pth,AlexNet,4,FaceBased,2,M,17,0.09396942,0,0
SE-Conv-L4_FaceBased_R2.pth,AlexNet,4,FaceBased,2,M,18,0,0,0
SE-Conv-L4_FaceBased_R2.pth,AlexNet,4,FaceBased,2,M,19,0.039575517,0.052708622,0.000496043
SE-Conv-L4_FaceBased_R2.pth,AlexNet,4,FaceBased,2,M,20,0.086707965,0,0
SE-Conv-L4_FaceBased_R2.pth,AlexNet,4,FaceBased,2,M,21,0.028636159,0.013990333,0.001756082
SE-Conv-L4_FaceBased_R2.pth,AlexNet,4,FaceBased,2,N,1,0.314810932,0,0
SE-Conv-L4_FaceBased_R2.pth,AlexNet,4,FaceBased,2,N,2,0.235520691,0,0
SE-Conv-L4_FaceBased_R2.pth,AlexNet,4,FaceBased,2,N,3,0,0,0.041638143
SE-Conv-L4_FaceBased_R2.pth,AlexNet,4,FaceBased,2,N,4,0,0,0.039374568
SE-Conv-L4_FaceBased_R2.pth,AlexNet,4,FaceBased,2,N,5,0.003041689,0,0.085746899
SE-Conv-L4_FaceBased_R2.pth,AlexNet,4,FaceBased,2,N,6,0.003428888,0,0.104967214
SE-Conv-L4_FaceBased_R2.pth,AlexNet,4,FaceBased,2,N,7,0.002329243,0.000558351,0.084790573
SE-Conv-L4_FaceBased_R2.pth,AlexNet,4,FaceBased,2,N,8,0,9.36E-06,0.097044446
SE-Conv-L4_FaceBased_R2.pth,AlexNet,4,FaceBased,2,N,9,0,0.000130381,0.133965686
SE-Conv-L4_FaceBased_R2.pth,AlexNet,4,FaceBased,2,N,10,0,0,0.428429186
SE-Conv-L4_FaceBased_R2.pth,AlexNet,4,FaceBased,2,N,11,0.02401942,0,0.157457724
SE-Conv-L4_FaceBased_R2.pth,AlexNet,4,FaceBased,2,N,12,0.003232724,0,0.042760689
SE-Conv-L4_FaceBased_R2.pth,AlexNet,4,FaceBased,2,N,13,0,0,0.01183947
SE-Conv-L4_FaceBased_R2.pth,AlexNet,4,FaceBased,2,N,14,0.004794187,0,0.003199717
SE-Conv-L4_FaceBased_R2.pth,AlexNet,4,FaceBased,2,N,15,0.00848949,0.015669838,0.001659164
SE-Conv-L4_FaceBased_R2.pth,AlexNet,4,FaceBased,2,N,16,0.001713854,0.012813894,0.026981154
SE-Conv-L4_FaceBased_R2.pth,AlexNet,4,FaceBased,2,N,17,0.006302999,0.000797166,0.051121093
SE-Conv-L4_FaceBased_R2.pth,AlexNet,4,FaceBased,2,N,18,0.002143504,0.001956662,0.120741874
SE-Conv-L4_FaceBased_R2.pth,AlexNet,4,FaceBased,2,N,19,0.011216798,0.001733934,0.09731964
SE-Conv-L4_FaceBased_R2.pth,AlexNet,4,FaceBased,2,N,20,0,0.002812945,0.151161298
SE-Conv-L4_FaceBased_R2.pth,AlexNet,4,FaceBased,2,N,21,0.012411839,0.031194225,0.164945647
SE-Conv-L4_ObjectBased_R2.pth,AlexNet,4,ObjectBased,2,E,1,0.002289842,0.106140047,0.20000729
SE-Conv-L4_ObjectBased_R2.pth,AlexNet,4,ObjectBased,2,E,2,0.00263273,0.074768774,0.19910489
SE-Conv-L4_ObjectBased_R2.pth,AlexNet,4,ObjectBased,2,E,3,0.003074092,0.076519586,0.152757019
SE-Conv-L4_ObjectBased_R2.pth,AlexNet,4,ObjectBased,2,E,4,0.005321056,0.047573656,0.165598422
SE-Conv-L4_ObjectBased_R2.pth,AlexNet,4,ObjectBased,2,E,5,0.003187733,0.036419854,0.213695154
SE-Conv-L4_ObjectBased_R2.pth,AlexNet,4,ObjectBased,2,E,6,0.00172754,0.035705894,0.174981475
SE-Conv-L4_ObjectBased_R2.pth,AlexNet,4,ObjectBased,2,E,7,0.002698059,0.052820891,0.111010551
SE-Conv-L4_ObjectBased_R2.pth,AlexNet,4,ObjectBased,2,E,8,0.000216641,0.050001036,0.17020978
SE-Conv-L4_ObjectBased_R2.pth,AlexNet,4,ObjectBased,2,E,9,0.000187299,0.030146141,0.149859071
SE-Conv-L4_ObjectBased_R2.pth,AlexNet,4,ObjectBased,2,E,10,0.002656908,0.043249,0.184035391
SE-Conv-L4_ObjectBased_R2.pth,AlexNet,4,ObjectBased,2,E,11,0.002281223,0.026377335,0.165056005
SE-Conv-L4_ObjectBased_R2.pth,AlexNet,4,ObjectBased,2,E,12,0.003982669,0.032722365,0.167767733
SE-Conv-L4_ObjectBased_R2.pth,AlexNet,4,ObjectBased,2,E,13,0.000197915,0.054492582,0.220367551
SE-Conv-L4_ObjectBased_R2.pth,AlexNet,4,ObjectBased,2,E,14,0.000625583,0.038612347,0.142726287
SE-Conv-L4_ObjectBased_R2.pth,AlexNet,4,ObjectBased,2,E,15,0.004117716,0.050676059,0.016950626
SE-Conv-L4_ObjectBased_R2.pth,AlexNet,4,ObjectBased,2,E,16,0.011223994,0.040280674,0.005485899
SE-Conv-L4_ObjectBased_R2.pth,AlexNet,4,ObjectBased,2,E,17,0.00402504,0.004105221,0.001259031
SE-Conv-L4_ObjectBased_R2.pth,AlexNet,4,ObjectBased,2,E,18,0.000540688,0.025056949,0.020892175
SE-Conv-L4_ObjectBased_R2.pth,AlexNet,4,ObjectBased,2,E,19,0.006225463,0.008967835,0.041057333
SE-Conv-L4_ObjectBased_R2.pth,AlexNet,4,ObjectBased,2,E,20,0.000999904,0.088457003,0.034752138
SE-Conv-L4_ObjectBased_R2.pth,AlexNet,4,ObjectBased,2,E,21,0.025154369,0.251057565,0.141468108
SE-Conv-L4_ObjectBased_R2.pth,AlexNet,4,ObjectBased,2,Full,1,0.576241612,0.152170703,0
SE-Conv-L4_ObjectBased_R2.pth,AlexNet,4,ObjectBased,2,Full,2,0.119483247,0.052298557,0.011569683
SE-Conv-L4_ObjectBased_R2.pth,AlexNet,4,ObjectBased,2,Full,3,0.18510817,0.013988513,0.000102702
SE-Conv-L4_ObjectBased_R2.pth,AlexNet,4,ObjectBased,2,Full,4,0.198898569,0.022840399,0.000204424
SE-Conv-L4_ObjectBased_R2.pth,AlexNet,4,ObjectBased,2,Full,5,0.055493612,0.029969852,0.042621035
SE-Conv-L4_ObjectBased_R2.pth,AlexNet,4,ObjectBased,2,Full,6,0.040969282,0.038442362,0.053612597
SE-Conv-L4_ObjectBased_R2.pth,AlexNet,4,ObjectBased,2,Full,7,0.109117784,0.02032033,0.015682444
SE-Conv-L4_ObjectBased_R2.pth,AlexNet,4,ObjectBased,2,Full,8,0.072477594,0.030965306,0.001371027
SE-Conv-L4_ObjectBased_R2.pth,AlexNet,4,ObjectBased,2,Full,9,0.061654042,0.012588464,0.001214753
SE-Conv-L4_ObjectBased_R2.pth,AlexNet,4,ObjectBased,2,Full,10,0.125194669,0.105930112,0.053113498
SE-Conv-L4_ObjectBased_R2.pth,AlexNet,4,ObjectBased,2,Full,11,0.032374363,0.034129255,0.031488892
SE-Conv-L4_ObjectBased_R2.pth,AlexNet,4,ObjectBased,2,Full,12,0.04568398,0.029736748,0.010961501
SE-Conv-L4_ObjectBased_R2.pth,AlexNet,4,ObjectBased,2,Full,13,0.034052517,0.424670935,0
SE-Conv-L4_ObjectBased_R2.pth,AlexNet,4,ObjectBased,2,Full,14,0.076864518,0.037098996,0.024082433
SE-Conv-L4_ObjectBased_R2.pth,AlexNet,4,ObjectBased,2,Full,15,0.285784781,0.185368747,0.042601466
SE-Conv-L4_ObjectBased_R2.pth,AlexNet,4,ObjectBased,2,Full,16,0.225742847,0.12684001,0.029337857
SE-Conv-L4_ObjectBased_R2.pth,AlexNet,4,ObjectBased,2,Full,17,0.225783736,0.218126163,0.041798815
SE-Conv-L4_ObjectBased_R2.pth,AlexNet,4,ObjectBased,2,Full,18,0.149802312,0.27902016,0.076779775
SE-Conv-L4_ObjectBased_R2.pth,AlexNet,4,ObjectBased,2,Full,19,0.20053114,0.245483547,0.067136385
SE-Conv-L4_ObjectBased_R2.pth,AlexNet,4,ObjectBased,2,Full,20,0.041580465,0.140072137,0.090759389
SE-Conv-L4_ObjectBased_R2.pth,AlexNet,4,ObjectBased,2,Full,21,0.036890805,0.290856928,0.054893237
SE-Conv-L4_ObjectBased_R2.pth,AlexNet,4,ObjectBased,2,M,1,0.049245909,0.043461859,0.030857537
SE-Conv-L4_ObjectBased_R2.pth,AlexNet,4,ObjectBased,2,M,2,0.046234418,0.031497989,0.05127582
SE-Conv-L4_ObjectBased_R2.pth,AlexNet,4,ObjectBased,2,M,3,0.076874897,0.019350829,0.043078229
SE-Conv-L4_ObjectBased_R2.pth,AlexNet,4,ObjectBased,2,M,4,0.024955379,0.023885325,0.063300379
SE-Conv-L4_ObjectBased_R2.pth,AlexNet,4,ObjectBased,2,M,5,0.03757257,0.026101662,0.029321451
SE-Conv-L4_ObjectBased_R2.pth,AlexNet,4,ObjectBased,2,M,6,0.036698904,0.031622741,0.009010632
SE-Conv-L4_ObjectBased_R2.pth,AlexNet,4,ObjectBased,2,M,7,0.034112006,0.020200621,0.035683852
SE-Conv-L4_ObjectBased_R2.pth,AlexNet,4,ObjectBased,2,M,8,0.035035342,0.019805558,0.036826566
SE-Conv-L4_ObjectBased_R2.pth,AlexNet,4,ObjectBased,2,M,9,0.035282396,0.014943294,0.037259534
SE-Conv-L4_ObjectBased_R2.pth,AlexNet,4,ObjectBased,2,M,10,0.04324441,0.02095315,0.0548384
SE-Conv-L4_ObjectBased_R2.pth,AlexNet,4,ObjectBased,2,M,11,0.049434818,0.019834252,0.051292811
SE-Conv-L4_ObjectBased_R2.pth,AlexNet,4,ObjectBased,2,M,12,0.031426441,0.017982448,0.037967153
SE-Conv-L4_ObjectBased_R2.pth,AlexNet,4,ObjectBased,2,M,13,0.032126803,0.018111264,0.023888037
SE-Conv-L4_ObjectBased_R2.pth,AlexNet,4,ObjectBased,2,M,14,0.023218999,0.018118706,0.011391851
SE-Conv-L4_ObjectBased_R2.pth,AlexNet,4,ObjectBased,2,M,15,0.030749137,0.014837222,0.007085093
SE-Conv-L4_ObjectBased_R2.pth,AlexNet,4,ObjectBased,2,M,16,0.023121482,0.013485787,0.024102878
SE-Conv-L4_ObjectBased_R2.pth,AlexNet,4,ObjectBased,2,M,17,0.021981454,0.014664299,0.032586008
SE-Conv-L4_ObjectBased_R2.pth,AlexNet,4,ObjectBased,2,M,18,0.00920189,0.012898612,0.021440346
SE-Conv-L4_ObjectBased_R2.pth,AlexNet,4,ObjectBased,2,M,19,0.013262072,0.011923114,0.01632433
SE-Conv-L4_ObjectBased_R2.pth,AlexNet,4,ObjectBased,2,M,20,0.015082132,0.020366812,0.039581407
SE-Conv-L4_ObjectBased_R2.pth,AlexNet,4,ObjectBased,2,M,21,0.017743155,0.036099002,0.048056591
SE-Conv-L4_ObjectBased_R2.pth,AlexNet,4,ObjectBased,2,N,1,0,0,0
SE-Conv-L4_ObjectBased_R2.pth,AlexNet,4,ObjectBased,2,N,2,0.143105865,0.192473009,0
SE-Conv-L4_ObjectBased_R2.pth,AlexNet,4,ObjectBased,2,N,3,0.616910517,0.017136134,0
SE-Conv-L4_ObjectBased_R2.pth,AlexNet,4,ObjectBased,2,N,4,0.499497354,0.021849027,0.001922141
SE-Conv-L4_ObjectBased_R2.pth,AlexNet,4,ObjectBased,2,N,5,0.425669283,0.011332527,0.023964917
SE-Conv-L4_ObjectBased_R2.pth,AlexNet,4,ObjectBased,2,N,6,0.656531036,0.03265148,0
SE-Conv-L4_ObjectBased_R2.pth,AlexNet,4,ObjectBased,2,N,7,0.544001043,0.073951311,0.000748254
SE-Conv-L4_ObjectBased_R2.pth,AlexNet,4,ObjectBased,2,N,8,0.566238999,0.039898921,0
SE-Conv-L4_ObjectBased_R2.pth,AlexNet,4,ObjectBased,2,N,9,0.311389178,0.114873625,0
SE-Conv-L4_ObjectBased_R2.pth,AlexNet,4,ObjectBased,2,N,10,0.369197398,0.172338381,0
SE-Conv-L4_ObjectBased_R2.pth,AlexNet,4,ObjectBased,2,N,11,0.249717847,0.08943361,3.15E-06
SE-Conv-L4_ObjectBased_R2.pth,AlexNet,4,ObjectBased,2,N,12,0.123806573,0.102311246,0.000208424
SE-Conv-L4_ObjectBased_R2.pth,AlexNet,4,ObjectBased,2,N,13,0.453642756,0.077484906,0
SE-Conv-L4_ObjectBased_R2.pth,AlexNet,4,ObjectBased,2,N,14,0.515474379,0.036598179,0
SE-Conv-L4_ObjectBased_R2.pth,AlexNet,4,ObjectBased,2,N,15,0.692809522,0.010989456,0
SE-Conv-L4_ObjectBased_R2.pth,AlexNet,4,ObjectBased,2,N,16,0.757450104,0,0
SE-Conv-L4_ObjectBased_R2.pth,AlexNet,4,ObjectBased,2,N,17,0.586084664,0,0
SE-Conv-L4_ObjectBased_R2.pth,AlexNet,4,ObjectBased,2,N,18,0.315624148,0,0
SE-Conv-L4_ObjectBased_R2.pth,AlexNet,4,ObjectBased,2,N,19,0.386052579,0,0
SE-Conv-L4_ObjectBased_R2.pth,AlexNet,4,ObjectBased,2,N,20,0.517848492,0.00757803,0
SE-Conv-L4_ObjectBased_R2.pth,AlexNet,4,ObjectBased,2,N,21,0.671307206,0.002435151,0
SE-Conv-L4_FaceBased_R4.pth,AlexNet,4,FaceBased,4,E,1,0,0.892200112,0
SE-Conv-L4_FaceBased_R4.pth,AlexNet,4,FaceBased,4,E,2,0.001167355,0.8177284,0.02244506
SE-Conv-L4_FaceBased_R4.pth,AlexNet,4,FaceBased,4,E,3,0.007655909,0.645805478,0.046067499
SE-Conv-L4_FaceBased_R4.pth,AlexNet,4,FaceBased,4,E,4,0,0.000312136,0.162638813
SE-Conv-L4_FaceBased_R4.pth,AlexNet,4,FaceBased,4,E,5,0.023602236,0.503012419,0
SE-Conv-L4_FaceBased_R4.pth,AlexNet,4,FaceBased,4,E,6,0,0,0
SE-Conv-L4_FaceBased_R4.pth,AlexNet,4,FaceBased,4,E,7,0,0,0
SE-Conv-L4_FaceBased_R4.pth,AlexNet,4,FaceBased,4,E,8,0,0,0
SE-Conv-L4_FaceBased_R4.pth,AlexNet,4,FaceBased,4,E,9,0.056423083,0.084794395,0.027182681
SE-Conv-L4_FaceBased_R4.pth,AlexNet,4,FaceBased,4,E,10,0.027056593,0.215574116,0.01667168
SE-Conv-L4_FaceBased_R4.pth,AlexNet,4,FaceBased,4,E,11,0.053230703,0.221030176,0.028710485
SE-Conv-L4_FaceBased_R4.pth,AlexNet,4,FaceBased,4,E,12,0.118276365,0.34332177,0.013578293
SE-Conv-L4_FaceBased_R4.pth,AlexNet,4,FaceBased,4,E,13,0.051406212,0.624266505,0.000982754
SE-Conv-L4_FaceBased_R4.pth,AlexNet,4,FaceBased,4,E,14,0.069171235,0.501097023,0.002562528
SE-Conv-L4_FaceBased_R4.pth,AlexNet,4,FaceBased,4,E,15,0.085076146,0.203260645,0
SE-Conv-L4_FaceBased_R4.pth,AlexNet,4,FaceBased,4,E,16,0.068407349,0.482995868,0
SE-Conv-L4_FaceBased_R4.pth,AlexNet,4,FaceBased,4,E,17,0.010175114,0.221465543,0
SE-Conv-L4_FaceBased_R4.pth,AlexNet,4,FaceBased,4,E,18,0.041897651,0.141262114,0.063341953
SE-Conv-L4_FaceBased_R4.pth,AlexNet,4,FaceBased,4,E,19,0.000544361,0.006403538,0.585386992
SE-Conv-L4_FaceBased_R4.pth,AlexNet,4,FaceBased,4,E,20,0.004664291,0.000336673,0.746028066
SE-Conv-L4_FaceBased_R4.pth,AlexNet,4,FaceBased,4,E,21,0.322816044,0.053561412,0.004593741
SE-Conv-L4_FaceBased_R4.pth,AlexNet,4,FaceBased,4,Full,1,0.000376791,0.135932684,0.00570786
SE-Conv-L4_FaceBased_R4.pth,AlexNet,4,FaceBased,4,Full,2,0.457029969,0.05052818,0.002392217
SE-Conv-L4_FaceBased_R4.pth,AlexNet,4,FaceBased,4,Full,3,0.385209113,0.004108637,0.004970041
SE-Conv-L4_FaceBased_R4.pth,AlexNet,4,FaceBased,4,Full,4,0.31682834,0.007334231,0.005835953
SE-Conv-L4_FaceBased_R4.pth,AlexNet,4,FaceBased,4,Full,5,0.048104029,0.025737751,0.000584343
SE-Conv-L4_FaceBased_R4.pth,AlexNet,4,FaceBased,4,Full,6,0.041373,0.023003863,0.001759141
SE-Conv-L4_FaceBased_R4.pth,AlexNet,4,FaceBased,4,Full,7,0.012580987,0.034789141,0.009021319
SE-Conv-L4_FaceBased_R4.pth,AlexNet,4,FaceBased,4,Full,8,0.027024534,0.013343301,0.037895259
SE-Conv-L4_FaceBased_R4.pth,AlexNet,4,FaceBased,4,Full,9,0.094368294,0.029542653,0.03621152
SE-Conv-L4_FaceBased_R4.pth,AlexNet,4,FaceBased,4,Full,10,0.194667548,0.021207483,0.022190681
SE-Conv-L4_FaceBased_R4.pth,AlexNet,4,FaceBased,4,Full,11,0.244156197,0.032552239,0.03853523
SE-Conv-L4_FaceBased_R4.pth,AlexNet,4,FaceBased,4,Full,12,0.297854871,0.049531061,0.009817284
SE-Conv-L4_FaceBased_R4.pth,AlexNet,4,FaceBased,4,Full,13,0.295342833,0.015404295,0.012037724
SE-Conv-L4_FaceBased_R4.pth,AlexNet,4,FaceBased,4,Full,14,0.220399052,0.011386923,0.005813494
SE-Conv-L4_FaceBased_R4.pth,AlexNet,4,FaceBased,4,Full,15,0.014607423,0.001837455,0.004921165
SE-Conv-L4_FaceBased_R4.pth,AlexNet,4,FaceBased,4,Full,16,0.178256497,0.007698294,0.001977435
SE-Conv-L4_FaceBased_R4.pth,AlexNet,4,FaceBased,4,Full,17,0.016306762,0.000104687,0.314838707
SE-Conv-L4_FaceBased_R4.pth,AlexNet,4,FaceBased,4,Full,18,0.065548465,0.000135354,0.068205871
SE-Conv-L4_FaceBased_R4.pth,AlexNet,4,FaceBased,4,Full,19,0.089978196,0.000728286,0.277947515
SE-Conv-L4_FaceBased_R4.pth,AlexNet,4,FaceBased,4,Full,20,0.0071708,0,0.445014387
SE-Conv-L4_FaceBased_R4.pth,AlexNet,4,FaceBased,4,Full,21,0.021182394,0,0
SE-Conv-L4_FaceBased_R4.pth,AlexNet,4,FaceBased,4,M,1,0.210942551,0.142300501,0.001281332
SE-Conv-L4_FaceBased_R4.pth,AlexNet,4,FaceBased,4,M,2,0.16240035,0.084260508,0.018948015
SE-Conv-L4_FaceBased_R4.pth,AlexNet,4,FaceBased,4,M,3,0.165650025,0.048790652,0.024937771
SE-Conv-L4_FaceBased_R4.pth,AlexNet,4,FaceBased,4,M,4,0.176945612,0.048587102,0.024861077
SE-Conv-L4_FaceBased_R4.pth,AlexNet,4,FaceBased,4,M,5,0.233703747,0.068428665,0.038360734
SE-Conv-L4_FaceBased_R4.pth,AlexNet,4,FaceBased,4,M,6,0.239694044,0.050021317,0.037557367
SE-Conv-L4_FaceBased_R4.pth,AlexNet,4,FaceBased,4,M,7,0.190966338,0.049190849,0.048088923
SE-Conv-L4_FaceBased_R4.pth,AlexNet,4,FaceBased,4,M,8,0.138160884,0.042372078,0.075784683
SE-Conv-L4_FaceBased_R4.pth,AlexNet,4,FaceBased,4,M,9,0.164933428,0.03930923,0.079545647
SE-Conv-L4_FaceBased_R4.pth,AlexNet,4,FaceBased,4,M,10,0.213704035,0.033826996,0.057620399
SE-Conv-L4_FaceBased_R4.pth,AlexNet,4,FaceBased,4,M,11,0.172232881,0.040405367,0.07149183
SE-Conv-L4_FaceBased_R4.pth,AlexNet,4,FaceBased,4,M,12,0.202232674,0.036950562,0.058916725
SE-Conv-L4_FaceBased_R4.pth,AlexNet,4,FaceBased,4,M,13,0.245287463,0.044355877,0.045174181
SE-Conv-L4_FaceBased_R4.pth,AlexNet,4,FaceBased,4,M,14,0.230600804,0.088690452,0.050153654
SE-Conv-L4_FaceBased_R4.pth,AlexNet,4,FaceBased,4,M,15,0.195207879,0.080297954,0.041126844
SE-Conv-L4_FaceBased_R4.pth,AlexNet,4,FaceBased,4,M,16,0.305467069,0.069252983,0.018057127
SE-Conv-L4_FaceBased_R4.pth,AlexNet,4,FaceBased,4,M,17,0.42017749,0.08602082,0
SE-Conv-L4_FaceBased_R4.pth,AlexNet,4,FaceBased,4,M,18,0.380419075,0.10852848,0.003927914
SE-Conv-L4_FaceBased_R4.pth,AlexNet,4,FaceBased,4,M,19,0.244302094,0.093608275,0.020902794
SE-Conv-L4_FaceBased_R4.pth,AlexNet,4,FaceBased,4,M,20,0.190551594,0.110883251,0.032038189
SE-Conv-L4_FaceBased_R4.pth,AlexNet,4,FaceBased,4,M,21,0.182880148,0.092020236,0.038205042
SE-Conv-L4_FaceBased_R4.pth,AlexNet,4,FaceBased,4,N,1,0.472189516,0.035530884,0
SE-Conv-L4_FaceBased_R4.pth,AlexNet,4,FaceBased,4,N,2,0.538585603,0.012991518,0
SE-Conv-L4_FaceBased_R4.pth,AlexNet,4,FaceBased,4,N,3,0.34117353,0.031700239,0.010119959
SE-Conv-L4_FaceBased_R4.pth,AlexNet,4,FaceBased,4,N,4,0.326546997,0.04435049,0.016967652
SE-Conv-L4_FaceBased_R4.pth,AlexNet,4,FaceBased,4,N,5,0.426306576,0.044647403,7.67E-05
SE-Conv-L4_FaceBased_R4.pth,AlexNet,4,FaceBased,4,N,6,0.43073827,0.046087056,5.06E-05
SE-Conv-L4_FaceBased_R4.pth,AlexNet,4,FaceBased,4,N,7,0.499147981,0.047393303,0.000128872
SE-Conv-L4_FaceBased_R4.pth,AlexNet,4,FaceBased,4,N,8,0.346302003,0.068122707,0.021933977
SE-Conv-L4_FaceBased_R4.pth,AlexNet,4,FaceBased,4,N,9,0.482800037,0.021250842,8.54E-05
SE-Conv-L4_FaceBased_R4.pth,AlexNet,4,FaceBased,4,N,10,0.213767961,0.073442981,0.089789249
SE-Conv-L4_FaceBased_R4.pth,AlexNet,4,FaceBased,4,N,11,0.272205889,0.085527338,0.068210438
SE-Conv-L4_FaceBased_R4.pth,AlexNet,4,FaceBased,4,N,12,0.326792985,0.06005276,0.100601539
SE-Conv-L4_FaceBased_R4.pth,AlexNet,4,FaceBased,4,N,13,0.226433679,0.071696036,0.079759352
SE-Conv-L4_FaceBased_R4.pth,AlexNet,4,FaceBased,4,N,14,0.241579235,0.078832626,0.089278787
SE-Conv-L4_FaceBased_R4.pth,AlexNet,4,FaceBased,4,N,15,0.394923568,0.067970581,0.032300483
SE-Conv-L4_FaceBased_R4.pth,AlexNet,4,FaceBased,4,N,16,0.219790772,0.065759771,0.085811555
SE-Conv-L4_FaceBased_R4.pth,AlexNet,4,FaceBased,4,N,17,0.254239321,0.04966164,0.079334006
SE-Conv-L4_FaceBased_R4.pth,AlexNet,4,FaceBased,4,N,18,0.256647766,0.091186047,0.105319887
SE-Conv-L4_FaceBased_R4.pth,AlexNet,4,FaceBased,4,N,19,0.13788484,0.065200411,0.085147098
SE-Conv-L4_FaceBased_R4.pth,AlexNet,4,FaceBased,4,N,20,0.200322762,0.072665364,0.069427043
SE-Conv-L4_FaceBased_R4.pth,AlexNet,4,FaceBased,4,N,21,0.19023107,0.07531555,0.040998857
SE-Conv-L4_ObjectBased_R4.pth,AlexNet,4,ObjectBased,4,E,1,0.016414655,0.077795938,0.030628173
SE-Conv-L4_ObjectBased_R4.pth,AlexNet,4,ObjectBased,4,E,2,0.016249046,0.007862769,0.050257672
SE-Conv-L4_ObjectBased_R4.pth,AlexNet,4,ObjectBased,4,E,3,0.02105554,0,0
SE-Conv-L4_ObjectBased_R4.pth,AlexNet,4,ObjectBased,4,E,4,0.035017859,0.01043706,0
SE-Conv-L4_ObjectBased_R4.pth,AlexNet,4,ObjectBased,4,E,5,0.045426287,0.018532988,0
SE-Conv-L4_ObjectBased_R4.pth,AlexNet,4,ObjectBased,4,E,6,0.026749108,0.023094932,0
SE-Conv-L4_ObjectBased_R4.pth,AlexNet,4,ObjectBased,4,E,7,0.000436218,0.046638608,0.017475169
SE-Conv-L4_ObjectBased_R4.pth,AlexNet,4,ObjectBased,4,E,8,0.021866517,0,0
SE-Conv-L4_ObjectBased_R4.pth,AlexNet,4,ObjectBased,4,E,9,0.035123289,0,0
SE-Conv-L4_ObjectBased_R4.pth,AlexNet,4,ObjectBased,4,E,10,0.010257514,0.00553972,0.057337642
SE-Conv-L4_ObjectBased_R4.pth,AlexNet,4,ObjectBased,4,E,11,0.009931238,0,0.133062661
SE-Conv-L4_ObjectBased_R4.pth,AlexNet,4,ObjectBased,4,E,12,0.007019466,0.085954808,0.015909865
SE-Conv-L4_ObjectBased_R4.pth,AlexNet,4,ObjectBased,4,E,13,0.005618625,0.145409286,0.015438966
SE-Conv-L4_ObjectBased_R4.pth,AlexNet,4,ObjectBased,4,E,14,0.009478647,0.139278516,0.016409306
SE-Conv-L4_ObjectBased_R4.pth,AlexNet,4,ObjectBased,4,E,15,0.048501424,0.194166496,0.00036104
SE-Conv-L4_ObjectBased_R4.pth,AlexNet,4,ObjectBased,4,E,16,0.035765313,0.119751714,0.000321529
SE-Conv-L4_ObjectBased_R4.pth,AlexNet,4,ObjectBased,4,E,17,0.011472118,0.029514896,0.016520726
SE-Conv-L4_ObjectBased_R4.pth,AlexNet,4,ObjectBased,4,E,18,0.232020974,0.059143104,0.053926528
SE-Conv-L4_ObjectBased_R4.pth,AlexNet,4,ObjectBased,4,E,19,0.109531671,0.157008037,0.064671017
SE-Conv-L4_ObjectBased_R4.pth,AlexNet,4,ObjectBased,4,E,20,0.008740634,0.245578185,0.128091052
SE-Conv-L4_ObjectBased_R4.pth,AlexNet,4,ObjectBased,4,E,21,0.068408884,0.114905432,0.012813107
SE-Conv-L4_ObjectBased_R4.pth,AlexNet,4,ObjectBased,4,Full,1,0.057666529,0.181852356,0.023622235
SE-Conv-L4_ObjectBased_R4.pth,AlexNet,4,ObjectBased,4,Full,2,0.049482401,0.146351174,0.016677257
SE-Conv-L4_ObjectBased_R4.pth,AlexNet,4,ObjectBased,4,Full,3,0.007682074,0.303979039,0.006640787
SE-Conv-L4_ObjectBased_R4.pth,AlexNet,4,ObjectBased,4,Full,4,0,0.791636467,0
SE-Conv-L4_ObjectBased_R4.pth,AlexNet,4,ObjectBased,4,Full,5,0.000833543,0.767422974,0
SE-Conv-L4_ObjectBased_R4.pth,AlexNet,4,ObjectBased,4,Full,6,0.002652323,0.714688301,0.010730796
SE-Conv-L4_ObjectBased_R4.pth,AlexNet,4,ObjectBased,4,Full,7,0.116794154,0.50087136,0.020174356
SE-Conv-L4_ObjectBased_R4.pth,AlexNet,4,ObjectBased,4,Full,8,0.021340655,0.355012864,0.016632978
SE-Conv-L4_ObjectBased_R4.pth,AlexNet,4,ObjectBased,4,Full,9,0.007738866,0.691470563,0.000579741
SE-Conv-L4_ObjectBased_R4.pth,AlexNet,4,ObjectBased,4,Full,10,0.005233107,0.495333225,0.004883341
SE-Conv-L4_ObjectBased_R4.pth,AlexNet,4,ObjectBased,4,Full,11,0.005603429,0.756939769,0
SE-Conv-L4_ObjectBased_R4.pth,AlexNet,4,ObjectBased,4,Full,12,0.026030703,0.662808597,0.013963397
SE-Conv-L4_ObjectBased_R4.pth,AlexNet,4,ObjectBased,4,Full,13,0.022255637,0.232414797,0.001781517
SE-Conv-L4_ObjectBased_R4.pth,AlexNet,4,ObjectBased,4,Full,14,0.040628485,0.524749637,0.00200256
SE-Conv-L4_ObjectBased_R4.pth,AlexNet,4,ObjectBased,4,Full,15,0.045344405,0.441006899,0.007198911
SE-Conv-L4_ObjectBased_R4.pth,AlexNet,4,ObjectBased,4,Full,16,0.081073813,0.238277465,0.009724809
SE-Conv-L4_ObjectBased_R4.pth,AlexNet,4,ObjectBased,4,Full,17,0.024825551,0.28277564,0.008899635
SE-Conv-L4_ObjectBased_R4.pth,AlexNet,4,ObjectBased,4,Full,18,0.00503971,0.75141108,0
SE-Conv-L4_ObjectBased_R4.pth,AlexNet,4,ObjectBased,4,Full,19,0.097774357,0.419093996,0.020228852
SE-Conv-L4_ObjectBased_R4.pth,AlexNet,4,ObjectBased,4,Full,20,0.0016126,0.162008196,0.000280723
SE-Conv-L4_ObjectBased_R4.pth,AlexNet,4,ObjectBased,4,Full,21,0.002482733,0.104156278,0.069766611
SE-Conv-L4_ObjectBased_R4.pth,AlexNet,4,ObjectBased,4,M,1,0.125214055,0.190093949,0.044030543
SE-Conv-L4_ObjectBased_R4.pth,AlexNet,4,ObjectBased,4,M,2,0.08028733,0.219099522,0.04187689
SE-Conv-L4_ObjectBased_R4.pth,AlexNet,4,ObjectBased,4,M,3,0.091211393,0.166158572,0.051907249
SE-Conv-L4_ObjectBased_R4.pth,AlexNet,4,ObjectBased,4,M,4,0.048837852,0.378240228,0.000884315
SE-Conv-L4_ObjectBased_R4.pth,AlexNet,4,ObjectBased,4,M,5,0.098977461,0.339540333,0.034150448
SE-Conv-L4_ObjectBased_R4.pth,AlexNet,4,ObjectBased,4,M,6,0.011687324,0.573858142,0.015717661
SE-Conv-L4_ObjectBased_R4.pth,AlexNet,4,ObjectBased,4,M,7,0.046321306,0.412137002,0.031486057
SE-Conv-L4_ObjectBased_R4.pth,AlexNet,4,ObjectBased,4,M,8,0.005958417,0.574517667,0.033338029
SE-Conv-L4_ObjectBased_R4.pth,AlexNet,4,ObjectBased,4,M,9,0.016515423,0.471807927,0.028810425
SE-Conv-L4_ObjectBased_R4.pth,AlexNet,4,ObjectBased,4,M,10,0.006726327,0.40445587,0.082390845
SE-Conv-L4_ObjectBased_R4.pth,AlexNet,4,ObjectBased,4,M,11,0,0.441622257,0.088714123
SE-Conv-L4_ObjectBased_R4.pth,AlexNet,4,ObjectBased,4,M,12,0,0.598141909,0.031172218
SE-Conv-L4_ObjectBased_R4.pth,AlexNet,4,ObjectBased,4,M,13,0,0.591745675,0.038534388
SE-Conv-L4_ObjectBased_R4.pth,AlexNet,4,ObjectBased,4,M,14,0.005534682,0.658756971,0.005126019
SE-Conv-L4_ObjectBased_R4.pth,AlexNet,4,ObjectBased,4,M,15,0.003946166,0.625318885,0.020916361
SE-Conv-L4_ObjectBased_R4.pth,AlexNet,4,ObjectBased,4,M,16,0.026109338,0.602995336,0.015472725
SE-Conv-L4_ObjectBased_R4.pth,AlexNet,4,ObjectBased,4,M,17,0.429367602,0.236572623,0.007582376
SE-Conv-L4_ObjectBased_R4.pth,AlexNet,4,ObjectBased,4,M,18,0.358557105,0.222836226,0.012758988
SE-Conv-L4_ObjectBased_R4.pth,AlexNet,4,ObjectBased,4,M,19,0.339526623,0.209538624,0.03680937
SE-Conv-L4_ObjectBased_R4.pth,AlexNet,4,ObjectBased,4,M,20,0,0.580356777,0.027738016
SE-Conv-L4_ObjectBased_R4.pth,AlexNet,4,ObjectBased,4,M,21,0,0.541520536,0.037497368
SE-Conv-L4_ObjectBased_R4.pth,AlexNet,4,ObjectBased,4,N,1,0.003875032,0.138899162,0.037048053
SE-Conv-L4_ObjectBased_R4.pth,AlexNet,4,ObjectBased,4,N,2,0.003246708,0.153568283,0.035897996
SE-Conv-L4_ObjectBased_R4.pth,AlexNet,4,ObjectBased,4,N,3,0.002266192,0.238113344,0.033254717
SE-Conv-L4_ObjectBased_R4.pth,AlexNet,4,ObjectBased,4,N,4,0.000527676,0.447723418,0.055618066
SE-Conv-L4_ObjectBased_R4.pth,AlexNet,4,ObjectBased,4,N,5,0.003957188,0.321739823,0.059958775
SE-Conv-L4_ObjectBased_R4.pth,AlexNet,4,ObjectBased,4,N,6,0.001038829,0.382370204,0.0196802
SE-Conv-L4_ObjectBased_R4.pth,AlexNet,4,ObjectBased,4,N,7,0.001387405,0.587436736,0.004202128
SE-Conv-L4_ObjectBased_R4.pth,AlexNet,4,ObjectBased,4,N,8,0.008174124,0.566681683,0.016079664
SE-Conv-L4_ObjectBased_R4.pth,AlexNet,4,ObjectBased,4,N,9,0.002056644,0.435483128,2.60E-05
SE-Conv-L4_ObjectBased_R4.pth,AlexNet,4,ObjectBased,4,N,10,0,0.543767989,7.07E-06
SE-Conv-L4_ObjectBased_R4.pth,AlexNet,4,ObjectBased,4,N,11,0,0.046298962,0
SE-Conv-L4_ObjectBased_R4.pth,AlexNet,4,ObjectBased,4,N,12,0,0,0
SE-Conv-L4_ObjectBased_R4.pth,AlexNet,4,ObjectBased,4,N,13,0,0.233832553,0
SE-Conv-L4_ObjectBased_R4.pth,AlexNet,4,ObjectBased,4,N,14,0,0.247866213,0.003163685
SE-Conv-L4_ObjectBased_R4.pth,AlexNet,4,ObjectBased,4,N,15,0,0,0
SE-Conv-L4_ObjectBased_R4.pth,AlexNet,4,ObjectBased,4,N,16,0,0.772569835,0
SE-Conv-L4_ObjectBased_R4.pth,AlexNet,4,ObjectBased,4,N,17,0,0.638271868,0.028387263
SE-Conv-L4_ObjectBased_R4.pth,AlexNet,4,ObjectBased,4,N,18,0,0.076818407,0.200804025
SE-Conv-L4_ObjectBased_R4.pth,AlexNet,4,ObjectBased,4,N,19,0,0.282642543,0.12990278
SE-Conv-L4_ObjectBased_R4.pth,AlexNet,4,ObjectBased,4,N,20,0,0.270054549,0.112721682
SE-Conv-L4_ObjectBased_R4.pth,AlexNet,4,ObjectBased,4,N,21,0,0.18023923,0.142065257
SE-Conv-L4_FaceBased_R8.pth,AlexNet,4,FaceBased,8,E,1,0.092788197,0.09074498,0.205859482
SE-Conv-L4_FaceBased_R8.pth,AlexNet,4,FaceBased,8,E,2,0.122275509,0.077521682,0.192729056
SE-Conv-L4_FaceBased_R8.pth,AlexNet,4,FaceBased,8,E,3,0.1335233,0.038312122,0.254079521
SE-Conv-L4_FaceBased_R8.pth,AlexNet,4,FaceBased,8,E,4,0.134982571,0.042968739,0.234559879
SE-Conv-L4_FaceBased_R8.pth,AlexNet,4,FaceBased,8,E,5,0.097674675,0.045294672,0.253666013
SE-Conv-L4_FaceBased_R8.pth,AlexNet,4,FaceBased,8,E,6,0.129077122,0.243431032,0.009800945
SE-Conv-L4_FaceBased_R8.pth,AlexNet,4,FaceBased,8,E,7,0.029885799,0.257584095,0.012549431
SE-Conv-L4_FaceBased_R8.pth,AlexNet,4,FaceBased,8,E,8,0.006743784,0.194916055,0.006017267
SE-Conv-L4_FaceBased_R8.pth,AlexNet,4,FaceBased,8,E,9,0.01008095,0.267173558,0.021173853
SE-Conv-L4_FaceBased_R8.pth,AlexNet,4,FaceBased,8,E,10,0.003064975,0.374708444,0.007395261
SE-Conv-L4_FaceBased_R8.pth,AlexNet,4,FaceBased,8,E,11,0.051943932,0.108749516,0.074600957
SE-Conv-L4_FaceBased_R8.pth,AlexNet,4,FaceBased,8,E,12,0.059801299,0.080318362,0.105688706
SE-Conv-L4_FaceBased_R8.pth,AlexNet,4,FaceBased,8,E,13,0.043248355,0.139206812,0.16249299
SE-Conv-L4_FaceBased_R8.pth,AlexNet,4,FaceBased,8,E,14,0.011766764,0.0941974,0.261768371
SE-Conv-L4_FaceBased_R8.pth,AlexNet,4,FaceBased,8,E,15,0.009638001,0.072528712,0.341449171
SE-Conv-L4_FaceBased_R8.pth,AlexNet,4,FaceBased,8,E,16,0.034783226,0.031637046,0.281783998
SE-Conv-L4_FaceBased_R8.pth,AlexNet,4,FaceBased,8,E,17,0,0.04177453,0.502315402
SE-Conv-L4_FaceBased_R8.pth,AlexNet,4,FaceBased,8,E,18,0.009683203,0.103117272,0.281790137
SE-Conv-L4_FaceBased_R8.pth,AlexNet,4,FaceBased,8,E,19,0.001271213,0.116614208,0.430603534
SE-Conv-L4_FaceBased_R8.pth,AlexNet,4,FaceBased,8,E,20,0.002895409,0.0692451,0.411415547
SE-Conv-L4_FaceBased_R8.pth,AlexNet,4,FaceBased,8,E,21,0.007543678,0.121967934,0.235875294
SE-Conv-L4_FaceBased_R8.pth,AlexNet,4,FaceBased,8,Full,1,0.155438885,0.244116962,0.001467991
SE-Conv-L4_FaceBased_R8.pth,AlexNet,4,FaceBased,8,Full,2,0.175698221,0.198190659,0.002064249
SE-Conv-L4_FaceBased_R8.pth,AlexNet,4,FaceBased,8,Full,3,0.362912506,0.14161551,0.000800555
SE-Conv-L4_FaceBased_R8.pth,AlexNet,4,FaceBased,8,Full,4,0.354455292,0.092325024,0.001258897
SE-Conv-L4_FaceBased_R8.pth,AlexNet,4,FaceBased,8,Full,5,0.170425877,0.248360649,0.001001125
SE-Conv-L4_FaceBased_R8.pth,AlexNet,4,FaceBased,8,Full,6,0.069873676,0.12695615,0.007434539
SE-Conv-L4_FaceBased_R8.pth,AlexNet,4,FaceBased,8,Full,7,0.063897178,0.143837959,0.012424096
SE-Conv-L4_FaceBased_R8.pth,AlexNet,4,FaceBased,8,Full,8,0.101162821,0.067195795,0.006879502
SE-Conv-L4_FaceBased_R8.pth,AlexNet,4,FaceBased,8,Full,9,0.115947127,0.051570918,0.004828666
SE-Conv-L4_FaceBased_R8.pth,AlexNet,4,FaceBased,8,Full,10,0.27610898,0.005309456,0.000860974
SE-Conv-L4_FaceBased_R8.pth,AlexNet,4,FaceBased,8,Full,11,0.301464826,0.002756366,0.000879575
SE-Conv-L4_FaceBased_R8.pth,AlexNet,4,FaceBased,8,Full,12,0.234401092,0.007061413,0.001220222
SE-Conv-L4_FaceBased_R8.pth,AlexNet,4,FaceBased,8,Full,13,0.137255669,0.022249106,0.003253116
SE-Conv-L4_FaceBased_R8.pth,AlexNet,4,FaceBased,8,Full,14,0.187011048,0.053956181,0.013415175
SE-Conv-L4_FaceBased_R8.pth,AlexNet,4,FaceBased,8,Full,15,0.187887877,0.002282247,0.022052757
SE-Conv-L4_FaceBased_R8.pth,AlexNet,4,FaceBased,8,Full,16,0.038656622,0.008182293,0.157358721
SE-Conv-L4_FaceBased_R8.pth,AlexNet,4,FaceBased,8,Full,17,0.005394104,0.012991759,0.405752093
SE-Conv-L4_FaceBased_R8.pth,AlexNet,4,FaceBased,8,Full,18,0.012603623,0.084717676,0.390741378
SE-Conv-L4_FaceBased_R8.pth,AlexNet,4,FaceBased,8,Full,19,0.078017421,0.061192155,0.505950153
SE-Conv-L4_FaceBased_R8.pth,AlexNet,4,FaceBased,8,Full,20,0.124827981,0.038863748,0.495386094
SE-Conv-L4_FaceBased_R8.pth,AlexNet,4,FaceBased,8,Full,21,0.013476783,0.002828704,0.800857663
SE-Conv-L4_FaceBased_R8.pth,AlexNet,4,FaceBased,8,M,1,0.029503793,0.015084756,0.071047544
SE-Conv-L4_FaceBased_R8.pth,AlexNet,4,FaceBased,8,M,2,0.045166146,0.014115628,0.059040893
SE-Conv-L4_FaceBased_R8.pth,AlexNet,4,FaceBased,8,M,3,0.035079185,0.013559941,0.01292501
SE-Conv-L4_FaceBased_R8.pth,AlexNet,4,FaceBased,8,M,4,0.032296401,0.057964917,0.0005024
SE-Conv-L4_FaceBased_R8.pth,AlexNet,4,FaceBased,8,M,5,0.026875142,0.049987812,0.03386458
SE-Conv-L4_FaceBased_R8.pth,AlexNet,4,FaceBased,8,M,6,0.00513682,0.02066852,0.053528037
SE-Conv-L4_FaceBased_R8.pth,AlexNet,4,FaceBased,8,M,7,0.012846035,0.039024416,0.078600973
SE-Conv-L4_FaceBased_R8.pth,AlexNet,4,FaceBased,8,M,8,0.01955186,0.046136566,0.090978503
SE-Conv-L4_FaceBased_R8.pth,AlexNet,4,FaceBased,8,M,9,0.011102801,0.074556202,0.11027009
SE-Conv-L4_FaceBased_R8.pth,AlexNet,4,FaceBased,8,M,10,0.049646806,0.06557817,0.093997747
SE-Conv-L4_FaceBased_R8.pth,AlexNet,4,FaceBased,8,M,11,0.061171181,0.052972842,0.089510664
SE-Conv-L4_FaceBased_R8.pth,AlexNet,4,FaceBased,8,M,12,0.054751843,0.066984929,0.093657315
SE-Conv-L4_FaceBased_R8.pth,AlexNet,4,FaceBased,8,M,13,0.046536252,0.072780952,0.049817111
SE-Conv-L4_FaceBased_R8.pth,AlexNet,4,FaceBased,8,M,14,0.046161268,0.062559135,0.0690687
SE-Conv-L4_FaceBased_R8.pth,AlexNet,4,FaceBased,8,M,15,0.00911374,0.031519722,0.051345438
SE-Conv-L4_FaceBased_R8.pth,AlexNet,4,FaceBased,8,M,16,0.010488893,0.096896596,0.017596783
SE-Conv-L4_FaceBased_R8.pth,AlexNet,4,FaceBased,8,M,17,0.010735779,0.0757908,0.051791385
SE-Conv-L4_FaceBased_R8.pth,AlexNet,4,FaceBased,8,M,18,0.011642771,0.014671793,0.013908357
SE-Conv-L4_FaceBased_R8.pth,AlexNet,4,FaceBased,8,M,19,0.015850965,0.046225432,0.024619378
SE-Conv-L4_FaceBased_R8.pth,AlexNet,4,FaceBased,8,M,20,0.017062543,0.046785969,0.002918909
SE-Conv-L4_FaceBased_R8.pth,AlexNet,4,FaceBased,8,M,21,0.088835515,0.004357457,0.00166083
SE-Conv-L4_FaceBased_R8.pth,AlexNet,4,FaceBased,8,N,1,0.13038379,0.077299975,0.033555187
SE-Conv-L4_FaceBased_R8.pth,AlexNet,4,FaceBased,8,N,2,0.104347676,0.082342379,0.047610216
SE-Conv-L4_FaceBased_R8.pth,AlexNet,4,FaceBased,8,N,3,0.077938184,0.096062236,0.063798778
SE-Conv-L4_FaceBased_R8.pth,AlexNet,4,FaceBased,8,N,4,0.060691711,0.10046313,0.078563705
SE-Conv-L4_FaceBased_R8.pth,AlexNet,4,FaceBased,8,N,5,0.073898911,0.071378581,0.085088678
SE-Conv-L4_FaceBased_R8.pth,AlexNet,4,FaceBased,8,N,6,0.074524,0.079459861,0.09953288
SE-Conv-L4_FaceBased_R8.pth,AlexNet,4,FaceBased,8,N,7,0.075057611,0.091866635,0.102337845
SE-Conv-L4_FaceBased_R8.pth,AlexNet,4,FaceBased,8,N,8,0.063915208,0.10802599,0.098532528
SE-Conv-L4_FaceBased_R8.pth,AlexNet,4,FaceBased,8,N,9,0.065338328,0.105372727,0.119151786
SE-Conv-L4_FaceBased_R8.pth,AlexNet,4,FaceBased,8,N,10,0.090938911,0.111736603,0.1210839
SE-Conv-L4_FaceBased_R8.pth,AlexNet,4,FaceBased,8,N,11,0.077918686,0.095564455,0.124368258
SE-Conv-L4_FaceBased_R8.pth,AlexNet,4,FaceBased,8,N,12,0.082712024,0.0925854,0.099822775
SE-Conv-L4_FaceBased_R8.pth,AlexNet,4,FaceBased,8,N,13,0.082902953,0.091149613,0.09745311
SE-Conv-L4_FaceBased_R8.pth,AlexNet,4,FaceBased,8,N,14,0.073008388,0.092381932,0.08372698
SE-Conv-L4_FaceBased_R8.pth,AlexNet,4,FaceBased,8,N,15,0.059257701,0.08019723,0.08565893
SE-Conv-L4_FaceBased_R8.pth,AlexNet,4,FaceBased,8,N,16,0.100952171,0.067784593,0.058486052
SE-Conv-L4_FaceBased_R8.pth,AlexNet,4,FaceBased,8,N,17,0.058300167,0.093662076,0.064238578
SE-Conv-L4_FaceBased_R8.pth,AlexNet,4,FaceBased,8,N,18,0.04430531,0.095051989,0.07138776
SE-Conv-L4_FaceBased_R8.pth,AlexNet,4,FaceBased,8,N,19,0.045499593,0.176021367,0.097568527
SE-Conv-L4_FaceBased_R8.pth,AlexNet,4,FaceBased,8,N,20,0.054056004,0.177639559,0.12585257
SE-Conv-L4_FaceBased_R8.pth,AlexNet,4,FaceBased,8,N,21,0.037639435,0.250197202,0.078480601
SE-Conv-L4_ObjectBased_R8.pth,AlexNet,4,ObjectBased,8,E,1,0.010714808,0.031027822,0.000251436
SE-Conv-L4_ObjectBased_R8.pth,AlexNet,4,ObjectBased,8,E,2,0.006030746,0.040992003,0.022619599
SE-Conv-L4_ObjectBased_R8.pth,AlexNet,4,ObjectBased,8,E,3,0.02420979,0.00903074,0.004970547
SE-Conv-L4_ObjectBased_R8.pth,AlexNet,4,ObjectBased,8,E,4,0.034432352,0.011847985,0.00199418
SE-Conv-L4_ObjectBased_R8.pth,AlexNet,4,ObjectBased,8,E,5,0.049371712,0.018453183,0.000144442
SE-Conv-L4_ObjectBased_R8.pth,AlexNet,4,ObjectBased,8,E,6,0.030804506,0.014296496,0
SE-Conv-L4_ObjectBased_R8.pth,AlexNet,4,ObjectBased,8,E,7,0.023107905,0.020538269,0.000259832
SE-Conv-L4_ObjectBased_R8.pth,AlexNet,4,ObjectBased,8,E,8,0.071574926,0.013991656,0.000351117
SE-Conv-L4_ObjectBased_R8.pth,AlexNet,4,ObjectBased,8,E,9,0.152205303,0.006295317,0
SE-Conv-L4_ObjectBased_R8.pth,AlexNet,4,ObjectBased,8,E,10,0.06758301,0.016766364,0
SE-Conv-L4_ObjectBased_R8.pth,AlexNet,4,ObjectBased,8,E,11,0.064970426,0.003078759,0
SE-Conv-L4_ObjectBased_R8.pth,AlexNet,4,ObjectBased,8,E,12,0.057084903,0.019966686,0.002442781
SE-Conv-L4_ObjectBased_R8.pth,AlexNet,4,ObjectBased,8,E,13,0.078603439,0.018083073,2.43E-06
SE-Conv-L4_ObjectBased_R8.pth,AlexNet,4,ObjectBased,8,E,14,0.08254645,0.057635702,0
SE-Conv-L4_ObjectBased_R8.pth,AlexNet,4,ObjectBased,8,E,15,0.0119301,0.07439255,0
SE-Conv-L4_ObjectBased_R8.pth,AlexNet,4,ObjectBased,8,E,16,0,0.136555865,0
SE-Conv-L4_ObjectBased_R8.pth,AlexNet,4,ObjectBased,8,E,17,0.125737727,0.006717959,0
SE-Conv-L4_ObjectBased_R8.pth,AlexNet,4,ObjectBased,8,E,18,0.167472914,0.021697719,0
SE-Conv-L4_ObjectBased_R8.pth,AlexNet,4,ObjectBased,8,E,19,0.17175068,0.121617198,0.014792426
SE-Conv-L4_ObjectBased_R8.pth,AlexNet,4,ObjectBased,8,E,20,0.180059075,0.099896669,0.055048432
SE-Conv-L4_ObjectBased_R8.pth,AlexNet,4,ObjectBased,8,E,21,0.086488135,0.109368786,0.143690392
SE-Conv-L4_ObjectBased_R8.pth,AlexNet,4,ObjectBased,8,Full,1,0.03957051,0.027914383,0.124973133
SE-Conv-L4_ObjectBased_R8.pth,AlexNet,4,ObjectBased,8,Full,2,0.048008457,0.02856103,0.137875125
SE-Conv-L4_ObjectBased_R8.pth,AlexNet,4,ObjectBased,8,Full,3,0.051861271,0.023107002,0.115789272
SE-Conv-L4_ObjectBased_R8.pth,AlexNet,4,ObjectBased,8,Full,4,0.055578727,0.024599584,0.126127765
SE-Conv-L4_ObjectBased_R8.pth,AlexNet,4,ObjectBased,8,Full,5,0.05321664,0.030817386,0.144841626
SE-Conv-L4_ObjectBased_R8.pth,AlexNet,4,ObjectBased,8,Full,6,0.034894139,0.021654213,0.133255988
SE-Conv-L4_ObjectBased_R8.pth,AlexNet,4,ObjectBased,8,Full,7,0.241044044,0.088260338,0.000852859
SE-Conv-L4_ObjectBased_R8.pth,AlexNet,4,ObjectBased,8,Full,8,0.205628291,0.052389171,0.000425318
SE-Conv-L4_ObjectBased_R8.pth,AlexNet,4,ObjectBased,8,Full,9,0.324688435,0.071994558,1.69E-05
SE-Conv-L4_ObjectBased_R8.pth,AlexNet,4,ObjectBased,8,Full,10,0.241690606,0.050191991,9.85E-05
SE-Conv-L4_ObjectBased_R8.pth,AlexNet,4,ObjectBased,8,Full,11,0.072067678,0.021210728,0.132944897
SE-Conv-L4_ObjectBased_R8.pth,AlexNet,4,ObjectBased,8,Full,12,0.184883609,0.051672813,0.000806476
SE-Conv-L4_ObjectBased_R8.pth,AlexNet,4,ObjectBased,8,Full,13,0.321393907,0.020821121,6.53E-05
SE-Conv-L4_ObjectBased_R8.pth,AlexNet,4,ObjectBased,8,Full,14,0.199914843,0.008546592,0.000822108
SE-Conv-L4_ObjectBased_R8.pth,AlexNet,4,ObjectBased,8,Full,15,0.152495041,0.024197083,0.015757278
SE-Conv-L4_ObjectBased_R8.pth,AlexNet,4,ObjectBased,8,Full,16,0.188069656,0.04564324,0.002800895
SE-Conv-L4_ObjectBased_R8.pth,AlexNet,4,ObjectBased,8,Full,17,0.207936704,0.012362319,0.000679721
SE-Conv-L4_ObjectBased_R8.pth,AlexNet,4,ObjectBased,8,Full,18,0.173688874,0.013525972,0.002476424
SE-Conv-L4_ObjectBased_R8.pth,AlexNet,4,ObjectBased,8,Full,19,0.078786291,0.008836629,0.020311415
SE-Conv-L4_ObjectBased_R8.pth,AlexNet,4,ObjectBased,8,Full,20,0.090080254,0.006098612,0.028337196
SE-Conv-L4_ObjectBased_R8.pth,AlexNet,4,ObjectBased,8,Full,21,0.068760172,0.013107768,0.086147733
SE-Conv-L4_ObjectBased_R8.pth,AlexNet,4,ObjectBased,8,M,1,0.169421345,0.001820516,0.105674706
SE-Conv-L4_ObjectBased_R8.pth,AlexNet,4,ObjectBased,8,M,2,0.10604649,0.002331024,0.182386786
SE-Conv-L4_ObjectBased_R8.pth,AlexNet,4,ObjectBased,8,M,3,0.009009482,0.033327959,0.318819463
SE-Conv-L4_ObjectBased_R8.pth,AlexNet,4,ObjectBased,8,M,4,0.246288925,0.028917469,0.000263104
SE-Conv-L4_ObjectBased_R8.pth,AlexNet,4,ObjectBased,8,M,5,0.304677844,0.038639892,0.000481219
SE-Conv-L4_ObjectBased_R8.pth,AlexNet,4,ObjectBased,8,M,6,0.271377057,0.01704183,0
SE-Conv-L4_ObjectBased_R8.pth,AlexNet,4,ObjectBased,8,M,7,0.254386932,0.016991325,0
SE-Conv-L4_ObjectBased_R8.pth,AlexNet,4,ObjectBased,8,M,8,0.277232051,0.025430063,0
SE-Conv-L4_ObjectBased_R8.pth,AlexNet,4,ObjectBased,8,M,9,0.243967667,0.029515564,0
SE-Conv-L4_ObjectBased_R8.pth,AlexNet,4,ObjectBased,8,M,10,0.254836589,0.032539055,0
SE-Conv-L4_ObjectBased_R8.pth,AlexNet,4,ObjectBased,8,M,11,0.303296238,0.021531787,0
SE-Conv-L4_ObjectBased_R8.pth,AlexNet,4,ObjectBased,8,M,12,0.266709626,0.017598975,0
SE-Conv-L4_ObjectBased_R8.pth,AlexNet,4,ObjectBased,8,M,13,0.320069045,0.017988812,0
SE-Conv-L4_ObjectBased_R8.pth,AlexNet,4,ObjectBased,8,M,14,0.272923946,0.018561533,0
SE-Conv-L4_ObjectBased_R8.pth,AlexNet,4,ObjectBased,8,M,15,0.23152715,0.013271372,0
SE-Conv-L4_ObjectBased_R8.pth,AlexNet,4,ObjectBased,8,M,16,0.323198408,0.008371675,0
SE-Conv-L4_ObjectBased_R8.pth,AlexNet,4,ObjectBased,8,M,17,0.351513416,0.008709987,0
SE-Conv-L4_ObjectBased_R8.pth,AlexNet,4,ObjectBased,8,M,18,0.300191581,0.014769926,0
SE-Conv-L4_ObjectBased_R8.pth,AlexNet,4,ObjectBased,8,M,19,0.280454785,0.014833202,0
SE-Conv-L4_ObjectBased_R8.pth,AlexNet,4,ObjectBased,8,M,20,0.28497836,0.018582107,0
SE-Conv-L4_ObjectBased_R8.pth,AlexNet,4,ObjectBased,8,M,21,0.251706719,0.022699166,0
SE-Conv-L4_ObjectBased_R8.pth,AlexNet,4,ObjectBased,8,N,1,0.298031747,0.10423398,0.105504915
SE-Conv-L4_ObjectBased_R8.pth,AlexNet,4,ObjectBased,8,N,2,0.244761512,0.108377121,0.114185795
SE-Conv-L4_ObjectBased_R8.pth,AlexNet,4,ObjectBased,8,N,3,0.213976011,0.097879112,0.125470534
SE-Conv-L4_ObjectBased_R8.pth,AlexNet,4,ObjectBased,8,N,4,0.19271116,0.071268521,0.145571396
SE-Conv-L4_ObjectBased_R8.pth,AlexNet,4,ObjectBased,8,N,5,0.210099071,0.090452164,0.14696151
SE-Conv-L4_ObjectBased_R8.pth,AlexNet,4,ObjectBased,8,N,6,0.158486992,0.072632641,0.11992421
SE-Conv-L4_ObjectBased_R8.pth,AlexNet,4,ObjectBased,8,N,7,0.171753347,0.037816171,0.141980544
SE-Conv-L4_ObjectBased_R8.pth,AlexNet,4,ObjectBased,8,N,8,0.183858857,0.056753356,0.160208449
SE-Conv-L4_ObjectBased_R8.pth,AlexNet,4,ObjectBased,8,N,9,0.164778128,0.044338319,0.146792755
SE-Conv-L4_ObjectBased_R8.pth,AlexNet,4,ObjectBased,8,N,10,0.189562038,0.043604489,0.144751877
SE-Conv-L4_ObjectBased_R8.pth,AlexNet,4,ObjectBased,8,N,11,0.136381686,0.043177679,0.157337204
SE-Conv-L4_ObjectBased_R8.pth,AlexNet,4,ObjectBased,8,N,12,0.146608323,0.057244446,0.154099628
SE-Conv-L4_ObjectBased_R8.pth,AlexNet,4,ObjectBased,8,N,13,0.150745362,0.057656698,0.134807661
SE-Conv-L4_ObjectBased_R8.pth,AlexNet,4,ObjectBased,8,N,14,0.150767997,0.036109183,0.146017894
SE-Conv-L4_ObjectBased_R8.pth,AlexNet,4,ObjectBased,8,N,15,0.141108036,0.034445357,0.186238885
SE-Conv-L4_ObjectBased_R8.pth,AlexNet,4,ObjectBased,8,N,16,0.110603616,0.030607896,0.149186999
SE-Conv-L4_ObjectBased_R8.pth,AlexNet,4,ObjectBased,8,N,17,0.132373422,0.045453131,0.111426711
SE-Conv-L4_ObjectBased_R8.pth,AlexNet,4,ObjectBased,8,N,18,0.130362973,0.056236666,0.112126738
SE-Conv-L4_ObjectBased_R8.pth,AlexNet,4,ObjectBased,8,N,19,0.178195462,0.04028355,0.098393261
SE-Conv-L4_ObjectBased_R8.pth,AlexNet,4,ObjectBased,8,N,20,0.199515298,0.029756146,0.042973056
SE-Conv-L4_ObjectBased_R8.pth,AlexNet,4,ObjectBased,8,N,21,0.214765161,0.022703582,0.066236563
SE-Conv-L4_FaceBased_R16.pth,AlexNet,4,FaceBased,16,E,1,0.077245235,0.034786116,0.129739434
SE-Conv-L4_FaceBased_R16.pth,AlexNet,4,FaceBased,16,E,2,0.080389746,0.047798101,0.106790125
SE-Conv-L4_FaceBased_R16.pth,AlexNet,4,FaceBased,16,E,3,0.093750753,0.012473989,0.084315546
SE-Conv-L4_FaceBased_R16.pth,AlexNet,4,FaceBased,16,E,4,0.116451882,0.002093758,0.061316948
SE-Conv-L4_FaceBased_R16.pth,AlexNet,4,FaceBased,16,E,5,0.088674478,0.01350954,0.068394125
SE-Conv-L4_FaceBased_R16.pth,AlexNet,4,FaceBased,16,E,6,0.103872553,0.00409893,0.038552914
SE-Conv-L4_FaceBased_R16.pth,AlexNet,4,FaceBased,16,E,7,0.115517013,0.031661022,0.049469061
SE-Conv-L4_FaceBased_R16.pth,AlexNet,4,FaceBased,16,E,8,0.126540467,0.013823116,0.003829717
SE-Conv-L4_FaceBased_R16.pth,AlexNet,4,FaceBased,16,E,9,0.101815283,0.043302663,0.053058323
SE-Conv-L4_FaceBased_R16.pth,AlexNet,4,FaceBased,16,E,10,0.125767186,0.108199678,0.008541359
SE-Conv-L4_FaceBased_R16.pth,AlexNet,4,FaceBased,16,E,11,0.121107414,0.09725593,0.002651159
SE-Conv-L4_FaceBased_R16.pth,AlexNet,4,FaceBased,16,E,12,0.0979826,0.065123282,0.001257384
SE-Conv-L4_FaceBased_R16.pth,AlexNet,4,FaceBased,16,E,13,0.002477441,0.019665862,0.002684209
SE-Conv-L4_FaceBased_R16.pth,AlexNet,4,FaceBased,16,E,14,0.109714851,0.161249131,0.003109338
SE-Conv-L4_FaceBased_R16.pth,AlexNet,4,FaceBased,16,E,15,0.173620522,0.025778007,0.00152318
SE-Conv-L4_FaceBased_R16.pth,AlexNet,4,FaceBased,16,E,16,0.154975995,0.09706869,0.004073739
SE-Conv-L4_FaceBased_R16.pth,AlexNet,4,FaceBased,16,E,17,0.091304652,0.111884639,0.110663339
SE-Conv-L4_FaceBased_R16.pth,AlexNet,4,FaceBased,16,E,18,0.221517771,0.087118283,0.001040857
SE-Conv-L4_FaceBased_R16.pth,AlexNet,4,FaceBased,16,E,19,0.105712116,0.340295166,0.006162127
SE-Conv-L4_FaceBased_R16.pth,AlexNet,4,FaceBased,16,E,20,0,0.079474263,0
SE-Conv-L4_FaceBased_R16.pth,AlexNet,4,FaceBased,16,E,21,0,0.07947427,0
SE-Conv-L4_FaceBased_R16.pth,AlexNet,4,FaceBased,16,Full,1,0.097306766,0.156416073,0.164960966
SE-Conv-L4_FaceBased_R16.pth,AlexNet,4,FaceBased,16,Full,2,0.093808599,0.161189988,0.141434774
SE-Conv-L4_FaceBased_R16.pth,AlexNet,4,FaceBased,16,Full,3,0.118287191,0.184143305,0.12603496
SE-Conv-L4_FaceBased_R16.pth,AlexNet,4,FaceBased,16,Full,4,0,0.457341403,0.209132999
SE-Conv-L4_FaceBased_R16.pth,AlexNet,4,FaceBased,16,Full,5,0,0.54293251,0.116535693
SE-Conv-L4_FaceBased_R16.pth,AlexNet,4,FaceBased,16,Full,6,0.443284899,0.093842007,0.000235757
SE-Conv-L4_FaceBased_R16.pth,AlexNet,4,FaceBased,16,Full,7,0,0,0
SE-Conv-L4_FaceBased_R16.pth,AlexNet,4,FaceBased,16,Full,8,0,0,0
SE-Conv-L4_FaceBased_R16.pth,AlexNet,4,FaceBased,16,Full,9,0,0,0
SE-Conv-L4_FaceBased_R16.pth,AlexNet,4,FaceBased,16,Full,10,0,0,0
SE-Conv-L4_FaceBased_R16.pth,AlexNet,4,FaceBased,16,Full,11,0,0,0
SE-Conv-L4_FaceBased_R16.pth,AlexNet,4,FaceBased,16,Full,12,0.048359223,0.106249027,0.064032704
SE-Conv-L4_FaceBased_R16.pth,AlexNet,4,FaceBased,16,Full,13,0.01606275,0.104396835,0.144163609
SE-Conv-L4_FaceBased_R16.pth,AlexNet,4,FaceBased,16,Full,14,0.000358022,0.2923325,0.153376922
SE-Conv-L4_FaceBased_R16.pth,AlexNet,4,FaceBased,16,Full,15,0,0.392170519,0.119098552
SE-Conv-L4_FaceBased_R16.pth,AlexNet,4,FaceBased,16,Full,16,0.104470357,0.129405648,0.006142815
SE-Conv-L4_FaceBased_R16.pth,AlexNet,4,FaceBased,16,Full,17,0.183241397,0.289091468,0
SE-Conv-L4_FaceBased_R16.pth,AlexNet,4,FaceBased,16,Full,18,0.178220257,0.224754542,0.001865627
SE-Conv-L4_FaceBased_R16.pth,AlexNet,4,FaceBased,16,Full,19,0.338226706,0.129365519,0
SE-Conv-L4_FaceBased_R16.pth,AlexNet,4,FaceBased,16,Full,20,0.38935554,0.152286291,0
SE-Conv-L4_FaceBased_R16.pth,AlexNet,4,FaceBased,16,Full,21,0.583494246,0.014473554,0.001584434
SE-Conv-L4_FaceBased_R16.pth,AlexNet,4,FaceBased,16,M,1,0.127573952,0.090488315,0.075745799
SE-Conv-L4_FaceBased_R16.pth,AlexNet,4,FaceBased,16,M,2,0.134560898,0.091427252,0.087510914
SE-Conv-L4_FaceBased_R16.pth,AlexNet,4,FaceBased,16,M,3,0.143666029,0.115080722,0.080473356
SE-Conv-L4_FaceBased_R16.pth,AlexNet,4,FaceBased,16,M,4,0.11870224,0.105765559,0.098107025
SE-Conv-L4_FaceBased_R16.pth,AlexNet,4,FaceBased,16,M,5,0.137653962,0.100137867,0.101570122
SE-Conv-L4_FaceBased_R16.pth,AlexNet,4,FaceBased,16,M,6,0.103214018,0.124127075,0.130829528
SE-Conv-L4_FaceBased_R16.pth,AlexNet,4,FaceBased,16,M,7,0.177310288,0.201981157,0.099642828
SE-Conv-L4_FaceBased_R16.pth,AlexNet,4,FaceBased,16,M,8,0.061202947,0.271800637,0.115216643
SE-Conv-L4_FaceBased_R16.pth,AlexNet,4,FaceBased,16,M,9,0.042618193,0.247748271,0.116339572
SE-Conv-L4_FaceBased_R16.pth,AlexNet,4,FaceBased,16,M,10,0.031063303,0.517233908,0.003254673
SE-Conv-L4_FaceBased_R16.pth,AlexNet,4,FaceBased,16,M,11,0.001756671,0.478003591,0.119179696
SE-Conv-L4_FaceBased_R16.pth,AlexNet,4,FaceBased,16,M,12,0.009407915,0.243718952,0.173913255
SE-Conv-L4_FaceBased_R16.pth,AlexNet,4,FaceBased,16,M,13,0.100414999,0.244196773,0.03374514
SE-Conv-L4_FaceBased_R16.pth,AlexNet,4,FaceBased,16,M,14,0.334804088,0.212600201,0
SE-Conv-L4_FaceBased_R16.pth,AlexNet,4,FaceBased,16,M,15,0.469489753,0.053337447,0
SE-Conv-L4_FaceBased_R16.pth,AlexNet,4,FaceBased,16,M,16,0.415921301,0.191033617,0.0013911
SE-Conv-L4_FaceBased_R16.pth,AlexNet,4,FaceBased,16,M,17,0.30566597,0.246093035,0.027967565
SE-Conv-L4_FaceBased_R16.pth,AlexNet,4,FaceBased,16,M,18,0.309668183,0.208643004,0.027822865
SE-Conv-L4_FaceBased_R16.pth,AlexNet,4,FaceBased,16,M,19,0.452340454,0.159754857,0.000801755
SE-Conv-L4_FaceBased_R16.pth,AlexNet,4,FaceBased,16,M,20,0.3661744,0.06648346,0.065868214
SE-Conv-L4_FaceBased_R16.pth,AlexNet,4,FaceBased,16,M,21,0.26747492,0.063382253,0.072620533
SE-Conv-L4_FaceBased_R16.pth,AlexNet,4,FaceBased,16,N,1,0.07978972,0.092102289,0.084910914
SE-Conv-L4_FaceBased_R16.pth,AlexNet,4,FaceBased,16,N,2,0.07725507,0.086495087,0.096862234
SE-Conv-L4_FaceBased_R16.pth,AlexNet,4,FaceBased,16,N,3,0.072867967,0.078409083,0.105599821
SE-Conv-L4_FaceBased_R16.pth,AlexNet,4,FaceBased,16,N,4,0.054912444,0.088565633,0.094672114
SE-Conv-L4_FaceBased_R16.pth,AlexNet,4,FaceBased,16,N,5,0.083649822,0.099546708,0.105726518
SE-Conv-L4_FaceBased_R16.pth,AlexNet,4,FaceBased,16,N,6,0.060058318,0.092147425,0.111468166
SE-Conv-L4_FaceBased_R16.pth,AlexNet,4,FaceBased,16,N,7,0.050261918,0.051004134,0.13894096
SE-Conv-L4_FaceBased_R16.pth,AlexNet,4,FaceBased,16,N,8,0.033993468,0.003572984,0.097703859
SE-Conv-L4_FaceBased_R16.pth,AlexNet,4,FaceBased,16,N,9,0.046986178,0.012296214,0.12163429
SE-Conv-L4_FaceBased_R16.pth,AlexNet,4,FaceBased,16,N,10,0.035976309,0.024910802,0.05927173
SE-Conv-L4_FaceBased_R16.pth,AlexNet,4,FaceBased,16,N,11,0.022273939,0.034286916,0.166860819
SE-Conv-L4_FaceBased_R16.pth,AlexNet,4,FaceBased,16,N,12,0.143603921,0.002671616,0.095627755
SE-Conv-L4_FaceBased_R16.pth,AlexNet,4,FaceBased,16,N,13,0.111959539,0.019059973,0.06473694
SE-Conv-L4_FaceBased_R16.pth,AlexNet,4,FaceBased,16,N,14,0.063033611,0.06071423,0.100378133
SE-Conv-L4_FaceBased_R16.pth,AlexNet,4,FaceBased,16,N,15,0.053500518,0.097500637,0.132031053
SE-Conv-L4_FaceBased_R16.pth,AlexNet,4,FaceBased,16,N,16,0.040355321,0.088468097,0.103004456
SE-Conv-L4_FaceBased_R16.pth,AlexNet,4,FaceBased,16,N,17,0.024154551,0.088054463,0.111472145
SE-Conv-L4_FaceBased_R16.pth,AlexNet,4,FaceBased,16,N,18,0.016948981,0.079787225,0.139584422
SE-Conv-L4_FaceBased_R16.pth,AlexNet,4,FaceBased,16,N,19,0.030198131,0.075600401,0.130733415
SE-Conv-L4_FaceBased_R16.pth,AlexNet,4,FaceBased,16,N,20,0.060032893,0.052865375,0.113586716
SE-Conv-L4_FaceBased_R16.pth,AlexNet,4,FaceBased,16,N,21,0.072390452,0.056934178,0.096866019
SE-Conv-L4_ObjectBased_R16.pth,AlexNet,4,ObjectBased,16,E,1,0.056593359,0.204215348,0.164412543
SE-Conv-L4_ObjectBased_R16.pth,AlexNet,4,ObjectBased,16,E,2,0.055106923,0.163562015,0.149851188
SE-Conv-L4_ObjectBased_R16.pth,AlexNet,4,ObjectBased,16,E,3,0.051753815,0.173637405,0.158394307
SE-Conv-L4_ObjectBased_R16.pth,AlexNet,4,ObjectBased,16,E,4,0.059540555,0.218817979,0.129748538
SE-Conv-L4_ObjectBased_R16.pth,AlexNet,4,ObjectBased,16,E,5,0.045118168,0.191547379,0.131319582
SE-Conv-L4_ObjectBased_R16.pth,AlexNet,4,ObjectBased,16,E,6,0.054588921,0.120424718,0.154699668
SE-Conv-L4_ObjectBased_R16.pth,AlexNet,4,ObjectBased,16,E,7,0.075219095,0.10142161,0.130620778
SE-Conv-L4_ObjectBased_R16.pth,AlexNet,4,ObjectBased,16,E,8,0.068664812,0.080333076,0.137056649
SE-Conv-L4_ObjectBased_R16.pth,AlexNet,4,ObjectBased,16,E,9,0.067658298,0.123510666,0.175734803
SE-Conv-L4_ObjectBased_R16.pth,AlexNet,4,ObjectBased,16,E,10,0.061049499,0.103261456,0.14982757
SE-Conv-L4_ObjectBased_R16.pth,AlexNet,4,ObjectBased,16,E,11,0.054211251,0.18622914,0.147560671
SE-Conv-L4_ObjectBased_R16.pth,AlexNet,4,ObjectBased,16,E,12,0.064391986,0.173684329,0.154255316
SE-Conv-L4_ObjectBased_R16.pth,AlexNet,4,ObjectBased,16,E,13,0.052902088,0.119389772,0.121349365
SE-Conv-L4_ObjectBased_R16.pth,AlexNet,4,ObjectBased,16,E,14,0.062208872,0.181199476,0.129735753
SE-Conv-L4_ObjectBased_R16.pth,AlexNet,4,ObjectBased,16,E,15,0.03910017,0.208001733,0.096079178
SE-Conv-L4_ObjectBased_R16.pth,AlexNet,4,ObjectBased,16,E,16,0.026911104,0.104332164,0.15904595
SE-Conv-L4_ObjectBased_R16.pth,AlexNet,4,ObjectBased,16,E,17,0.053781908,0.102976955,0.257665426
SE-Conv-L4_ObjectBased_R16.pth,AlexNet,4,ObjectBased,16,E,18,0.017914519,0.118176557,0.30926168
SE-Conv-L4_ObjectBased_R16.pth,AlexNet,4,ObjectBased,16,E,19,0.027682163,0.059615374,0.265752047
SE-Conv-L4_ObjectBased_R16.pth,AlexNet,4,ObjectBased,16,E,20,0.02604451,0.050955493,0.235927895
SE-Conv-L4_ObjectBased_R16.pth,AlexNet,4,ObjectBased,16,E,21,0.020919703,0.056594644,0.197823361
SE-Conv-L4_ObjectBased_R16.pth,AlexNet,4,ObjectBased,16,Full,1,0.069978617,0.116581336,0.272885263
SE-Conv-L4_ObjectBased_R16.pth,AlexNet,4,ObjectBased,16,Full,2,0.069183409,0.138798892,0.272509784
SE-Conv-L4_ObjectBased_R16.pth,AlexNet,4,ObjectBased,16,Full,3,0.118637279,0.126733005,0.203781411
SE-Conv-L4_ObjectBased_R16.pth,AlexNet,4,ObjectBased,16,Full,4,0.081906773,0.133044183,0.200294375
SE-Conv-L4_ObjectBased_R16.pth,AlexNet,4,ObjectBased,16,Full,5,0.081039198,0.078639798,0.139290452
SE-Conv-L4_ObjectBased_R16.pth,AlexNet,4,ObjectBased,16,Full,6,0.087855883,0.103004932,0.139400885
SE-Conv-L4_ObjectBased_R16.pth,AlexNet,4,ObjectBased,16,Full,7,0.098254912,0.107950941,0.159250706
SE-Conv-L4_ObjectBased_R16.pth,AlexNet,4,ObjectBased,16,Full,8,0.118159346,0.092739522,0.126741171
SE-Conv-L4_ObjectBased_R16.pth,AlexNet,4,ObjectBased,16,Full,9,0.112185583,0.087273307,0.126234025
SE-Conv-L4_ObjectBased_R16.pth,AlexNet,4,ObjectBased,16,Full,10,0.11496859,0.070711263,0.111989461
SE-Conv-L4_ObjectBased_R16.pth,AlexNet,4,ObjectBased,16,Full,11,0.116735362,0.060237531,0.128425017
SE-Conv-L4_ObjectBased_R16.pth,AlexNet,4,ObjectBased,16,Full,12,0.103020504,0.059980914,0.121173702
SE-Conv-L4_ObjectBased_R16.pth,AlexNet,4,ObjectBased,16,Full,13,0.132556707,0.085854732,0.136701107
SE-Conv-L4_ObjectBased_R16.pth,AlexNet,4,ObjectBased,16,Full,14,0.082937136,0.057152949,0.145095065
SE-Conv-L4_ObjectBased_R16.pth,AlexNet,4,ObjectBased,16,Full,15,0.138541326,0.088664122,0.112097688
SE-Conv-L4_ObjectBased_R16.pth,AlexNet,4,ObjectBased,16,Full,16,0.116569683,0.083975986,0.125992298
SE-Conv-L4_ObjectBased_R16.pth,AlexNet,4,ObjectBased,16,Full,17,0.070161015,0.086979307,0.152845144
SE-Conv-L4_ObjectBased_R16.pth,AlexNet,4,ObjectBased,16,Full,18,0.066244617,0.100094683,0.17941606
SE-Conv-L4_ObjectBased_R16.pth,AlexNet,4,ObjectBased,16,Full,19,0.058861878,0.092012994,0.209860951
SE-Conv-L4_ObjectBased_R16.pth,AlexNet,4,ObjectBased,16,Full,20,0.064488299,0.083077051,0.244569525
SE-Conv-L4_ObjectBased_R16.pth,AlexNet,4,ObjectBased,16,Full,21,0.050445411,0.071696497,0.185403779
SE-Conv-L4_ObjectBased_R16.pth,AlexNet,4,ObjectBased,16,M,1,0.219538555,0.020374347,0.023498205
SE-Conv-L4_ObjectBased_R16.pth,AlexNet,4,ObjectBased,16,M,2,0.245437533,0.023558825,0.032256465
SE-Conv-L4_ObjectBased_R16.pth,AlexNet,4,ObjectBased,16,M,3,0.209763467,0.014415946,0.019812386
SE-Conv-L4_ObjectBased_R16.pth,AlexNet,4,ObjectBased,16,M,4,0.226085171,0.007174351,0.007121123
SE-Conv-L4_ObjectBased_R16.pth,AlexNet,4,ObjectBased,16,M,5,0.176978245,0.023119375,0.022186786
SE-Conv-L4_ObjectBased_R16.pth,AlexNet,4,ObjectBased,16,M,6,0.171844006,0.015110268,0.019442905
SE-Conv-L4_ObjectBased_R16.pth,AlexNet,4,ObjectBased,16,M,7,0.24388285,0.012195915,0.011018245
SE-Conv-L4_ObjectBased_R16.pth,AlexNet,4,ObjectBased,16,M,8,0.196236491,0.020874325,0.030800281
SE-Conv-L4_ObjectBased_R16.pth,AlexNet,4,ObjectBased,16,M,9,0.194101229,0.019960556,0.041012995
SE-Conv-L4_ObjectBased_R16.pth,AlexNet,4,ObjectBased,16,M,10,0.206133962,0.023746865,0.017018393
SE-Conv-L4_ObjectBased_R16.pth,AlexNet,4,ObjectBased,16,M,11,0.245293617,0.033074494,0.024867747
SE-Conv-L4_ObjectBased_R16.pth,AlexNet,4,ObjectBased,16,M,12,0.143926159,0.038236145,0.020430127
SE-Conv-L4_ObjectBased_R16.pth,AlexNet,4,ObjectBased,16,M,13,0.143753216,0.044112824,0.044273365
SE-Conv-L4_ObjectBased_R16.pth,AlexNet,4,ObjectBased,16,M,14,0.155940562,0.047280014,0.051494271
SE-Conv-L4_ObjectBased_R16.pth,AlexNet,4,ObjectBased,16,M,15,0.133578822,0.039515033,0.053432368
SE-Conv-L4_ObjectBased_R16.pth,AlexNet,4,ObjectBased,16,M,16,0.107222587,0.038950585,0.078037187
SE-Conv-L4_ObjectBased_R16.pth,AlexNet,4,ObjectBased,16,M,17,0.127815023,0.037141997,0.054861169
SE-Conv-L4_ObjectBased_R16.pth,AlexNet,4,ObjectBased,16,M,18,0.178994417,0.049624689,0.030610075
SE-Conv-L4_ObjectBased_R16.pth,AlexNet,4,ObjectBased,16,M,19,0.121115796,0.06579113,0.066460952
SE-Conv-L4_ObjectBased_R16.pth,AlexNet,4,ObjectBased,16,M,20,0.118243016,0.066785134,0.052164983
SE-Conv-L4_ObjectBased_R16.pth,AlexNet,4,ObjectBased,16,M,21,0.13016437,0.074514903,0.036507089
SE-Conv-L4_ObjectBased_R16.pth,AlexNet,4,ObjectBased,16,N,1,0.050125647,0.031492926,0.144144416
SE-Conv-L4_ObjectBased_R16.pth,AlexNet,4,ObjectBased,16,N,2,0.06168412,0.025032887,0.138575643
SE-Conv-L4_ObjectBased_R16.pth,AlexNet,4,ObjectBased,16,N,3,0.078474246,0.027636474,0.104681112
SE-Conv-L4_ObjectBased_R16.pth,AlexNet,4,ObjectBased,16,N,4,0.082777686,0.02070958,0.135421664
SE-Conv-L4_ObjectBased_R16.pth,AlexNet,4,ObjectBased,16,N,5,0.088110767,0.034639504,0.115783654
SE-Conv-L4_ObjectBased_R16.pth,AlexNet,4,ObjectBased,16,N,6,0.110157765,0.031371318,0.119374074
SE-Conv-L4_ObjectBased_R16.pth,AlexNet,4,ObjectBased,16,N,7,0.081873387,0.019526232,0.146055862
SE-Conv-L4_ObjectBased_R16.pth,AlexNet,4,ObjectBased,16,N,8,0.107778095,0.016715528,0.124474674
SE-Conv-L4_ObjectBased_R16.pth,AlexNet,4,ObjectBased,16,N,9,0.107427709,0.037106123,0.099846572
SE-Conv-L4_ObjectBased_R16.pth,AlexNet,4,ObjectBased,16,N,10,0.073844366,0.025913034,0.111515902
SE-Conv-L4_ObjectBased_R16.pth,AlexNet,4,ObjectBased,16,N,11,0.053539686,0.027447699,0.126722217
SE-Conv-L4_ObjectBased_R16.pth,AlexNet,4,ObjectBased,16,N,12,0.076092474,0.019533873,0.10517057
SE-Conv-L4_ObjectBased_R16.pth,AlexNet,4,ObjectBased,16,N,13,0.056163255,0.025263945,0.113861278
SE-Conv-L4_ObjectBased_R16.pth,AlexNet,4,ObjectBased,16,N,14,0.05915137,0.013356877,0.091875456
SE-Conv-L4_ObjectBased_R16.pth,AlexNet,4,ObjectBased,16,N,15,0.058455728,0.028086247,0.094572999
SE-Conv-L4_ObjectBased_R16.pth,AlexNet,4,ObjectBased,16,N,16,0.058514096,0.023757705,0.105646297
SE-Conv-L4_ObjectBased_R16.pth,AlexNet,4,ObjectBased,16,N,17,0.036421865,0.015767813,0.128756076
SE-Conv-L4_ObjectBased_R16.pth,AlexNet,4,ObjectBased,16,N,18,0.047886334,0.008326198,0.121788368
SE-Conv-L4_ObjectBased_R16.pth,AlexNet,4,ObjectBased,16,N,19,0.048117928,0.015674416,0.141287267
SE-Conv-L4_ObjectBased_R16.pth,AlexNet,4,ObjectBased,16,N,20,0.077195033,0.010193597,0.09799616
SE-Conv-L4_ObjectBased_R16.pth,AlexNet,4,ObjectBased,16,N,21,0.045353062,0.018701056,0.144138068
SE-Conv-L4_FaceBased_R32.pth,AlexNet,4,FaceBased,32,E,1,0.155591026,0.207656458,0.005114854
SE-Conv-L4_FaceBased_R32.pth,AlexNet,4,FaceBased,32,E,2,0.08529757,0.09752918,0.005133278
SE-Conv-L4_FaceBased_R32.pth,AlexNet,4,FaceBased,32,E,3,0,0,0
SE-Conv-L4_FaceBased_R32.pth,AlexNet,4,FaceBased,32,E,4,0,0,0
SE-Conv-L4_FaceBased_R32.pth,AlexNet,4,FaceBased,32,E,5,0,0,0
SE-Conv-L4_FaceBased_R32.pth,AlexNet,4,FaceBased,32,E,6,0,0,0
SE-Conv-L4_FaceBased_R32.pth,AlexNet,4,FaceBased,32,E,7,0,0,0
SE-Conv-L4_FaceBased_R32.pth,AlexNet,4,FaceBased,32,E,8,0,0,0
SE-Conv-L4_FaceBased_R32.pth,AlexNet,4,FaceBased,32,E,9,0,0,0
SE-Conv-L4_FaceBased_R32.pth,AlexNet,4,FaceBased,32,E,10,0,0,0
SE-Conv-L4_FaceBased_R32.pth,AlexNet,4,FaceBased,32,E,11,0,0,0
SE-Conv-L4_FaceBased_R32.pth,AlexNet,4,FaceBased,32,E,12,0,0,0
SE-Conv-L4_FaceBased_R32.pth,AlexNet,4,FaceBased,32,E,13,0,0,0
SE-Conv-L4_FaceBased_R32.pth,AlexNet,4,FaceBased,32,E,14,0,0,0
SE-Conv-L4_FaceBased_R32.pth,AlexNet,4,FaceBased,32,E,15,0,0.045520075,0.09434402
SE-Conv-L4_FaceBased_R32.pth,AlexNet,4,FaceBased,32,E,16,0,0,0
SE-Conv-L4_FaceBased_R32.pth,AlexNet,4,FaceBased,32,E,17,0,0,0
SE-Conv-L4_FaceBased_R32.pth,AlexNet,4,FaceBased,32,E,18,0,0,0
SE-Conv-L4_FaceBased_R32.pth,AlexNet,4,FaceBased,32,E,19,0,0.010069965,0.606176972
SE-Conv-L4_FaceBased_R32.pth,AlexNet,4,FaceBased,32,E,20,0.045996323,0.143431038,0
SE-Conv-L4_FaceBased_R32.pth,AlexNet,4,FaceBased,32,E,21,0.00207867,0.011050046,0.740925848
SE-Conv-L4_FaceBased_R32.pth,AlexNet,4,FaceBased,32,Full,1,0.087429136,0,0.004428165
SE-Conv-L4_FaceBased_R32.pth,AlexNet,4,FaceBased,32,Full,2,0.842030287,0,0
SE-Conv-L4_FaceBased_R32.pth,AlexNet,4,FaceBased,32,Full,3,0.842030346,0,0
SE-Conv-L4_FaceBased_R32.pth,AlexNet,4,FaceBased,32,Full,4,0.74265784,0.009994431,0
SE-Conv-L4_FaceBased_R32.pth,AlexNet,4,FaceBased,32,Full,5,0,0.772569597,0
SE-Conv-L4_FaceBased_R32.pth,AlexNet,4,FaceBased,32,Full,6,0.251662672,0.165618598,0.000880309
SE-Conv-L4_FaceBased_R32.pth,AlexNet,4,FaceBased,32,Full,7,0.001706225,0.113003843,0.382778555
SE-Conv-L4_FaceBased_R32.pth,AlexNet,4,FaceBased,32,Full,8,0.012029745,0.42492485,0.162679389
SE-Conv-L4_FaceBased_R32.pth,AlexNet,4,FaceBased,32,Full,9,0,0,0.000661579
SE-Conv-L4_FaceBased_R32.pth,AlexNet,4,FaceBased,32,Full,10,0,0.892200172,0
SE-Conv-L4_FaceBased_R32.pth,AlexNet,4,FaceBased,32,Full,11,0,0.410874605,0.267460465
SE-Conv-L4_FaceBased_R32.pth,AlexNet,4,FaceBased,32,Full,12,0,0,0
SE-Conv-L4_FaceBased_R32.pth,AlexNet,4,FaceBased,32,Full,13,0.087912232,0.170101091,0.076920375
SE-Conv-L4_FaceBased_R32.pth,AlexNet,4,FaceBased,32,Full,14,0.119244531,0.150198951,0.074684136
SE-Conv-L4_FaceBased_R32.pth,AlexNet,4,FaceBased,32,Full,15,0.324263006,0.048167285,0
SE-Conv-L4_FaceBased_R32.pth,AlexNet,4,FaceBased,32,Full,16,0.185558602,0.154192075,0.028188867
SE-Conv-L4_FaceBased_R32.pth,AlexNet,4,FaceBased,32,Full,17,0.235128105,0.192011416,0.007622832
SE-Conv-L4_FaceBased_R32.pth,AlexNet,4,FaceBased,32,Full,18,0,0,0
SE-Conv-L4_FaceBased_R32.pth,AlexNet,4,FaceBased,32,Full,19,0,0.017948691,0.207308292
SE-Conv-L4_FaceBased_R32.pth,AlexNet,4,FaceBased,32,Full,20,0,0.017948689,0.207308292
SE-Conv-L4_FaceBased_R32.pth,AlexNet,4,FaceBased,32,Full,21,0,0,0
SE-Conv-L4_FaceBased_R32.pth,AlexNet,4,FaceBased,32,M,1,0.596166074,0,9.31E-06
SE-Conv-L4_FaceBased_R32.pth,AlexNet,4,FaceBased,32,M,2,0.605381191,0,0.000191865
SE-Conv-L4_FaceBased_R32.pth,AlexNet,4,FaceBased,32,M,3,0.542063713,0,0.000154982
SE-Conv-L4_FaceBased_R32.pth,AlexNet,4,FaceBased,32,M,4,0.643841922,0,0
SE-Conv-L4_FaceBased_R32.pth,AlexNet,4,FaceBased,32,M,5,0.807663918,0,0
SE-Conv-L4_FaceBased_R32.pth,AlexNet,4,FaceBased,32,M,6,0.791242301,0,0
SE-Conv-L4_FaceBased_R32.pth,AlexNet,4,FaceBased,32,M,7,0.773073733,0,0
SE-Conv-L4_FaceBased_R32.pth,AlexNet,4,FaceBased,32,M,8,0.285029501,0.267281115,0.000524853
SE-Conv-L4_FaceBased_R32.pth,AlexNet,4,FaceBased,32,M,9,0.406897634,0.181615517,0
SE-Conv-L4_FaceBased_R32.pth,AlexNet,4,FaceBased,32,M,10,0.385058314,0.179756358,8.60E-05
SE-Conv-L4_FaceBased_R32.pth,AlexNet,4,FaceBased,32,M,11,0.307798296,0.210368842,0.000570413
SE-Conv-L4_FaceBased_R32.pth,AlexNet,4,FaceBased,32,M,12,0.243769169,0.194391668,0.006514426
SE-Conv-L4_FaceBased_R32.pth,AlexNet,4,FaceBased,32,M,13,0.227229074,0.253231198,0.003811455
SE-Conv-L4_FaceBased_R32.pth,AlexNet,4,FaceBased,32,M,14,0.190331474,0.29450044,0.003207726
SE-Conv-L4_FaceBased_R32.pth,AlexNet,4,FaceBased,32,M,15,0.218439773,0.181356072,0.028709074
SE-Conv-L4_FaceBased_R32.pth,AlexNet,4,FaceBased,32,M,16,0.392397374,0.181296438,0
SE-Conv-L4_FaceBased_R32.pth,AlexNet,4,FaceBased,32,M,17,0.22268866,0.275522202,0.000163756
SE-Conv-L4_FaceBased_R32.pth,AlexNet,4,FaceBased,32,M,18,0.374921829,0.186050192,0
SE-Conv-L4_FaceBased_R32.pth,AlexNet,4,FaceBased,32,M,19,0.109290674,0.556816339,0
SE-Conv-L4_FaceBased_R32.pth,AlexNet,4,FaceBased,32,M,20,0.397009552,0.233227104,0
SE-Conv-L4_FaceBased_R32.pth,AlexNet,4,FaceBased,32,M,21,0.303560674,0.223777831,0
SE-Conv-L4_FaceBased_R32.pth,AlexNet,4,FaceBased,32,N,1,0,0,0
SE-Conv-L4_FaceBased_R32.pth,AlexNet,4,FaceBased,32,N,2,0,0,0
SE-Conv-L4_FaceBased_R32.pth,AlexNet,4,FaceBased,32,N,3,0,0,0
SE-Conv-L4_FaceBased_R32.pth,AlexNet,4,FaceBased,32,N,4,0,0,0
SE-Conv-L4_FaceBased_R32.pth,AlexNet,4,FaceBased,32,N,5,0,0,0
SE-Conv-L4_FaceBased_R32.pth,AlexNet,4,FaceBased,32,N,6,0,0,0
SE-Conv-L4_FaceBased_R32.pth,AlexNet,4,FaceBased,32,N,7,0,0,0
SE-Conv-L4_FaceBased_R32.pth,AlexNet,4,FaceBased,32,N,8,0,0,0
SE-Conv-L4_FaceBased_R32.pth,AlexNet,4,FaceBased,32,N,9,0,0,0
SE-Conv-L4_FaceBased_R32.pth,AlexNet,4,FaceBased,32,N,10,0,0,0
SE-Conv-L4_FaceBased_R32.pth,AlexNet,4,FaceBased,32,N,11,0,0,0
SE-Conv-L4_FaceBased_R32.pth,AlexNet,4,FaceBased,32,N,12,0,0,0
SE-Conv-L4_FaceBased_R32.pth,AlexNet,4,FaceBased,32,N,13,0,0,0
SE-Conv-L4_FaceBased_R32.pth,AlexNet,4,FaceBased,32,N,14,0,0,0
SE-Conv-L4_FaceBased_R32.pth,AlexNet,4,FaceBased,32,N,15,0,0,0.004934623
SE-Conv-L4_FaceBased_R32.pth,AlexNet,4,FaceBased,32,N,16,0,0,0
SE-Conv-L4_FaceBased_R32.pth,AlexNet,4,FaceBased,32,N,17,0,0,0.004934623
SE-Conv-L4_FaceBased_R32.pth,AlexNet,4,FaceBased,32,N,18,0,0,0.004120344
SE-Conv-L4_FaceBased_R32.pth,AlexNet,4,FaceBased,32,N,19,0.043049704,0.000474812,0.004163221
SE-Conv-L4_FaceBased_R32.pth,AlexNet,4,FaceBased,32,N,20,0,0.021845737,0.024916818
SE-Conv-L4_FaceBased_R32.pth,AlexNet,4,FaceBased,32,N,21,0.00412834,0.098478451,0.175559178
SE-Conv-L4_ObjectBased_R32.pth,AlexNet,4,ObjectBased,32,E,1,0.077702679,0.12249808,0.233868167
SE-Conv-L4_ObjectBased_R32.pth,AlexNet,4,ObjectBased,32,E,2,0.087292291,0.086842939,0.206904739
SE-Conv-L4_ObjectBased_R32.pth,AlexNet,4,ObjectBased,32,E,3,0.096326016,0.069586091,0.234270453
SE-Conv-L4_ObjectBased_R32.pth,AlexNet,4,ObjectBased,32,E,4,0.122797623,0.101837613,0.181615561
SE-Conv-L4_ObjectBased_R32.pth,AlexNet,4,ObjectBased,32,E,5,0.099563293,0.13427268,0.248276159
SE-Conv-L4_ObjectBased_R32.pth,AlexNet,4,ObjectBased,32,E,6,0.120896466,0.11279387,0.208773062
SE-Conv-L4_ObjectBased_R32.pth,AlexNet,4,ObjectBased,32,E,7,0.111099765,0.109893695,0.218061656
SE-Conv-L4_ObjectBased_R32.pth,AlexNet,4,ObjectBased,32,E,8,0.109760344,0.095364213,0.210617244
SE-Conv-L4_ObjectBased_R32.pth,AlexNet,4,ObjectBased,32,E,9,0.125803292,0.086228833,0.229993224
SE-Conv-L4_ObjectBased_R32.pth,AlexNet,4,ObjectBased,32,E,10,0.102367498,0.153150931,0.262643546
SE-Conv-L4_ObjectBased_R32.pth,AlexNet,4,ObjectBased,32,E,11,0.133310854,0.132080302,0.238609716
SE-Conv-L4_ObjectBased_R32.pth,AlexNet,4,ObjectBased,32,E,12,0.125776395,0.116306297,0.231428206
SE-Conv-L4_ObjectBased_R32.pth,AlexNet,4,ObjectBased,32,E,13,0.10382387,0.111077622,0.246619985
SE-Conv-L4_ObjectBased_R32.pth,AlexNet,4,ObjectBased,32,E,14,0.109044395,0.137486771,0.242419824
SE-Conv-L4_ObjectBased_R32.pth,AlexNet,4,ObjectBased,32,E,15,0.143954724,0.087729059,0.203824833
SE-Conv-L4_ObjectBased_R32.pth,AlexNet,4,ObjectBased,32,E,16,0.123473451,0.172365353,0.331811905
SE-Conv-L4_ObjectBased_R32.pth,AlexNet,4,ObjectBased,32,E,17,0.216042489,0.17373547,0.251202941
SE-Conv-L4_ObjectBased_R32.pth,AlexNet,4,ObjectBased,32,E,18,0.260771573,0.149974987,0.199087858
SE-Conv-L4_ObjectBased_R32.pth,AlexNet,4,ObjectBased,32,E,19,0.239768729,0.231096148,0.177041769
SE-Conv-L4_ObjectBased_R32.pth,AlexNet,4,ObjectBased,32,E,20,0.076314956,0.074753441,0.093912788
SE-Conv-L4_ObjectBased_R32.pth,AlexNet,4,ObjectBased,32,E,21,0.088906862,0.072579615,0.073755927
SE-Conv-L4_ObjectBased_R32.pth,AlexNet,4,ObjectBased,32,Full,1,0.044878259,0.052957632,0.127537146
SE-Conv-L4_ObjectBased_R32.pth,AlexNet,4,ObjectBased,32,Full,2,0.01533453,0.042692181,0.11058256
SE-Conv-L4_ObjectBased_R32.pth,AlexNet,4,ObjectBased,32,Full,3,0.042262297,0.056857541,0.089298092
SE-Conv-L4_ObjectBased_R32.pth,AlexNet,4,ObjectBased,32,Full,4,0.060886636,0.089347631,0.068473808
SE-Conv-L4_ObjectBased_R32.pth,AlexNet,4,ObjectBased,32,Full,5,0.089083798,0.099764287,0.067259766
SE-Conv-L4_ObjectBased_R32.pth,AlexNet,4,ObjectBased,32,Full,6,0.069289871,0.084214523,0.060487311
SE-Conv-L4_ObjectBased_R32.pth,AlexNet,4,ObjectBased,32,Full,7,0.022580327,0.04289563,0.082620807
SE-Conv-L4_ObjectBased_R32.pth,AlexNet,4,ObjectBased,32,Full,8,0.021161456,0.049558081,0.102111466
SE-Conv-L4_ObjectBased_R32.pth,AlexNet,4,ObjectBased,32,Full,9,0.004955602,0.003416465,0.172743216
SE-Conv-L4_ObjectBased_R32.pth,AlexNet,4,ObjectBased,32,Full,10,0.013029794,0.002917776,0.13984026
SE-Conv-L4_ObjectBased_R32.pth,AlexNet,4,ObjectBased,32,Full,11,0.019208098,0.002617074,0.062200099
SE-Conv-L4_ObjectBased_R32.pth,AlexNet,4,ObjectBased,32,Full,12,0.006769297,0.002697701,0.110243499
SE-Conv-L4_ObjectBased_R32.pth,AlexNet,4,ObjectBased,32,Full,13,0.01265634,0.001593477,0.068506807
SE-Conv-L4_ObjectBased_R32.pth,AlexNet,4,ObjectBased,32,Full,14,0.013894923,0.00269291,0.085360035
SE-Conv-L4_ObjectBased_R32.pth,AlexNet,4,ObjectBased,32,Full,15,0.006374727,0.002178962,0.107704088
SE-Conv-L4_ObjectBased_R32.pth,AlexNet,4,ObjectBased,32,Full,16,0.011487412,0.004554517,0.127231136
SE-Conv-L4_ObjectBased_R32.pth,AlexNet,4,ObjectBased,32,Full,17,0.008692204,0.002982758,0.080369942
SE-Conv-L4_ObjectBased_R32.pth,AlexNet,4,ObjectBased,32,Full,18,0.00150559,0.001110455,0.09750922
SE-Conv-L4_ObjectBased_R32.pth,AlexNet,4,ObjectBased,32,Full,19,0.00241968,0.003700909,0.097780891
SE-Conv-L4_ObjectBased_R32.pth,AlexNet,4,ObjectBased,32,Full,20,0.000779587,0.002187537,0.08800219
SE-Conv-L4_ObjectBased_R32.pth,AlexNet,4,ObjectBased,32,Full,21,0.002646148,0.084860951,0.078625426
SE-Conv-L4_ObjectBased_R32.pth,AlexNet,4,ObjectBased,32,M,1,0.0072764,0.037804797,0.16217038
SE-Conv-L4_ObjectBased_R32.pth,AlexNet,4,ObjectBased,32,M,2,0.011612963,0.070688345,0.18120186
SE-Conv-L4_ObjectBased_R32.pth,AlexNet,4,ObjectBased,32,M,3,0.011481244,0.124252148,0.126162291
SE-Conv-L4_ObjectBased_R32.pth,AlexNet,4,ObjectBased,32,M,4,0.005534375,0.04478978,0.144428238
SE-Conv-L4_ObjectBased_R32.pth,AlexNet,4,ObjectBased,32,M,5,0.003241289,0.066636987,0.148986608
SE-Conv-L4_ObjectBased_R32.pth,AlexNet,4,ObjectBased,32,M,6,0.00735663,0.059843633,0.11390727
SE-Conv-L4_ObjectBased_R32.pth,AlexNet,4,ObjectBased,32,M,7,0.002272547,0.04579445,0.125397801
SE-Conv-L4_ObjectBased_R32.pth,AlexNet,4,ObjectBased,32,M,8,0.008697405,0.061379429,0.160558298
SE-Conv-L4_ObjectBased_R32.pth,AlexNet,4,ObjectBased,32,M,9,0.009948851,0.0461003,0.147502884
SE-Conv-L4_ObjectBased_R32.pth,AlexNet,4,ObjectBased,32,M,10,0.03042423,0.057360604,0.148423478
SE-Conv-L4_ObjectBased_R32.pth,AlexNet,4,ObjectBased,32,M,11,0.006791293,0.050440174,0.251870304
SE-Conv-L4_ObjectBased_R32.pth,AlexNet,4,ObjectBased,32,M,12,0.008674361,0.041860979,0.185452953
SE-Conv-L4_ObjectBased_R32.pth,AlexNet,4,ObjectBased,32,M,13,0.020606283,0.112016164,0.22406365
SE-Conv-L4_ObjectBased_R32.pth,AlexNet,4,ObjectBased,32,M,14,0.00171204,0.076145366,0.218244389
SE-Conv-L4_ObjectBased_R32.pth,AlexNet,4,ObjectBased,32,M,15,0.004898917,0.060153719,0.226749286
SE-Conv-L4_ObjectBased_R32.pth,AlexNet,4,ObjectBased,32,M,16,0.003278674,0.106228925,0.209287122
SE-Conv-L4_ObjectBased_R32.pth,AlexNet,4,ObjectBased,32,M,17,0.002603582,0.074611194,0.208188131
SE-Conv-L4_ObjectBased_R32.pth,AlexNet,4,ObjectBased,32,M,18,0.027525505,0.0836716,0.136479199
SE-Conv-L4_ObjectBased_R32.pth,AlexNet,4,ObjectBased,32,M,19,0.003363124,0.057491623,0.242076427
SE-Conv-L4_ObjectBased_R32.pth,AlexNet,4,ObjectBased,32,M,20,0.004083126,0.050493747,0.140250817
SE-Conv-L4_ObjectBased_R32.pth,AlexNet,4,ObjectBased,32,M,21,0.199853316,0,0.005729781
SE-Conv-L4_ObjectBased_R32.pth,AlexNet,4,ObjectBased,32,N,1,0.060548939,0.197003782,0.18073383
SE-Conv-L4_ObjectBased_R32.pth,AlexNet,4,ObjectBased,32,N,2,0.057338741,0.233069763,0.167835042
SE-Conv-L4_ObjectBased_R32.pth,AlexNet,4,ObjectBased,32,N,3,0.087793693,0.188692078,0.184887171
SE-Conv-L4_ObjectBased_R32.pth,AlexNet,4,ObjectBased,32,N,4,0.077792972,0.256530941,0.149310738
SE-Conv-L4_ObjectBased_R32.pth,AlexNet,4,ObjectBased,32,N,5,0.056067586,0.213685185,0.171092838
SE-Conv-L4_ObjectBased_R32.pth,AlexNet,4,ObjectBased,32,N,6,0.01023253,0.200289786,0.245441213
SE-Conv-L4_ObjectBased_R32.pth,AlexNet,4,ObjectBased,32,N,7,0.017858248,0.185448602,0.189789504
SE-Conv-L4_ObjectBased_R32.pth,AlexNet,4,ObjectBased,32,N,8,0.019679293,0.230759412,0.209727556
SE-Conv-L4_ObjectBased_R32.pth,AlexNet,4,ObjectBased,32,N,9,0.013827318,0.175375745,0.220795929
SE-Conv-L4_ObjectBased_R32.pth,AlexNet,4,ObjectBased,32,N,10,0.007639032,0.222370774,0.237323612
SE-Conv-L4_ObjectBased_R32.pth,AlexNet,4,ObjectBased,32,N,11,0.009780134,0.212796733,0.244104281
SE-Conv-L4_ObjectBased_R32.pth,AlexNet,4,ObjectBased,32,N,12,0.014843543,0.221682593,0.210748926
SE-Conv-L4_ObjectBased_R32.pth,AlexNet,4,ObjectBased,32,N,13,0.012265024,0.179623812,0.237540364
SE-Conv-L4_ObjectBased_R32.pth,AlexNet,4,ObjectBased,32,N,14,0.010378924,0.202139035,0.25650382
SE-Conv-L4_ObjectBased_R32.pth,AlexNet,4,ObjectBased,32,N,15,0.006292255,0.123728901,0.273964137
SE-Conv-L4_ObjectBased_R32.pth,AlexNet,4,ObjectBased,32,N,16,0.013875581,0.132303625,0.244879991
SE-Conv-L4_ObjectBased_R32.pth,AlexNet,4,ObjectBased,32,N,17,0.018770067,0.150382161,0.247434303
SE-Conv-L4_ObjectBased_R32.pth,AlexNet,4,ObjectBased,32,N,18,0.034267306,0.161619648,0.28223604
SE-Conv-L4_ObjectBased_R32.pth,AlexNet,4,ObjectBased,32,N,19,0.020157589,0.145115942,0.355267972
SE-Conv-L4_ObjectBased_R32.pth,AlexNet,4,ObjectBased,32,N,20,0.018780218,0.158071697,0.321944892
SE-Conv-L4_ObjectBased_R32.pth,AlexNet,4,ObjectBased,32,N,21,0.035804827,0.186231032,0.293314487
Baseline_AlexNet_FaceBased.pth,AlexNet,Baseline,FaceBased,4,E,1,0.033666741,0.011004921,0.005121388
Baseline_AlexNet_FaceBased.pth,AlexNet,Baseline,FaceBased,4,E,2,0.026035225,0.035744969,0.075620897
Baseline_AlexNet_FaceBased.pth,AlexNet,Baseline,FaceBased,4,E,3,0.005380671,0.026040852,0.435954034
Baseline_AlexNet_FaceBased.pth,AlexNet,Baseline,FaceBased,4,E,4,0,0.054861154,0.0324568
Baseline_AlexNet_FaceBased.pth,AlexNet,Baseline,FaceBased,4,E,5,0.006070388,0.01751373,0.415333658
Baseline_AlexNet_FaceBased.pth,AlexNet,Baseline,FaceBased,4,E,6,0,0.023907341,0.255195737
Baseline_AlexNet_FaceBased.pth,AlexNet,Baseline,FaceBased,4,E,7,0.005879396,0.029535353,0.417164326
Baseline_AlexNet_FaceBased.pth,AlexNet,Baseline,FaceBased,4,E,8,0.04391652,0.01528214,0.340860724
Baseline_AlexNet_FaceBased.pth,AlexNet,Baseline,FaceBased,4,E,9,9.17E-05,0.094495416,0.491917491
Baseline_AlexNet_FaceBased.pth,AlexNet,Baseline,FaceBased,4,E,10,0.005635222,0.148606777,0.415940046
Baseline_AlexNet_FaceBased.pth,AlexNet,Baseline,FaceBased,4,E,11,0.031876825,0.051465623,0.207578808
Baseline_AlexNet_FaceBased.pth,AlexNet,Baseline,FaceBased,4,E,12,0.002365597,0.010680799,0.479771137
Baseline_AlexNet_FaceBased.pth,AlexNet,Baseline,FaceBased,4,E,13,0.02953124,0.000370436,0.094246827
Baseline_AlexNet_FaceBased.pth,AlexNet,Baseline,FaceBased,4,E,14,0.021440493,0.002928037,0.222989753
Baseline_AlexNet_FaceBased.pth,AlexNet,Baseline,FaceBased,4,E,15,0.025547704,0,0.114992596
Baseline_AlexNet_FaceBased.pth,AlexNet,Baseline,FaceBased,4,E,16,0.007880113,0.001696034,0.279870152
Baseline_AlexNet_FaceBased.pth,AlexNet,Baseline,FaceBased,4,E,17,0.00454013,0.003061129,0.550669491
Baseline_AlexNet_FaceBased.pth,AlexNet,Baseline,FaceBased,4,E,18,0.008648304,0.004301297,0.441194654
Baseline_AlexNet_FaceBased.pth,AlexNet,Baseline,FaceBased,4,E,19,0.009932674,0.042037476,0.360041797
Baseline_AlexNet_FaceBased.pth,AlexNet,Baseline,FaceBased,4,E,20,0.000651217,0.027661851,0.524543107
Baseline_AlexNet_FaceBased.pth,AlexNet,Baseline,FaceBased,4,E,21,0,0.040918503,0.50398612
Baseline_AlexNet_FaceBased.pth,AlexNet,Baseline,FaceBased,4,Full,1,0.684233248,0.014171768,0
Baseline_AlexNet_FaceBased.pth,AlexNet,Baseline,FaceBased,4,Full,2,0.55873549,0.023502583,0
Baseline_AlexNet_FaceBased.pth,AlexNet,Baseline,FaceBased,4,Full,3,0.62761718,0.002189299,0
Baseline_AlexNet_FaceBased.pth,AlexNet,Baseline,FaceBased,4,Full,4,0.527006984,0.030779144,0
Baseline_AlexNet_FaceBased.pth,AlexNet,Baseline,FaceBased,4,Full,5,0.37723279,0.050900631,0.001714684
Baseline_AlexNet_FaceBased.pth,AlexNet,Baseline,FaceBased,4,Full,6,0.48094219,0.043449905,0
Baseline_AlexNet_FaceBased.pth,AlexNet,Baseline,FaceBased,4,Full,7,0.212889805,0.034572426,0.00033329
Baseline_AlexNet_FaceBased.pth,AlexNet,Baseline,FaceBased,4,Full,8,0.476062953,0.004464502,0
Baseline_AlexNet_FaceBased.pth,AlexNet,Baseline,FaceBased,4,Full,9,0.270171344,0.007713814,0.0098003
Baseline_AlexNet_FaceBased.pth,AlexNet,Baseline,FaceBased,4,Full,10,0.162452221,0.029760465,0.071521603
Baseline_AlexNet_FaceBased.pth,AlexNet,Baseline,FaceBased,4,Full,11,0.205791935,0.041781045,0.048967075
Baseline_AlexNet_FaceBased.pth,AlexNet,Baseline,FaceBased,4,Full,12,0.193807036,0.04200425,0.082731359
Baseline_AlexNet_FaceBased.pth,AlexNet,Baseline,FaceBased,4,Full,13,0.349586248,4.40E-05,0.050744399
Baseline_AlexNet_FaceBased.pth,AlexNet,Baseline,FaceBased,4,Full,14,0.155629009,0.004558043,0.103052944
Baseline_AlexNet_FaceBased.pth,AlexNet,Baseline,FaceBased,4,Full,15,0,0.6845783,0
Baseline_AlexNet_FaceBased.pth,AlexNet,Baseline,FaceBased,4,Full,16,9.77E-08,0.7639516,0.0017286
Baseline_AlexNet_FaceBased.pth,AlexNet,Baseline,FaceBased,4,Full,17,0.140222818,0.010456599,0.121096
Baseline_AlexNet_FaceBased.pth,AlexNet,Baseline,FaceBased,4,Full,18,0.181634516,0.001504299,0.08377102
Baseline_AlexNet_FaceBased.pth,AlexNet,Baseline,FaceBased,4,Full,19,0.0815432,0.026449328,0.177841887
Baseline_AlexNet_FaceBased.pth,AlexNet,Baseline,FaceBased,4,Full,20,0.018901398,0.017520875,0.489479721
Baseline_AlexNet_FaceBased.pth,AlexNet,Baseline,FaceBased,4,Full,21,0.017605759,0.057499118,0.400642574
Baseline_AlexNet_FaceBased.pth,AlexNet,Baseline,FaceBased,4,M,1,0.009729904,0.361381948,0.00167898
Baseline_AlexNet_FaceBased.pth,AlexNet,Baseline,FaceBased,4,M,2,0.014030742,0.469766498,0
Baseline_AlexNet_FaceBased.pth,AlexNet,Baseline,FaceBased,4,M,3,0.028861508,0.468312621,0
Baseline_AlexNet_FaceBased.pth,AlexNet,Baseline,FaceBased,4,M,4,0.046787433,0.338254303,0
Baseline_AlexNet_FaceBased.pth,AlexNet,Baseline,FaceBased,4,M,5,0.015664691,0.481175512,0
Baseline_AlexNet_FaceBased.pth,AlexNet,Baseline,FaceBased,4,M,6,0.022783626,0.42526716,0.005474668
Baseline_AlexNet_FaceBased.pth,AlexNet,Baseline,FaceBased,4,M,7,0.012872791,0.567522109,0.0046147
Baseline_AlexNet_FaceBased.pth,AlexNet,Baseline,FaceBased,4,M,8,0.024925428,0.449312299,0
Baseline_AlexNet_FaceBased.pth,AlexNet,Baseline,FaceBased,4,M,9,0,0.892200172,0
Baseline_AlexNet_FaceBased.pth,AlexNet,Baseline,FaceBased,4,M,10,0.034935761,0.307888299,0
Baseline_AlexNet_FaceBased.pth,AlexNet,Baseline,FaceBased,4,M,11,0.017103309,0.605260968,0
Baseline_AlexNet_FaceBased.pth,AlexNet,Baseline,FaceBased,4,M,12,0.019623915,0.565627277,0
Baseline_AlexNet_FaceBased.pth,AlexNet,Baseline,FaceBased,4,M,13,0.029081455,0.413019747,0
Baseline_AlexNet_FaceBased.pth,AlexNet,Baseline,FaceBased,4,M,14,0.019884203,0.568507373,0
Baseline_AlexNet_FaceBased.pth,AlexNet,Baseline,FaceBased,4,M,15,0.038974296,0.255369425,0
Baseline_AlexNet_FaceBased.pth,AlexNet,Baseline,FaceBased,4,M,16,0.039000988,0.255616426,0
Baseline_AlexNet_FaceBased.pth,AlexNet,Baseline,FaceBased,4,M,17,0,0.892200112,0
Baseline_AlexNet_FaceBased.pth,AlexNet,Baseline,FaceBased,4,M,18,0.022181142,0.531115711,0
Baseline_AlexNet_FaceBased.pth,AlexNet,Baseline,FaceBased,4,M,19,0.039828919,0.124199137,0
Baseline_AlexNet_FaceBased.pth,AlexNet,Baseline,FaceBased,4,M,20,0,0,0
Baseline_AlexNet_FaceBased.pth,AlexNet,Baseline,FaceBased,4,M,21,0.045996327,0.143431038,0
Baseline_AlexNet_FaceBased.pth,AlexNet,Baseline,FaceBased,4,N,1,0,0.017948689,0.207308292
Baseline_AlexNet_FaceBased.pth,AlexNet,Baseline,FaceBased,4,N,2,0.031322476,0.021387452,0.081182592
Baseline_AlexNet_FaceBased.pth,AlexNet,Baseline,FaceBased,4,N,3,0.038046375,0,0.014289002
Baseline_AlexNet_FaceBased.pth,AlexNet,Baseline,FaceBased,4,N,4,0.00281461,0.295135617,0.118638508
Baseline_AlexNet_FaceBased.pth,AlexNet,Baseline,FaceBased,4,N,5,0.003068408,0.391803354,0.081956476
Baseline_AlexNet_FaceBased.pth,AlexNet,Baseline,FaceBased,4,N,6,0.02088467,0.27564308,0.059692856
Baseline_AlexNet_FaceBased.pth,AlexNet,Baseline,FaceBased,4,N,7,0.03365963,0.340144485,0
Baseline_AlexNet_FaceBased.pth,AlexNet,Baseline,FaceBased,4,N,8,0,0,0
Baseline_AlexNet_FaceBased.pth,AlexNet,Baseline,FaceBased,4,N,9,0.617420495,0.061104868,0
Baseline_AlexNet_FaceBased.pth,AlexNet,Baseline,FaceBased,4,N,10,0,0.546977162,0
Baseline_AlexNet_FaceBased.pth,AlexNet,Baseline,FaceBased,4,N,11,0.757449985,0,0
Baseline_AlexNet_FaceBased.pth,AlexNet,Baseline,FaceBased,4,N,12,0,0,0
Baseline_AlexNet_FaceBased.pth,AlexNet,Baseline,FaceBased,4,N,13,0,0,0
Baseline_AlexNet_FaceBased.pth,AlexNet,Baseline,FaceBased,4,N,14,0,0,0
Baseline_AlexNet_FaceBased.pth,AlexNet,Baseline,FaceBased,4,N,15,0,0,0
Baseline_AlexNet_FaceBased.pth,AlexNet,Baseline,FaceBased,4,N,16,0,0,0
Baseline_AlexNet_FaceBased.pth,AlexNet,Baseline,FaceBased,4,N,17,0,0,0
Baseline_AlexNet_FaceBased.pth,AlexNet,Baseline,FaceBased,4,N,18,0,0,0
Baseline_AlexNet_FaceBased.pth,AlexNet,Baseline,FaceBased,4,N,19,0.739011168,0.008604161,0
Baseline_AlexNet_FaceBased.pth,AlexNet,Baseline,FaceBased,4,N,20,0.777144313,0,0
Baseline_AlexNet_FaceBased.pth,AlexNet,Baseline,FaceBased,4,N,21,0.757449985,0,0
Baseline_AlexNet_ObjectBased.pth,AlexNet,Baseline,ObjectBased,4,E,1,0,0.202313811,0.140774757
Baseline_AlexNet_ObjectBased.pth,AlexNet,Baseline,ObjectBased,4,E,2,0,0.265776813,0.172193915
Baseline_AlexNet_ObjectBased.pth,AlexNet,Baseline,ObjectBased,4,E,3,0.000397014,0.224072427,0.152021095
Baseline_AlexNet_ObjectBased.pth,AlexNet,Baseline,ObjectBased,4,E,4,0.000222578,0.2599307,0.158183679
Baseline_AlexNet_ObjectBased.pth,AlexNet,Baseline,ObjectBased,4,E,5,0,0.290470064,0.104126118
Baseline_AlexNet_ObjectBased.pth,AlexNet,Baseline,ObjectBased,4,E,6,5.49E-05,0.305680066,0.135444328
Baseline_AlexNet_ObjectBased.pth,AlexNet,Baseline,ObjectBased,4,E,7,0,0.311509788,0.204792455
Baseline_AlexNet_ObjectBased.pth,AlexNet,Baseline,ObjectBased,4,E,8,0.00092657,0.291599602,0.196931466
Baseline_AlexNet_ObjectBased.pth,AlexNet,Baseline,ObjectBased,4,E,9,0.002415864,0.224250466,0.179932967
Baseline_AlexNet_ObjectBased.pth,AlexNet,Baseline,ObjectBased,4,E,10,0.000928621,0.315076321,0.197859541
Baseline_AlexNet_ObjectBased.pth,AlexNet,Baseline,ObjectBased,4,E,11,0.001648725,0.327219397,0.183145344
Baseline_AlexNet_ObjectBased.pth,AlexNet,Baseline,ObjectBased,4,E,12,0.002339623,0.215604246,0.24452737
Baseline_AlexNet_ObjectBased.pth,AlexNet,Baseline,ObjectBased,4,E,13,0.000671048,0.300396502,0.183090001
Baseline_AlexNet_ObjectBased.pth,AlexNet,Baseline,ObjectBased,4,E,14,0.000164066,0.214768097,0.26017046
Baseline_AlexNet_ObjectBased.pth,AlexNet,Baseline,ObjectBased,4,E,15,0.00239518,0.250553697,0.276483446
Baseline_AlexNet_ObjectBased.pth,AlexNet,Baseline,ObjectBased,4,E,16,0.003043454,0.254937023,0.160659268
Baseline_AlexNet_ObjectBased.pth,AlexNet,Baseline,ObjectBased,4,E,17,0.002499383,0.206910774,0.295555562
Baseline_AlexNet_ObjectBased.pth,AlexNet,Baseline,ObjectBased,4,E,18,0.00443998,0.209438473,0.262986749
Baseline_AlexNet_ObjectBased.pth,AlexNet,Baseline,ObjectBased,4,E,19,0.003263537,0.261647046,0.178876787
Baseline_AlexNet_ObjectBased.pth,AlexNet,Baseline,ObjectBased,4,E,20,0.00418223,0.209332421,0.154554024
Baseline_AlexNet_ObjectBased.pth,AlexNet,Baseline,ObjectBased,4,E,21,0.003872136,0.144973293,0.115196832
Baseline_AlexNet_ObjectBased.pth,AlexNet,Baseline,ObjectBased,4,Full,1,0.029465221,0.064892717,0.209967032
Baseline_AlexNet_ObjectBased.pth,AlexNet,Baseline,ObjectBased,4,Full,2,0.022612479,0.052491039,0.204774961
Baseline_AlexNet_ObjectBased.pth,AlexNet,Baseline,ObjectBased,4,Full,3,0.018714305,0.075328834,0.230112746
Baseline_AlexNet_ObjectBased.pth,AlexNet,Baseline,ObjectBased,4,Full,4,0.004665853,0.061318003,0.267151475
Baseline_AlexNet_ObjectBased.pth,AlexNet,Baseline,ObjectBased,4,Full,5,0.009529501,0.081702664,0.240274698
Baseline_AlexNet_ObjectBased.pth,AlexNet,Baseline,ObjectBased,4,Full,6,0.031368595,0.05764538,0.216828614
Baseline_AlexNet_ObjectBased.pth,AlexNet,Baseline,ObjectBased,4,Full,7,0.059547834,0.087947518,0.225103438
Baseline_AlexNet_ObjectBased.pth,AlexNet,Baseline,ObjectBased,4,Full,8,0.090923063,0.083779849,0.21200721
Baseline_AlexNet_ObjectBased.pth,AlexNet,Baseline,ObjectBased,4,Full,9,0.031502768,0.054471191,0.23338455
Baseline_AlexNet_ObjectBased.pth,AlexNet,Baseline,ObjectBased,4,Full,10,0.081370808,0.071288452,0.213262782
Baseline_AlexNet_ObjectBased.pth,AlexNet,Baseline,ObjectBased,4,Full,11,0.061060306,0.072420612,0.24921298
Baseline_AlexNet_ObjectBased.pth,AlexNet,Baseline,ObjectBased,4,Full,12,0.093857415,0.092846036,0.254864305
Baseline_AlexNet_ObjectBased.pth,AlexNet,Baseline,ObjectBased,4,Full,13,0.025913635,0.112293191,0.34523797
Baseline_AlexNet_ObjectBased.pth,AlexNet,Baseline,ObjectBased,4,Full,14,0.022064799,0.073785596,0.339087099
Baseline_AlexNet_ObjectBased.pth,AlexNet,Baseline,ObjectBased,4,Full,15,0.080116518,0.109507941,0.260093242
Baseline_AlexNet_ObjectBased.pth,AlexNet,Baseline,ObjectBased,4,Full,16,0.102122448,0.11577633,0.203642577
Baseline_AlexNet_ObjectBased.pth,AlexNet,Baseline,ObjectBased,4,Full,17,0.098855346,0.138706893,0.205846384
Baseline_AlexNet_ObjectBased.pth,AlexNet,Baseline,ObjectBased,4,Full,18,0.09732753,0.204225183,0.192284405
Baseline_AlexNet_ObjectBased.pth,AlexNet,Baseline,ObjectBased,4,Full,19,0.130635709,0.178860784,0.144047767
Baseline_AlexNet_ObjectBased.pth,AlexNet,Baseline,ObjectBased,4,Full,20,0.088822387,0.167299882,0.151833519
Baseline_AlexNet_ObjectBased.pth,AlexNet,Baseline,ObjectBased,4,Full,21,0.154653206,0.14395082,0.102207042
Baseline_AlexNet_ObjectBased.pth,AlexNet,Baseline,ObjectBased,4,M,1,0.477388978,0.045549072,0
Baseline_AlexNet_ObjectBased.pth,AlexNet,Baseline,ObjectBased,4,M,2,0.466224581,0.028480755,0
Baseline_AlexNet_ObjectBased.pth,AlexNet,Baseline,ObjectBased,4,M,3,0.288467675,0.050106287,0
Baseline_AlexNet_ObjectBased.pth,AlexNet,Baseline,ObjectBased,4,M,4,0.421977282,0.03901682,0
Baseline_AlexNet_ObjectBased.pth,AlexNet,Baseline,ObjectBased,4,M,5,0.268719345,0.045488387,0
Baseline_AlexNet_ObjectBased.pth,AlexNet,Baseline,ObjectBased,4,M,6,0.313287884,0.025898043,0
Baseline_AlexNet_ObjectBased.pth,AlexNet,Baseline,ObjectBased,4,M,7,0.121702664,0.170744419,0.037821338
Baseline_AlexNet_ObjectBased.pth,AlexNet,Baseline,ObjectBased,4,M,8,0.15653117,0.16196157,0.032709286
Baseline_AlexNet_ObjectBased.pth,AlexNet,Baseline,ObjectBased,4,M,9,0.085870095,0.0436184,0
Baseline_AlexNet_ObjectBased.pth,AlexNet,Baseline,ObjectBased,4,M,10,0.150896445,0.073009387,0.002241573
Baseline_AlexNet_ObjectBased.pth,AlexNet,Baseline,ObjectBased,4,M,11,0.066814721,0.056416862,0
Baseline_AlexNet_ObjectBased.pth,AlexNet,Baseline,ObjectBased,4,M,12,0.133335441,0.068755023,0.000651357
Baseline_AlexNet_ObjectBased.pth,AlexNet,Baseline,ObjectBased,4,M,13,0.23561655,0.053489372,0
Baseline_AlexNet_ObjectBased.pth,AlexNet,Baseline,ObjectBased,4,M,14,0.115903392,0.070385352,0
Baseline_AlexNet_ObjectBased.pth,AlexNet,Baseline,ObjectBased,4,M,15,0.09984269,0.079589367,0.001129944
Baseline_AlexNet_ObjectBased.pth,AlexNet,Baseline,ObjectBased,4,M,16,0.117306747,0.139669612,0
Baseline_AlexNet_ObjectBased.pth,AlexNet,Baseline,ObjectBased,4,M,17,0.201892436,0.120416723,0.001141269
Baseline_AlexNet_ObjectBased.pth,AlexNet,Baseline,ObjectBased,4,M,18,0.291397423,0.202212751,0
Baseline_AlexNet_ObjectBased.pth,AlexNet,Baseline,ObjectBased,4,M,19,0.240274414,0.242018685,0
Baseline_AlexNet_ObjectBased.pth,AlexNet,Baseline,ObjectBased,4,M,20,0.205451816,0.261210293,0
Baseline_AlexNet_ObjectBased.pth,AlexNet,Baseline,ObjectBased,4,M,21,0.19278641,0.194488868,0.004363456
Baseline_AlexNet_ObjectBased.pth,AlexNet,Baseline,ObjectBased,4,N,1,0.253849685,0.002769916,0.196427226
Baseline_AlexNet_ObjectBased.pth,AlexNet,Baseline,ObjectBased,4,N,2,0.323704332,0.003322305,0.164263144
Baseline_AlexNet_ObjectBased.pth,AlexNet,Baseline,ObjectBased,4,N,3,0.307065398,0.003081763,0.139235348
Baseline_AlexNet_ObjectBased.pth,AlexNet,Baseline,ObjectBased,4,N,4,0.328428984,0.002584935,0.146643519
Baseline_AlexNet_ObjectBased.pth,AlexNet,Baseline,ObjectBased,4,N,5,0.33554247,0.0031585,0.167955786
Baseline_AlexNet_ObjectBased.pth,AlexNet,Baseline,ObjectBased,4,N,6,0.164018065,0.003057164,0.313214093
Baseline_AlexNet_ObjectBased.pth,AlexNet,Baseline,ObjectBased,4,N,7,0.159177795,0.002131204,0.251423627
Baseline_AlexNet_ObjectBased.pth,AlexNet,Baseline,ObjectBased,4,N,8,0.158820689,0.002815612,0.223542213
Baseline_AlexNet_ObjectBased.pth,AlexNet,Baseline,ObjectBased,4,N,9,0.182981968,0.00231739,0.261912465
Baseline_AlexNet_ObjectBased.pth,AlexNet,Baseline,ObjectBased,4,N,10,0.203578115,0.002389641,0.257302314
Baseline_AlexNet_ObjectBased.pth,AlexNet,Baseline,ObjectBased,4,N,11,0.243296742,0.007931787,0.274780601
Baseline_AlexNet_ObjectBased.pth,AlexNet,Baseline,ObjectBased,4,N,12,0.185891256,0.01562833,0.257581532
Baseline_AlexNet_ObjectBased.pth,AlexNet,Baseline,ObjectBased,4,N,13,0.185067073,0.01173309,0.259307176
Baseline_AlexNet_ObjectBased.pth,AlexNet,Baseline,ObjectBased,4,N,14,0.198618352,0.007992446,0.314534664
Baseline_AlexNet_ObjectBased.pth,AlexNet,Baseline,ObjectBased,4,N,15,0.150414556,0.0062898,0.40348506
Baseline_AlexNet_ObjectBased.pth,AlexNet,Baseline,ObjectBased,4,N,16,0.11228539,0.008356978,0.442567647
Baseline_AlexNet_ObjectBased.pth,AlexNet,Baseline,ObjectBased,4,N,17,0.204583496,0.044686306,0.315140575
Baseline_AlexNet_ObjectBased.pth,AlexNet,Baseline,ObjectBased,4,N,18,0.366084754,0.034776498,0.191264451
Baseline_AlexNet_ObjectBased.pth,AlexNet,Baseline,ObjectBased,4,N,19,0.311410755,0.068532541,0.191340387
Baseline_AlexNet_ObjectBased.pth,AlexNet,Baseline,ObjectBased,4,N,20,0.323943138,0.045131516,0.217456967
Baseline_AlexNet_ObjectBased.pth,AlexNet,Baseline,ObjectBased,4,N,21,0.265210688,0.03258485,0.2018262
SE-FC-L1_FaceBased_R2.pth,AlexNet,L1,FaceBased,2,E,1,0.045461576,0.077806376,0.101557098
SE-FC-L1_FaceBased_R2.pth,AlexNet,L1,FaceBased,2,E,2,0.042273283,0.076325387,0.100142054
SE-FC-L1_FaceBased_R2.pth,AlexNet,L1,FaceBased,2,E,3,0.044167455,0.076908655,0.100891478
SE-FC-L1_FaceBased_R2.pth,AlexNet,L1,FaceBased,2,E,4,0.041333508,0.079073176,0.101817563
SE-FC-L1_FaceBased_R2.pth,AlexNet,L1,FaceBased,2,E,5,0.045303002,0.076410845,0.103578821
SE-FC-L1_FaceBased_R2.pth,AlexNet,L1,FaceBased,2,E,6,0.042007767,0.075748384,0.10562925
SE-FC-L1_FaceBased_R2.pth,AlexNet,L1,FaceBased,2,E,7,0.039414879,0.074199341,0.105681472
SE-FC-L1_FaceBased_R2.pth,AlexNet,L1,FaceBased,2,E,8,0.03866351,0.07990507,0.101797357
SE-FC-L1_FaceBased_R2.pth,AlexNet,L1,FaceBased,2,E,9,0.044964064,0.079891957,0.105921112
SE-FC-L1_FaceBased_R2.pth,AlexNet,L1,FaceBased,2,E,10,0.038556315,0.076090895,0.103273854
SE-FC-L1_FaceBased_R2.pth,AlexNet,L1,FaceBased,2,E,11,0.038990926,0.079921767,0.099842973
SE-FC-L1_FaceBased_R2.pth,AlexNet,L1,FaceBased,2,E,12,0.033920858,0.081168458,0.101730123
SE-FC-L1_FaceBased_R2.pth,AlexNet,L1,FaceBased,2,E,13,0.033612922,0.080513917,0.100054339
SE-FC-L1_FaceBased_R2.pth,AlexNet,L1,FaceBased,2,E,14,0.031069292,0.080906719,0.103890389
SE-FC-L1_FaceBased_R2.pth,AlexNet,L1,FaceBased,2,E,15,0.033822656,0.083818987,0.102309309
SE-FC-L1_FaceBased_R2.pth,AlexNet,L1,FaceBased,2,E,16,0.032112367,0.083091848,0.097667567
SE-FC-L1_FaceBased_R2.pth,AlexNet,L1,FaceBased,2,E,17,0.031739973,0.080543838,0.095015153
SE-FC-L1_FaceBased_R2.pth,AlexNet,L1,FaceBased,2,E,18,0.029966379,0.082648166,0.095551714
SE-FC-L1_FaceBased_R2.pth,AlexNet,L1,FaceBased,2,E,19,0.030324496,0.07911016,0.097425386
SE-FC-L1_FaceBased_R2.pth,AlexNet,L1,FaceBased,2,E,20,0.031074233,0.083229981,0.096382923
SE-FC-L1_FaceBased_R2.pth,AlexNet,L1,FaceBased,2,E,21,0.032847963,0.080648206,0.098925248
SE-FC-L1_FaceBased_R2.pth,AlexNet,L1,FaceBased,2,Full,1,0.051179081,0.07279586,0.091345519
SE-FC-L1_FaceBased_R2.pth,AlexNet,L1,FaceBased,2,Full,2,0.048229225,0.070297301,0.091159716
SE-FC-L1_FaceBased_R2.pth,AlexNet,L1,FaceBased,2,Full,3,0.046595298,0.067064136,0.094733976
SE-FC-L1_FaceBased_R2.pth,AlexNet,L1,FaceBased,2,Full,4,0.043712005,0.06427791,0.093184575
SE-FC-L1_FaceBased_R2.pth,AlexNet,L1,FaceBased,2,Full,5,0.049178064,0.068557888,0.091410674
SE-FC-L1_FaceBased_R2.pth,AlexNet,L1,FaceBased,2,Full,6,0.049851019,0.067056403,0.08938738
SE-FC-L1_FaceBased_R2.pth,AlexNet,L1,FaceBased,2,Full,7,0.053052425,0.070476398,0.088886343
SE-FC-L1_FaceBased_R2.pth,AlexNet,L1,FaceBased,2,Full,8,0.05132369,0.072608925,0.085997157
SE-FC-L1_FaceBased_R2.pth,AlexNet,L1,FaceBased,2,Full,9,0.050668348,0.069002405,0.08426705
SE-FC-L1_FaceBased_R2.pth,AlexNet,L1,FaceBased,2,Full,10,0.052721903,0.073136225,0.085757136
SE-FC-L1_FaceBased_R2.pth,AlexNet,L1,FaceBased,2,Full,11,0.050287019,0.073104851,0.089091234
SE-FC-L1_FaceBased_R2.pth,AlexNet,L1,FaceBased,2,Full,12,0.049943201,0.075490177,0.091089293
SE-FC-L1_FaceBased_R2.pth,AlexNet,L1,FaceBased,2,Full,13,0.048821241,0.081204168,0.086636938
SE-FC-L1_FaceBased_R2.pth,AlexNet,L1,FaceBased,2,Full,14,0.049044076,0.076880209,0.090403676
SE-FC-L1_FaceBased_R2.pth,AlexNet,L1,FaceBased,2,Full,15,0.046590157,0.077277862,0.094772793
SE-FC-L1_FaceBased_R2.pth,AlexNet,L1,FaceBased,2,Full,16,0.048905168,0.079527214,0.087742388
SE-FC-L1_FaceBased_R2.pth,AlexNet,L1,FaceBased,2,Full,17,0.053488348,0.078977451,0.090909146
SE-FC-L1_FaceBased_R2.pth,AlexNet,L1,FaceBased,2,Full,18,0.049835611,0.076732196,0.089973584
SE-FC-L1_FaceBased_R2.pth,AlexNet,L1,FaceBased,2,Full,19,0.05279579,0.075878806,0.090364873
SE-FC-L1_FaceBased_R2.pth,AlexNet,L1,FaceBased,2,Full,20,0.051698193,0.075528704,0.09056785
SE-FC-L1_FaceBased_R2.pth,AlexNet,L1,FaceBased,2,Full,21,0.048854161,0.074760079,0.09140069
SE-FC-L1_FaceBased_R2.pth,AlexNet,L1,FaceBased,2,M,1,0.071547337,0.108891144,0.069866449
SE-FC-L1_FaceBased_R2.pth,AlexNet,L1,FaceBased,2,M,2,0.070627049,0.110385343,0.071355492
SE-FC-L1_FaceBased_R2.pth,AlexNet,L1,FaceBased,2,M,3,0.071974359,0.111486316,0.071002841
SE-FC-L1_FaceBased_R2.pth,AlexNet,L1,FaceBased,2,M,4,0.067478202,0.108161725,0.071648806
SE-FC-L1_FaceBased_R2.pth,AlexNet,L1,FaceBased,2,M,5,0.069332421,0.110573754,0.071281984
SE-FC-L1_FaceBased_R2.pth,AlexNet,L1,FaceBased,2,M,6,0.068004183,0.111183621,0.067542374
SE-FC-L1_FaceBased_R2.pth,AlexNet,L1,FaceBased,2,M,7,0.067770839,0.108979166,0.069507793
SE-FC-L1_FaceBased_R2.pth,AlexNet,L1,FaceBased,2,M,8,0.067041554,0.108808689,0.069206715
SE-FC-L1_FaceBased_R2.pth,AlexNet,L1,FaceBased,2,M,9,0.064473592,0.108814567,0.070922591
SE-FC-L1_FaceBased_R2.pth,AlexNet,L1,FaceBased,2,M,10,0.065260798,0.108411342,0.066292882
SE-FC-L1_FaceBased_R2.pth,AlexNet,L1,FaceBased,2,M,11,0.06569349,0.107535787,0.068167508
SE-FC-L1_FaceBased_R2.pth,AlexNet,L1,FaceBased,2,M,12,0.063273378,0.105007425,0.065891035
SE-FC-L1_FaceBased_R2.pth,AlexNet,L1,FaceBased,2,M,13,0.064363927,0.107565649,0.064642988
SE-FC-L1_FaceBased_R2.pth,AlexNet,L1,FaceBased,2,M,14,0.065570764,0.109796308,0.064827673
SE-FC-L1_FaceBased_R2.pth,AlexNet,L1,FaceBased,2,M,15,0.066159926,0.113312714,0.063376144
SE-FC-L1_FaceBased_R2.pth,AlexNet,L1,FaceBased,2,M,16,0.068153657,0.111769177,0.059412599
SE-FC-L1_FaceBased_R2.pth,AlexNet,L1,FaceBased,2,M,17,0.066237383,0.111362435,0.064188741
SE-FC-L1_FaceBased_R2.pth,AlexNet,L1,FaceBased,2,M,18,0.063630998,0.113635555,0.066327952
SE-FC-L1_FaceBased_R2.pth,AlexNet,L1,FaceBased,2,M,19,0.065980934,0.11180751,0.063893624
SE-FC-L1_FaceBased_R2.pth,AlexNet,L1,FaceBased,2,M,20,0.065896325,0.10978128,0.064574905
SE-FC-L1_FaceBased_R2.pth,AlexNet,L1,FaceBased,2,M,21,0.065677866,0.114443682,0.063267156
SE-FC-L1_FaceBased_R2.pth,AlexNet,L1,FaceBased,2,N,1,0.077532247,0.065658629,0.085758328
SE-FC-L1_FaceBased_R2.pth,AlexNet,L1,FaceBased,2,N,2,0.075501285,0.059698395,0.085469209
SE-FC-L1_FaceBased_R2.pth,AlexNet,L1,FaceBased,2,N,3,0.077018254,0.060865507,0.085291862
SE-FC-L1_FaceBased_R2.pth,AlexNet,L1,FaceBased,2,N,4,0.07822559,0.063770548,0.087747328
SE-FC-L1_FaceBased_R2.pth,AlexNet,L1,FaceBased,2,N,5,0.07939034,0.06087346,0.091837339
SE-FC-L1_FaceBased_R2.pth,AlexNet,L1,FaceBased,2,N,6,0.079126596,0.061872691,0.090067089
SE-FC-L1_FaceBased_R2.pth,AlexNet,L1,FaceBased,2,N,7,0.078396231,0.062213872,0.092075698
SE-FC-L1_FaceBased_R2.pth,AlexNet,L1,FaceBased,2,N,8,0.079952657,0.061909642,0.095451213
SE-FC-L1_FaceBased_R2.pth,AlexNet,L1,FaceBased,2,N,9,0.079061881,0.060320426,0.09332373
SE-FC-L1_FaceBased_R2.pth,AlexNet,L1,FaceBased,2,N,10,0.076483078,0.060877714,0.093843542
SE-FC-L1_FaceBased_R2.pth,AlexNet,L1,FaceBased,2,N,11,0.077223085,0.061889917,0.091069371
SE-FC-L1_FaceBased_R2.pth,AlexNet,L1,FaceBased,2,N,12,0.073163331,0.056714922,0.088854797
SE-FC-L1_FaceBased_R2.pth,AlexNet,L1,FaceBased,2,N,13,0.074898385,0.053864419,0.085666478
SE-FC-L1_FaceBased_R2.pth,AlexNet,L1,FaceBased,2,N,14,0.07513091,0.056394633,0.086136296
SE-FC-L1_FaceBased_R2.pth,AlexNet,L1,FaceBased,2,N,15,0.074280582,0.055957071,0.085432351
SE-FC-L1_FaceBased_R2.pth,AlexNet,L1,FaceBased,2,N,16,0.080506243,0.056570668,0.083655939
SE-FC-L1_FaceBased_R2.pth,AlexNet,L1,FaceBased,2,N,17,0.075567029,0.056654736,0.082480036
SE-FC-L1_FaceBased_R2.pth,AlexNet,L1,FaceBased,2,N,18,0.076808795,0.057611514,0.081503928
SE-FC-L1_FaceBased_R2.pth,AlexNet,L1,FaceBased,2,N,19,0.076437347,0.061943106,0.080026664
SE-FC-L1_FaceBased_R2.pth,AlexNet,L1,FaceBased,2,N,20,0.075384304,0.060537759,0.078999437
SE-FC-L1_FaceBased_R2.pth,AlexNet,L1,FaceBased,2,N,21,0.078142948,0.065580964,0.080823816
SE-FC-L1_ObjectBased_R2.pth,AlexNet,L1,ObjectBased,2,E,1,0.09915071,0.070236869,0.056205653
SE-FC-L1_ObjectBased_R2.pth,AlexNet,L1,ObjectBased,2,E,2,0.096735254,0.067639776,0.057176676
SE-FC-L1_ObjectBased_R2.pth,AlexNet,L1,ObjectBased,2,E,3,0.095211536,0.068967693,0.05815056
SE-FC-L1_ObjectBased_R2.pth,AlexNet,L1,ObjectBased,2,E,4,0.093143523,0.071391262,0.058096237
SE-FC-L1_ObjectBased_R2.pth,AlexNet,L1,ObjectBased,2,E,5,0.097582884,0.070911847,0.053848468
SE-FC-L1_ObjectBased_R2.pth,AlexNet,L1,ObjectBased,2,E,6,0.092814244,0.071876884,0.056009136
SE-FC-L1_ObjectBased_R2.pth,AlexNet,L1,ObjectBased,2,E,7,0.092248432,0.073723964,0.0576072
SE-FC-L1_ObjectBased_R2.pth,AlexNet,L1,ObjectBased,2,E,8,0.09249109,0.072291955,0.056304194
SE-FC-L1_ObjectBased_R2.pth,AlexNet,L1,ObjectBased,2,E,9,0.091402426,0.072919264,0.056946773
SE-FC-L1_ObjectBased_R2.pth,AlexNet,L1,ObjectBased,2,E,10,0.09176635,0.072097249,0.061145835
SE-FC-L1_ObjectBased_R2.pth,AlexNet,L1,ObjectBased,2,E,11,0.093470559,0.078998916,0.063273467
SE-FC-L1_ObjectBased_R2.pth,AlexNet,L1,ObjectBased,2,E,12,0.093876719,0.076768994,0.062068731
SE-FC-L1_ObjectBased_R2.pth,AlexNet,L1,ObjectBased,2,E,13,0.096289314,0.077950373,0.060737368
SE-FC-L1_ObjectBased_R2.pth,AlexNet,L1,ObjectBased,2,E,14,0.094972536,0.077421822,0.05888693
SE-FC-L1_ObjectBased_R2.pth,AlexNet,L1,ObjectBased,2,E,15,0.097714029,0.075159907,0.062084176
SE-FC-L1_ObjectBased_R2.pth,AlexNet,L1,ObjectBased,2,E,16,0.098974414,0.071450569,0.065703578
SE-FC-L1_ObjectBased_R2.pth,AlexNet,L1,ObjectBased,2,E,17,0.097656913,0.072606921,0.064009905
SE-FC-L1_ObjectBased_R2.pth,AlexNet,L1,ObjectBased,2,E,18,0.09571065,0.070840836,0.062627584
SE-FC-L1_ObjectBased_R2.pth,AlexNet,L1,ObjectBased,2,E,19,0.097134911,0.071066335,0.070225023
SE-FC-L1_ObjectBased_R2.pth,AlexNet,L1,ObjectBased,2,E,20,0.095650785,0.070382826,0.067173943
SE-FC-L1_ObjectBased_R2.pth,AlexNet,L1,ObjectBased,2,E,21,0.09543591,0.072294489,0.068709925
SE-FC-L1_ObjectBased_R2.pth,AlexNet,L1,ObjectBased,2,Full,1,0.082867153,0.080969736,0.071628526
SE-FC-L1_ObjectBased_R2.pth,AlexNet,L1,ObjectBased,2,Full,2,0.081534125,0.07902842,0.073788777
SE-FC-L1_ObjectBased_R2.pth,AlexNet,L1,ObjectBased,2,Full,3,0.087454222,0.082761139,0.073144384
SE-FC-L1_ObjectBased_R2.pth,AlexNet,L1,ObjectBased,2,Full,4,0.086135626,0.086197287,0.073010191
SE-FC-L1_ObjectBased_R2.pth,AlexNet,L1,ObjectBased,2,Full,5,0.08580038,0.086389109,0.070913956
SE-FC-L1_ObjectBased_R2.pth,AlexNet,L1,ObjectBased,2,Full,6,0.093945429,0.090818495,0.07279668
SE-FC-L1_ObjectBased_R2.pth,AlexNet,L1,ObjectBased,2,Full,7,0.091580778,0.085589692,0.075702377
SE-FC-L1_ObjectBased_R2.pth,AlexNet,L1,ObjectBased,2,Full,8,0.093470432,0.087462373,0.072333127
SE-FC-L1_ObjectBased_R2.pth,AlexNet,L1,ObjectBased,2,Full,9,0.088680699,0.083681121,0.069701329
SE-FC-L1_ObjectBased_R2.pth,AlexNet,L1,ObjectBased,2,Full,10,0.089374878,0.082492866,0.073422655
SE-FC-L1_ObjectBased_R2.pth,AlexNet,L1,ObjectBased,2,Full,11,0.09077511,0.082442962,0.076047413
SE-FC-L1_ObjectBased_R2.pth,AlexNet,L1,ObjectBased,2,Full,12,0.091052502,0.086205564,0.076063819
SE-FC-L1_ObjectBased_R2.pth,AlexNet,L1,ObjectBased,2,Full,13,0.092495769,0.083719648,0.072851822
SE-FC-L1_ObjectBased_R2.pth,AlexNet,L1,ObjectBased,2,Full,14,0.090464942,0.081575811,0.068724431
SE-FC-L1_ObjectBased_R2.pth,AlexNet,L1,ObjectBased,2,Full,15,0.091388971,0.083834901,0.076279357
SE-FC-L1_ObjectBased_R2.pth,AlexNet,L1,ObjectBased,2,Full,16,0.090981349,0.084545821,0.076293342
SE-FC-L1_ObjectBased_R2.pth,AlexNet,L1,ObjectBased,2,Full,17,0.095538035,0.082634658,0.075793177
SE-FC-L1_ObjectBased_R2.pth,AlexNet,L1,ObjectBased,2,Full,18,0.091504097,0.075404644,0.076730385
SE-FC-L1_ObjectBased_R2.pth,AlexNet,L1,ObjectBased,2,Full,19,0.096789084,0.081803299,0.077115275
SE-FC-L1_ObjectBased_R2.pth,AlexNet,L1,ObjectBased,2,Full,20,0.097341262,0.080123268,0.080395602
SE-FC-L1_ObjectBased_R2.pth,AlexNet,L1,ObjectBased,2,Full,21,0.094613068,0.079986162,0.081802987
SE-FC-L1_ObjectBased_R2.pth,AlexNet,L1,ObjectBased,2,M,1,0.081476271,0.059795819,0.100149892
SE-FC-L1_ObjectBased_R2.pth,AlexNet,L1,ObjectBased,2,M,2,0.087742165,0.064537689,0.097205594
SE-FC-L1_ObjectBased_R2.pth,AlexNet,L1,ObjectBased,2,M,3,0.089530446,0.064392269,0.095562086
SE-FC-L1_ObjectBased_R2.pth,AlexNet,L1,ObjectBased,2,M,4,0.08705771,0.064451084,0.096944176
SE-FC-L1_ObjectBased_R2.pth,AlexNet,L1,ObjectBased,2,M,5,0.088586845,0.055662218,0.09954644
SE-FC-L1_ObjectBased_R2.pth,AlexNet,L1,ObjectBased,2,M,6,0.088280253,0.065416828,0.097547479
SE-FC-L1_ObjectBased_R2.pth,AlexNet,L1,ObjectBased,2,M,7,0.092081323,0.061877344,0.099759549
SE-FC-L1_ObjectBased_R2.pth,AlexNet,L1,ObjectBased,2,M,8,0.092833892,0.060290247,0.101022482
SE-FC-L1_ObjectBased_R2.pth,AlexNet,L1,ObjectBased,2,M,9,0.091600984,0.059574328,0.099817976
SE-FC-L1_ObjectBased_R2.pth,AlexNet,L1,ObjectBased,2,M,10,0.091122456,0.060615454,0.097581729
SE-FC-L1_ObjectBased_R2.pth,AlexNet,L1,ObjectBased,2,M,11,0.091690682,0.058372393,0.099144921
SE-FC-L1_ObjectBased_R2.pth,AlexNet,L1,ObjectBased,2,M,12,0.086506516,0.057640545,0.096228227
SE-FC-L1_ObjectBased_R2.pth,AlexNet,L1,ObjectBased,2,M,13,0.097330138,0.063486122,0.097020343
SE-FC-L1_ObjectBased_R2.pth,AlexNet,L1,ObjectBased,2,M,14,0.094062626,0.0681521,0.09660022
SE-FC-L1_ObjectBased_R2.pth,AlexNet,L1,ObjectBased,2,M,15,0.094355181,0.068483643,0.098089188
SE-FC-L1_ObjectBased_R2.pth,AlexNet,L1,ObjectBased,2,M,16,0.092302926,0.072365336,0.094285712
SE-FC-L1_ObjectBased_R2.pth,AlexNet,L1,ObjectBased,2,M,17,0.090023167,0.068406299,0.100133538
SE-FC-L1_ObjectBased_R2.pth,AlexNet,L1,ObjectBased,2,M,18,0.091043502,0.069437601,0.09710145
SE-FC-L1_ObjectBased_R2.pth,AlexNet,L1,ObjectBased,2,M,19,0.091709845,0.065212615,0.101341441
SE-FC-L1_ObjectBased_R2.pth,AlexNet,L1,ObjectBased,2,M,20,0.089079164,0.067417294,0.102328546
SE-FC-L1_ObjectBased_R2.pth,AlexNet,L1,ObjectBased,2,M,21,0.089767613,0.060400255,0.105707496
SE-FC-L1_ObjectBased_R2.pth,AlexNet,L1,ObjectBased,2,N,1,0.059981931,0.09411861,0.070293993
SE-FC-L1_ObjectBased_R2.pth,AlexNet,L1,ObjectBased,2,N,2,0.061652709,0.092645772,0.067777589
SE-FC-L1_ObjectBased_R2.pth,AlexNet,L1,ObjectBased,2,N,3,0.063143075,0.099026263,0.068801254
SE-FC-L1_ObjectBased_R2.pth,AlexNet,L1,ObjectBased,2,N,4,0.060451154,0.092521206,0.065854944
SE-FC-L1_ObjectBased_R2.pth,AlexNet,L1,ObjectBased,2,N,5,0.064770646,0.09647733,0.067132667
SE-FC-L1_ObjectBased_R2.pth,AlexNet,L1,ObjectBased,2,N,6,0.065019846,0.093564026,0.069521956
SE-FC-L1_ObjectBased_R2.pth,AlexNet,L1,ObjectBased,2,N,7,0.064921856,0.095037065,0.067948379
SE-FC-L1_ObjectBased_R2.pth,AlexNet,L1,ObjectBased,2,N,8,0.063709252,0.093101248,0.069165431
SE-FC-L1_ObjectBased_R2.pth,AlexNet,L1,ObjectBased,2,N,9,0.06452506,0.094468243,0.06574472
SE-FC-L1_ObjectBased_R2.pth,AlexNet,L1,ObjectBased,2,N,10,0.062430494,0.091187,0.069078214
SE-FC-L1_ObjectBased_R2.pth,AlexNet,L1,ObjectBased,2,N,11,0.065657891,0.094459005,0.066342108
SE-FC-L1_ObjectBased_R2.pth,AlexNet,L1,ObjectBased,2,N,12,0.06638258,0.094517797,0.07084512
SE-FC-L1_ObjectBased_R2.pth,AlexNet,L1,ObjectBased,2,N,13,0.061931163,0.095769629,0.07419163
SE-FC-L1_ObjectBased_R2.pth,AlexNet,L1,ObjectBased,2,N,14,0.066279374,0.099569954,0.076241881
SE-FC-L1_ObjectBased_R2.pth,AlexNet,L1,ObjectBased,2,N,15,0.06726931,0.099196948,0.076075904
SE-FC-L1_ObjectBased_R2.pth,AlexNet,L1,ObjectBased,2,N,16,0.072758049,0.103368312,0.075615063
SE-FC-L1_ObjectBased_R2.pth,AlexNet,L1,ObjectBased,2,N,17,0.07309746,0.102821,0.076698519
SE-FC-L1_ObjectBased_R2.pth,AlexNet,L1,ObjectBased,2,N,18,0.069690399,0.099865541,0.077408828
SE-FC-L1_ObjectBased_R2.pth,AlexNet,L1,ObjectBased,2,N,19,0.072794065,0.102909073,0.077826515
SE-FC-L1_ObjectBased_R2.pth,AlexNet,L1,ObjectBased,2,N,20,0.074486651,0.10049697,0.079776421
SE-FC-L1_ObjectBased_R2.pth,AlexNet,L1,ObjectBased,2,N,21,0.071708977,0.099497505,0.074393705
SE-FC-L1_FaceBased_R4.pth,AlexNet,L1,FaceBased,4,E,1,0.194351956,0.079112403,0.041184172
SE-FC-L1_FaceBased_R4.pth,AlexNet,L1,FaceBased,4,E,2,0.210503012,0.073866822,0.033233877
SE-FC-L1_FaceBased_R4.pth,AlexNet,L1,FaceBased,4,E,3,0.193293348,0.07777144,0.024022397
SE-FC-L1_FaceBased_R4.pth,AlexNet,L1,FaceBased,4,E,4,0.182671204,0.064140745,0.01974941
SE-FC-L1_FaceBased_R4.pth,AlexNet,L1,FaceBased,4,E,5,0.19950138,0.086360037,0.023773406
SE-FC-L1_FaceBased_R4.pth,AlexNet,L1,FaceBased,4,E,6,0.165383771,0.069669016,0.032686986
SE-FC-L1_FaceBased_R4.pth,AlexNet,L1,FaceBased,4,E,7,0.175322801,0.074312471,0.026897628
SE-FC-L1_FaceBased_R4.pth,AlexNet,L1,FaceBased,4,E,8,0.190161213,0.075991884,0.022194887
SE-FC-L1_FaceBased_R4.pth,AlexNet,L1,FaceBased,4,E,9,0.179984346,0.08246702,0.024647053
SE-FC-L1_FaceBased_R4.pth,AlexNet,L1,FaceBased,4,E,10,0.1711943,0.084902808,0.03735023
SE-FC-L1_FaceBased_R4.pth,AlexNet,L1,FaceBased,4,E,11,0.190933257,0.096623644,0.028057147
SE-FC-L1_FaceBased_R4.pth,AlexNet,L1,FaceBased,4,E,12,0.156648651,0.082672186,0.047074653
SE-FC-L1_FaceBased_R4.pth,AlexNet,L1,FaceBased,4,E,13,0.186624795,0.093461104,0.032123923
SE-FC-L1_FaceBased_R4.pth,AlexNet,L1,FaceBased,4,E,14,0.170848712,0.085826136,0.034058906
SE-FC-L1_FaceBased_R4.pth,AlexNet,L1,FaceBased,4,E,15,0.182246447,0.075406075,0.029585239
SE-FC-L1_FaceBased_R4.pth,AlexNet,L1,FaceBased,4,E,16,0.165415943,0.072243012,0.0345103
SE-FC-L1_FaceBased_R4.pth,AlexNet,L1,FaceBased,4,E,17,0.149482533,0.074586459,0.038873039
SE-FC-L1_FaceBased_R4.pth,AlexNet,L1,FaceBased,4,E,18,0.171946421,0.071492411,0.026997754
SE-FC-L1_FaceBased_R4.pth,AlexNet,L1,FaceBased,4,E,19,0.223745972,0.074004091,0.008815181
SE-FC-L1_FaceBased_R4.pth,AlexNet,L1,FaceBased,4,E,20,0.18187499,0.069029167,0.019379882
SE-FC-L1_FaceBased_R4.pth,AlexNet,L1,FaceBased,4,E,21,0.167409226,0.067794427,0.034827799
SE-FC-L1_FaceBased_R4.pth,AlexNet,L1,FaceBased,4,Full,1,0.12977314,0.081799038,0.012760961
SE-FC-L1_FaceBased_R4.pth,AlexNet,L1,FaceBased,4,Full,2,0.115018509,0.078342572,0.00222741
SE-FC-L1_FaceBased_R4.pth,AlexNet,L1,FaceBased,4,Full,3,0.131256089,0.065358505,0.00595296
SE-FC-L1_FaceBased_R4.pth,AlexNet,L1,FaceBased,4,Full,4,0.138220847,0.068152219,0.007944752
SE-FC-L1_FaceBased_R4.pth,AlexNet,L1,FaceBased,4,Full,5,0.13203311,0.048300199,0.003274289
SE-FC-L1_FaceBased_R4.pth,AlexNet,L1,FaceBased,4,Full,6,0.107331999,0.047870349,0.007352564
SE-FC-L1_FaceBased_R4.pth,AlexNet,L1,FaceBased,4,Full,7,0.103072889,0.028757326,0.006019636
SE-FC-L1_FaceBased_R4.pth,AlexNet,L1,FaceBased,4,Full,8,0.116158523,0.044147115,0.00537605
SE-FC-L1_FaceBased_R4.pth,AlexNet,L1,FaceBased,4,Full,9,0.09945751,0.045223966,0.003068245
SE-FC-L1_FaceBased_R4.pth,AlexNet,L1,FaceBased,4,Full,10,0.114416093,0.056023795,0.004537861
SE-FC-L1_FaceBased_R4.pth,AlexNet,L1,FaceBased,4,Full,11,0.09673778,0.033432379,0.002043931
SE-FC-L1_FaceBased_R4.pth,AlexNet,L1,FaceBased,4,Full,12,0.117540598,0.065706223,0.002427555
SE-FC-L1_FaceBased_R4.pth,AlexNet,L1,FaceBased,4,Full,13,0.115420081,0.053877827,0.005641206
SE-FC-L1_FaceBased_R4.pth,AlexNet,L1,FaceBased,4,Full,14,0.105982266,0.039882965,0.006926842
SE-FC-L1_FaceBased_R4.pth,AlexNet,L1,FaceBased,4,Full,15,0.126195326,0.044493299,0.003209797
SE-FC-L1_FaceBased_R4.pth,AlexNet,L1,FaceBased,4,Full,16,0.097457923,0.029706169,0.004860161
SE-FC-L1_FaceBased_R4.pth,AlexNet,L1,FaceBased,4,Full,17,0.109131351,0.042938888,0.008548989
SE-FC-L1_FaceBased_R4.pth,AlexNet,L1,FaceBased,4,Full,18,0.137010634,0.035443757,0.003403339
SE-FC-L1_FaceBased_R4.pth,AlexNet,L1,FaceBased,4,Full,19,0.146128193,0.054335047,0.003197541
SE-FC-L1_FaceBased_R4.pth,AlexNet,L1,FaceBased,4,Full,20,0.163410023,0.042665113,0.004070896
SE-FC-L1_FaceBased_R4.pth,AlexNet,L1,FaceBased,4,Full,21,0.147550181,0.022328204,0.001691797
SE-FC-L1_FaceBased_R4.pth,AlexNet,L1,FaceBased,4,M,1,0.047624156,0.011249344,0.14832978
SE-FC-L1_FaceBased_R4.pth,AlexNet,L1,FaceBased,4,M,2,0.04360998,0.01011927,0.124330595
SE-FC-L1_FaceBased_R4.pth,AlexNet,L1,FaceBased,4,M,3,0.024147853,0.001269863,0.153525397
SE-FC-L1_FaceBased_R4.pth,AlexNet,L1,FaceBased,4,M,4,0.071760014,0.003986785,0.152260974
SE-FC-L1_FaceBased_R4.pth,AlexNet,L1,FaceBased,4,M,5,0.105980359,0.006099019,0.129969031
SE-FC-L1_FaceBased_R4.pth,AlexNet,L1,FaceBased,4,M,6,0.089281492,0.009448764,0.112805724
SE-FC-L1_FaceBased_R4.pth,AlexNet,L1,FaceBased,4,M,7,0.080998622,0.004388202,0.113291696
SE-FC-L1_FaceBased_R4.pth,AlexNet,L1,FaceBased,4,M,8,0.110173158,0.02026266,0.126705214
SE-FC-L1_FaceBased_R4.pth,AlexNet,L1,FaceBased,4,M,9,0.117925495,0.032655668,0.11469987
SE-FC-L1_FaceBased_R4.pth,AlexNet,L1,FaceBased,4,M,10,0.098906897,0.030032218,0.115306489
SE-FC-L1_FaceBased_R4.pth,AlexNet,L1,FaceBased,4,M,11,0.117006987,0.035951078,0.112760052
SE-FC-L1_FaceBased_R4.pth,AlexNet,L1,FaceBased,4,M,12,0.102171607,0.03639324,0.101145715
SE-FC-L1_FaceBased_R4.pth,AlexNet,L1,FaceBased,4,M,13,0.104165122,0.032099672,0.087187603
SE-FC-L1_FaceBased_R4.pth,AlexNet,L1,FaceBased,4,M,14,0.097303189,0.036476571,0.092641562
SE-FC-L1_FaceBased_R4.pth,AlexNet,L1,FaceBased,4,M,15,0.099239394,0.027194267,0.12597245
SE-FC-L1_FaceBased_R4.pth,AlexNet,L1,FaceBased,4,M,16,0.090513699,0.030010192,0.107406147
SE-FC-L1_FaceBased_R4.pth,AlexNet,L1,FaceBased,4,M,17,0.120757692,0.023563787,0.116879068
SE-FC-L1_FaceBased_R4.pth,AlexNet,L1,FaceBased,4,M,18,0.114675663,0.022387529,0.115805417
SE-FC-L1_FaceBased_R4.pth,AlexNet,L1,FaceBased,4,M,19,0.113750838,0.027134661,0.119410254
SE-FC-L1_FaceBased_R4.pth,AlexNet,L1,FaceBased,4,M,20,0.107832484,0.017178297,0.119666092
SE-FC-L1_FaceBased_R4.pth,AlexNet,L1,FaceBased,4,M,21,0.095424928,0.016165311,0.118149303
SE-FC-L1_FaceBased_R4.pth,AlexNet,L1,FaceBased,4,N,1,0.145902991,0.117104761,0.028458018
SE-FC-L1_FaceBased_R4.pth,AlexNet,L1,FaceBased,4,N,2,0.15771614,0.124367014,0.026002264
SE-FC-L1_FaceBased_R4.pth,AlexNet,L1,FaceBased,4,N,3,0.145657122,0.106491849,0.022033362
SE-FC-L1_FaceBased_R4.pth,AlexNet,L1,FaceBased,4,N,4,0.130950153,0.096261315,0.017244151
SE-FC-L1_FaceBased_R4.pth,AlexNet,L1,FaceBased,4,N,5,0.161164641,0.109421201,0.022199553
SE-FC-L1_FaceBased_R4.pth,AlexNet,L1,FaceBased,4,N,6,0.144704223,0.094823748,0.023978967
SE-FC-L1_FaceBased_R4.pth,AlexNet,L1,FaceBased,4,N,7,0.146300331,0.101120137,0.019834938
SE-FC-L1_FaceBased_R4.pth,AlexNet,L1,FaceBased,4,N,8,0.144871771,0.102229737,0.025466159
SE-FC-L1_FaceBased_R4.pth,AlexNet,L1,FaceBased,4,N,9,0.185769901,0.098244727,0.015651697
SE-FC-L1_FaceBased_R4.pth,AlexNet,L1,FaceBased,4,N,10,0.161773399,0.108175024,0.019894429
SE-FC-L1_FaceBased_R4.pth,AlexNet,L1,FaceBased,4,N,11,0.179757237,0.100442328,0.018687058
SE-FC-L1_FaceBased_R4.pth,AlexNet,L1,FaceBased,4,N,12,0.16715385,0.106319502,0.02008553
SE-FC-L1_FaceBased_R4.pth,AlexNet,L1,FaceBased,4,N,13,0.132570863,0.103689894,0.026640952
SE-FC-L1_FaceBased_R4.pth,AlexNet,L1,FaceBased,4,N,14,0.189414337,0.122733198,0.016122689
SE-FC-L1_FaceBased_R4.pth,AlexNet,L1,FaceBased,4,N,15,0.145211682,0.102425098,0.024739958
SE-FC-L1_FaceBased_R4.pth,AlexNet,L1,FaceBased,4,N,16,0.149753273,0.109974794,0.022058429
SE-FC-L1_FaceBased_R4.pth,AlexNet,L1,FaceBased,4,N,17,0.135674641,0.107992709,0.028155534
SE-FC-L1_FaceBased_R4.pth,AlexNet,L1,FaceBased,4,N,18,0.173520654,0.082614318,0.021957081
SE-FC-L1_FaceBased_R4.pth,AlexNet,L1,FaceBased,4,N,19,0.134134874,0.086185098,0.018275635
SE-FC-L1_FaceBased_R4.pth,AlexNet,L1,FaceBased,4,N,20,0.164924517,0.095215477,0.008600689
SE-FC-L1_FaceBased_R4.pth,AlexNet,L1,FaceBased,4,N,21,0.204473138,0.114446364,0.005812356
SE-FC-L1_ObjectBased_R4.pth,AlexNet,L1,ObjectBased,4,E,1,0.096055277,0.070871629,0.105085514
SE-FC-L1_ObjectBased_R4.pth,AlexNet,L1,ObjectBased,4,E,2,0.095372505,0.079008944,0.093284987
SE-FC-L1_ObjectBased_R4.pth,AlexNet,L1,ObjectBased,4,E,3,0.100528151,0.072091445,0.09549284
SE-FC-L1_ObjectBased_R4.pth,AlexNet,L1,ObjectBased,4,E,4,0.1094907,0.071087755,0.093579769
SE-FC-L1_ObjectBased_R4.pth,AlexNet,L1,ObjectBased,4,E,5,0.112111486,0.072033301,0.088199936
SE-FC-L1_ObjectBased_R4.pth,AlexNet,L1,ObjectBased,4,E,6,0.10974957,0.072799087,0.093420543
SE-FC-L1_ObjectBased_R4.pth,AlexNet,L1,ObjectBased,4,E,7,0.113306172,0.072113611,0.096377343
SE-FC-L1_ObjectBased_R4.pth,AlexNet,L1,ObjectBased,4,E,8,0.106578954,0.084187083,0.091494694
SE-FC-L1_ObjectBased_R4.pth,AlexNet,L1,ObjectBased,4,E,9,0.105881542,0.081369229,0.092577353
SE-FC-L1_ObjectBased_R4.pth,AlexNet,L1,ObjectBased,4,E,10,0.110049307,0.084895462,0.089573525
SE-FC-L1_ObjectBased_R4.pth,AlexNet,L1,ObjectBased,4,E,11,0.121629909,0.077807166,0.085914768
SE-FC-L1_ObjectBased_R4.pth,AlexNet,L1,ObjectBased,4,E,12,0.099891476,0.082521722,0.085039571
SE-FC-L1_ObjectBased_R4.pth,AlexNet,L1,ObjectBased,4,E,13,0.094594955,0.088167451,0.082267225
SE-FC-L1_ObjectBased_R4.pth,AlexNet,L1,ObjectBased,4,E,14,0.104785793,0.076040104,0.084050797
SE-FC-L1_ObjectBased_R4.pth,AlexNet,L1,ObjectBased,4,E,15,0.110180803,0.073033631,0.078211859
SE-FC-L1_ObjectBased_R4.pth,AlexNet,L1,ObjectBased,4,E,16,0.104718357,0.078521937,0.081033915
SE-FC-L1_ObjectBased_R4.pth,AlexNet,L1,ObjectBased,4,E,17,0.103545964,0.079508252,0.083757289
SE-FC-L1_ObjectBased_R4.pth,AlexNet,L1,ObjectBased,4,E,18,0.106615908,0.084786944,0.087281674
SE-FC-L1_ObjectBased_R4.pth,AlexNet,L1,ObjectBased,4,E,19,0.087095462,0.085075602,0.095851317
SE-FC-L1_ObjectBased_R4.pth,AlexNet,L1,ObjectBased,4,E,20,0.100617431,0.079560339,0.089109719
SE-FC-L1_ObjectBased_R4.pth,AlexNet,L1,ObjectBased,4,E,21,0.08938501,0.080027454,0.074948922
SE-FC-L1_ObjectBased_R4.pth,AlexNet,L1,ObjectBased,4,Full,1,0.126654342,0.232013538,0.044191405
SE-FC-L1_ObjectBased_R4.pth,AlexNet,L1,ObjectBased,4,Full,2,0.114353217,0.218746528,0.056026205
SE-FC-L1_ObjectBased_R4.pth,AlexNet,L1,ObjectBased,4,Full,3,0.109755531,0.199757934,0.059493352
SE-FC-L1_ObjectBased_R4.pth,AlexNet,L1,ObjectBased,4,Full,4,0.115557589,0.184670731,0.064803138
SE-FC-L1_ObjectBased_R4.pth,AlexNet,L1,ObjectBased,4,Full,5,0.110616021,0.199277103,0.049527347
SE-FC-L1_ObjectBased_R4.pth,AlexNet,L1,ObjectBased,4,Full,6,0.117452033,0.200309902,0.047825202
SE-FC-L1_ObjectBased_R4.pth,AlexNet,L1,ObjectBased,4,Full,7,0.12253876,0.194125295,0.046596445
SE-FC-L1_ObjectBased_R4.pth,AlexNet,L1,ObjectBased,4,Full,8,0.109792955,0.182145402,0.055108223
SE-FC-L1_ObjectBased_R4.pth,AlexNet,L1,ObjectBased,4,Full,9,0.119084463,0.180276752,0.061122131
SE-FC-L1_ObjectBased_R4.pth,AlexNet,L1,ObjectBased,4,Full,10,0.14226535,0.200218409,0.042818137
SE-FC-L1_ObjectBased_R4.pth,AlexNet,L1,ObjectBased,4,Full,11,0.115901873,0.154280588,0.032364182
SE-FC-L1_ObjectBased_R4.pth,AlexNet,L1,ObjectBased,4,Full,12,0.116685279,0.173709288,0.025381703
SE-FC-L1_ObjectBased_R4.pth,AlexNet,L1,ObjectBased,4,Full,13,0.145036444,0.190315768,0.036748972
SE-FC-L1_ObjectBased_R4.pth,AlexNet,L1,ObjectBased,4,Full,14,0.126603186,0.173406839,0.030105362
SE-FC-L1_ObjectBased_R4.pth,AlexNet,L1,ObjectBased,4,Full,15,0.142188594,0.177796558,0.04947269
SE-FC-L1_ObjectBased_R4.pth,AlexNet,L1,ObjectBased,4,Full,16,0.104653157,0.148924664,0.036839999
SE-FC-L1_ObjectBased_R4.pth,AlexNet,L1,ObjectBased,4,Full,17,0.135580033,0.169279471,0.040779546
SE-FC-L1_ObjectBased_R4.pth,AlexNet,L1,ObjectBased,4,Full,18,0.161860913,0.191657722,0.027331596
SE-FC-L1_ObjectBased_R4.pth,AlexNet,L1,ObjectBased,4,Full,19,0.1468817,0.170526415,0.033936169
SE-FC-L1_ObjectBased_R4.pth,AlexNet,L1,ObjectBased,4,Full,20,0.141791448,0.154399991,0.033214558
SE-FC-L1_ObjectBased_R4.pth,AlexNet,L1,ObjectBased,4,Full,21,0.149390548,0.183591411,0.007572339
SE-FC-L1_ObjectBased_R4.pth,AlexNet,L1,ObjectBased,4,M,1,0.086011589,0.081897289,0.00064875
SE-FC-L1_ObjectBased_R4.pth,AlexNet,L1,ObjectBased,4,M,2,0.082001477,0.104929246,0.001043483
SE-FC-L1_ObjectBased_R4.pth,AlexNet,L1,ObjectBased,4,M,3,0.082082734,0.091303959,0.001056983
SE-FC-L1_ObjectBased_R4.pth,AlexNet,L1,ObjectBased,4,M,4,0.076870382,0.102252431,0.003426339
SE-FC-L1_ObjectBased_R4.pth,AlexNet,L1,ObjectBased,4,M,5,0.074017316,0.118987195,0.000738741
SE-FC-L1_ObjectBased_R4.pth,AlexNet,L1,ObjectBased,4,M,6,0.091483809,0.099132553,0.001365915
SE-FC-L1_ObjectBased_R4.pth,AlexNet,L1,ObjectBased,4,M,7,0.091286175,0.103109628,0.000869114
SE-FC-L1_ObjectBased_R4.pth,AlexNet,L1,ObjectBased,4,M,8,0.086456083,0.097751006,0.000874625
SE-FC-L1_ObjectBased_R4.pth,AlexNet,L1,ObjectBased,4,M,9,0.093504012,0.085378602,0.001118218
SE-FC-L1_ObjectBased_R4.pth,AlexNet,L1,ObjectBased,4,M,10,0.094046287,0.080912337,0.002225606
SE-FC-L1_ObjectBased_R4.pth,AlexNet,L1,ObjectBased,4,M,11,0.102689713,0.079828978,0.001668191
SE-FC-L1_ObjectBased_R4.pth,AlexNet,L1,ObjectBased,4,M,12,0.097837508,0.07443402,0.001033796
SE-FC-L1_ObjectBased_R4.pth,AlexNet,L1,ObjectBased,4,M,13,0.099142835,0.088465333,0.001137208
SE-FC-L1_ObjectBased_R4.pth,AlexNet,L1,ObjectBased,4,M,14,0.093902044,0.083679467,0.001175301
SE-FC-L1_ObjectBased_R4.pth,AlexNet,L1,ObjectBased,4,M,15,0.101609826,0.098409526,0.001809481
SE-FC-L1_ObjectBased_R4.pth,AlexNet,L1,ObjectBased,4,M,16,0.097619049,0.081105821,0.001038046
SE-FC-L1_ObjectBased_R4.pth,AlexNet,L1,ObjectBased,4,M,17,0.091344573,0.086766697,0.000672626
SE-FC-L1_ObjectBased_R4.pth,AlexNet,L1,ObjectBased,4,M,18,0.090135522,0.089821175,0.000434944
SE-FC-L1_ObjectBased_R4.pth,AlexNet,L1,ObjectBased,4,M,19,0.077851355,0.086989254,0.000137945
SE-FC-L1_ObjectBased_R4.pth,AlexNet,L1,ObjectBased,4,M,20,0.06080085,0.082203947,0.000424786
SE-FC-L1_ObjectBased_R4.pth,AlexNet,L1,ObjectBased,4,M,21,0.070043713,0.063150503,0.00014412
SE-FC-L1_ObjectBased_R4.pth,AlexNet,L1,ObjectBased,4,N,1,0.063963436,0,0.001617446
SE-FC-L1_ObjectBased_R4.pth,AlexNet,L1,ObjectBased,4,N,2,0.100979477,0,0.001011414
SE-FC-L1_ObjectBased_R4.pth,AlexNet,L1,ObjectBased,4,N,3,0.115257807,0,0
SE-FC-L1_ObjectBased_R4.pth,AlexNet,L1,ObjectBased,4,N,4,0.141704917,0,0
SE-FC-L1_ObjectBased_R4.pth,AlexNet,L1,ObjectBased,4,N,5,0.0586446,0,0.000231717
SE-FC-L1_ObjectBased_R4.pth,AlexNet,L1,ObjectBased,4,N,6,0.068984397,0,0
SE-FC-L1_ObjectBased_R4.pth,AlexNet,L1,ObjectBased,4,N,7,0.062355328,0,0
SE-FC-L1_ObjectBased_R4.pth,AlexNet,L1,ObjectBased,4,N,8,0.032769248,0,0
SE-FC-L1_ObjectBased_R4.pth,AlexNet,L1,ObjectBased,4,N,9,0,0,0
SE-FC-L1_ObjectBased_R4.pth,AlexNet,L1,ObjectBased,4,N,10,0.019241134,0,0
SE-FC-L1_ObjectBased_R4.pth,AlexNet,L1,ObjectBased,4,N,11,0,0,0
SE-FC-L1_ObjectBased_R4.pth,AlexNet,L1,ObjectBased,4,N,12,0,0,0
SE-FC-L1_ObjectBased_R4.pth,AlexNet,L1,ObjectBased,4,N,13,0,0,0
SE-FC-L1_ObjectBased_R4.pth,AlexNet,L1,ObjectBased,4,N,14,0,0,0
SE-FC-L1_ObjectBased_R4.pth,AlexNet,L1,ObjectBased,4,N,15,0,0,0
SE-FC-L1_ObjectBased_R4.pth,AlexNet,L1,ObjectBased,4,N,16,0.035119101,0,0
SE-FC-L1_ObjectBased_R4.pth,AlexNet,L1,ObjectBased,4,N,17,0.094144255,0,0
SE-FC-L1_ObjectBased_R4.pth,AlexNet,L1,ObjectBased,4,N,18,0.077879712,0,0
SE-FC-L1_ObjectBased_R4.pth,AlexNet,L1,ObjectBased,4,N,19,0.038912974,0,0
SE-FC-L1_ObjectBased_R4.pth,AlexNet,L1,ObjectBased,4,N,20,0.051429212,0,8.27E-06
SE-FC-L1_ObjectBased_R4.pth,AlexNet,L1,ObjectBased,4,N,21,0.040478464,0,5.44E-05
SE-FC-L1_FaceBased_R8.pth,AlexNet,L1,FaceBased,8,E,1,0.104407653,0.048481651,0.09464743
SE-FC-L1_FaceBased_R8.pth,AlexNet,L1,FaceBased,8,E,2,0.107371762,0.053201661,0.099301539
SE-FC-L1_FaceBased_R8.pth,AlexNet,L1,FaceBased,8,E,3,0.102203406,0.053648975,0.096479245
SE-FC-L1_FaceBased_R8.pth,AlexNet,L1,FaceBased,8,E,4,0.103203632,0.055629678,0.098227434
SE-FC-L1_FaceBased_R8.pth,AlexNet,L1,FaceBased,8,E,5,0.106550962,0.056647077,0.097274259
SE-FC-L1_FaceBased_R8.pth,AlexNet,L1,FaceBased,8,E,6,0.108417235,0.057729226,0.098116867
SE-FC-L1_FaceBased_R8.pth,AlexNet,L1,FaceBased,8,E,7,0.110951796,0.058006972,0.094052352
SE-FC-L1_FaceBased_R8.pth,AlexNet,L1,FaceBased,8,E,8,0.10920842,0.052585579,0.09738224
SE-FC-L1_FaceBased_R8.pth,AlexNet,L1,FaceBased,8,E,9,0.111895069,0.052108876,0.098198794
SE-FC-L1_FaceBased_R8.pth,AlexNet,L1,FaceBased,8,E,10,0.112153836,0.042772513,0.097759798
SE-FC-L1_FaceBased_R8.pth,AlexNet,L1,FaceBased,8,E,11,0.115654349,0.046179421,0.095644005
SE-FC-L1_FaceBased_R8.pth,AlexNet,L1,FaceBased,8,E,12,0.11614465,0.046511084,0.094810471
SE-FC-L1_FaceBased_R8.pth,AlexNet,L1,FaceBased,8,E,13,0.110647976,0.047467086,0.092660487
SE-FC-L1_FaceBased_R8.pth,AlexNet,L1,FaceBased,8,E,14,0.104826234,0.051161353,0.09116777
SE-FC-L1_FaceBased_R8.pth,AlexNet,L1,FaceBased,8,E,15,0.105356634,0.049811203,0.089527234
SE-FC-L1_FaceBased_R8.pth,AlexNet,L1,FaceBased,8,E,16,0.10654334,0.050687216,0.090847261
SE-FC-L1_FaceBased_R8.pth,AlexNet,L1,FaceBased,8,E,17,0.106428809,0.051384099,0.088238016
SE-FC-L1_FaceBased_R8.pth,AlexNet,L1,FaceBased,8,E,18,0.106651902,0.052689366,0.088692427
SE-FC-L1_FaceBased_R8.pth,AlexNet,L1,FaceBased,8,E,19,0.105722137,0.054445542,0.087546036
SE-FC-L1_FaceBased_R8.pth,AlexNet,L1,FaceBased,8,E,20,0.102973953,0.058939479,0.091497459
SE-FC-L1_FaceBased_R8.pth,AlexNet,L1,FaceBased,8,E,21,0.100645125,0.05971304,0.086580589
SE-FC-L1_FaceBased_R8.pth,AlexNet,L1,FaceBased,8,Full,1,0.048620626,0.052934129,0.127409995
SE-FC-L1_FaceBased_R8.pth,AlexNet,L1,FaceBased,8,Full,2,0.047983341,0.050374575,0.125322372
SE-FC-L1_FaceBased_R8.pth,AlexNet,L1,FaceBased,8,Full,3,0.052813195,0.050731018,0.130518675
SE-FC-L1_FaceBased_R8.pth,AlexNet,L1,FaceBased,8,Full,4,0.047590014,0.04684962,0.129955947
SE-FC-L1_FaceBased_R8.pth,AlexNet,L1,FaceBased,8,Full,5,0.054842982,0.048146565,0.119224727
SE-FC-L1_FaceBased_R8.pth,AlexNet,L1,FaceBased,8,Full,6,0.056192294,0.046974558,0.117829196
SE-FC-L1_FaceBased_R8.pth,AlexNet,L1,FaceBased,8,Full,7,0.056304272,0.04719644,0.11324475
SE-FC-L1_FaceBased_R8.pth,AlexNet,L1,FaceBased,8,Full,8,0.054520518,0.046495959,0.11472486
SE-FC-L1_FaceBased_R8.pth,AlexNet,L1,FaceBased,8,Full,9,0.053084183,0.044349279,0.120313153
SE-FC-L1_FaceBased_R8.pth,AlexNet,L1,FaceBased,8,Full,10,0.060102701,0.048674095,0.118252985
SE-FC-L1_FaceBased_R8.pth,AlexNet,L1,FaceBased,8,Full,11,0.057591643,0.047512621,0.118254691
SE-FC-L1_FaceBased_R8.pth,AlexNet,L1,FaceBased,8,Full,12,0.053120222,0.046718724,0.11663942
SE-FC-L1_FaceBased_R8.pth,AlexNet,L1,FaceBased,8,Full,13,0.052981593,0.047967017,0.110677347
SE-FC-L1_FaceBased_R8.pth,AlexNet,L1,FaceBased,8,Full,14,0.054569222,0.047807716,0.110803537
SE-FC-L1_FaceBased_R8.pth,AlexNet,L1,FaceBased,8,Full,15,0.055687502,0.049392153,0.114052378
SE-FC-L1_FaceBased_R8.pth,AlexNet,L1,FaceBased,8,Full,16,0.056760188,0.05188619,0.111983322
SE-FC-L1_FaceBased_R8.pth,AlexNet,L1,FaceBased,8,Full,17,0.061796375,0.052759808,0.108894728
SE-FC-L1_FaceBased_R8.pth,AlexNet,L1,FaceBased,8,Full,18,0.06110521,0.05368926,0.111618116
SE-FC-L1_FaceBased_R8.pth,AlexNet,L1,FaceBased,8,Full,19,0.060963802,0.052553967,0.110185727
SE-FC-L1_FaceBased_R8.pth,AlexNet,L1,FaceBased,8,Full,20,0.061634541,0.05347373,0.113304712
SE-FC-L1_FaceBased_R8.pth,AlexNet,L1,FaceBased,8,Full,21,0.060365364,0.052699603,0.113552019
SE-FC-L1_FaceBased_R8.pth,AlexNet,L1,FaceBased,8,M,1,0.024168584,0.073695071,0.180145338
SE-FC-L1_FaceBased_R8.pth,AlexNet,L1,FaceBased,8,M,2,0.024402076,0.073246226,0.173521042
SE-FC-L1_FaceBased_R8.pth,AlexNet,L1,FaceBased,8,M,3,0.024223307,0.071859844,0.174883544
SE-FC-L1_FaceBased_R8.pth,AlexNet,L1,FaceBased,8,M,4,0.020822266,0.060036678,0.182919666
SE-FC-L1_FaceBased_R8.pth,AlexNet,L1,FaceBased,8,M,5,0.023910506,0.071350366,0.166161239
SE-FC-L1_FaceBased_R8.pth,AlexNet,L1,FaceBased,8,M,6,0.023458337,0.068660706,0.169450879
SE-FC-L1_FaceBased_R8.pth,AlexNet,L1,FaceBased,8,M,7,0.025793927,0.067261338,0.174210757
SE-FC-L1_FaceBased_R8.pth,AlexNet,L1,FaceBased,8,M,8,0.02892709,0.071178243,0.16857554
SE-FC-L1_FaceBased_R8.pth,AlexNet,L1,FaceBased,8,M,9,0.034177378,0.076239482,0.16162385
SE-FC-L1_FaceBased_R8.pth,AlexNet,L1,FaceBased,8,M,10,0.033972312,0.071795829,0.159038797
SE-FC-L1_FaceBased_R8.pth,AlexNet,L1,FaceBased,8,M,11,0.037674036,0.077421315,0.14820312
SE-FC-L1_FaceBased_R8.pth,AlexNet,L1,FaceBased,8,M,12,0.033721872,0.069386356,0.154294968
SE-FC-L1_FaceBased_R8.pth,AlexNet,L1,FaceBased,8,M,13,0.033529509,0.070977591,0.156926468
SE-FC-L1_FaceBased_R8.pth,AlexNet,L1,FaceBased,8,M,14,0.032925472,0.070723049,0.151937634
SE-FC-L1_FaceBased_R8.pth,AlexNet,L1,FaceBased,8,M,15,0.029372031,0.062121823,0.155772701
SE-FC-L1_FaceBased_R8.pth,AlexNet,L1,FaceBased,8,M,16,0.037203927,0.07077498,0.152155235
SE-FC-L1_FaceBased_R8.pth,AlexNet,L1,FaceBased,8,M,17,0.034982506,0.071463093,0.159425005
SE-FC-L1_FaceBased_R8.pth,AlexNet,L1,FaceBased,8,M,18,0.035538282,0.072921745,0.151728615
SE-FC-L1_FaceBased_R8.pth,AlexNet,L1,FaceBased,8,M,19,0.032403931,0.069969937,0.163113073
SE-FC-L1_FaceBased_R8.pth,AlexNet,L1,FaceBased,8,M,20,0.032615662,0.068246722,0.155795798
SE-FC-L1_FaceBased_R8.pth,AlexNet,L1,FaceBased,8,M,21,0.032651938,0.071859278,0.150236592
SE-FC-L1_FaceBased_R8.pth,AlexNet,L1,FaceBased,8,N,1,0.067454472,0.103404477,0.10464102
SE-FC-L1_FaceBased_R8.pth,AlexNet,L1,FaceBased,8,N,2,0.070755109,0.101449504,0.103582978
SE-FC-L1_FaceBased_R8.pth,AlexNet,L1,FaceBased,8,N,3,0.068274498,0.101859048,0.105291374
SE-FC-L1_FaceBased_R8.pth,AlexNet,L1,FaceBased,8,N,4,0.067550734,0.100906618,0.103752948
SE-FC-L1_FaceBased_R8.pth,AlexNet,L1,FaceBased,8,N,5,0.069583744,0.098324798,0.101930574
SE-FC-L1_FaceBased_R8.pth,AlexNet,L1,FaceBased,8,N,6,0.066907912,0.098116986,0.09975104
SE-FC-L1_FaceBased_R8.pth,AlexNet,L1,FaceBased,8,N,7,0.069142647,0.097247794,0.098781914
SE-FC-L1_FaceBased_R8.pth,AlexNet,L1,FaceBased,8,N,8,0.066685647,0.097840562,0.101315573
SE-FC-L1_FaceBased_R8.pth,AlexNet,L1,FaceBased,8,N,9,0.072192594,0.092403136,0.100463659
SE-FC-L1_FaceBased_R8.pth,AlexNet,L1,FaceBased,8,N,10,0.073679708,0.096782945,0.105514437
SE-FC-L1_FaceBased_R8.pth,AlexNet,L1,FaceBased,8,N,11,0.076319583,0.097729668,0.098516703
SE-FC-L1_FaceBased_R8.pth,AlexNet,L1,FaceBased,8,N,12,0.078062199,0.099169709,0.101334035
SE-FC-L1_FaceBased_R8.pth,AlexNet,L1,FaceBased,8,N,13,0.077858582,0.101622477,0.112678513
SE-FC-L1_FaceBased_R8.pth,AlexNet,L1,FaceBased,8,N,14,0.075826459,0.102598079,0.110578537
SE-FC-L1_FaceBased_R8.pth,AlexNet,L1,FaceBased,8,N,15,0.073792383,0.099896982,0.113926522
SE-FC-L1_FaceBased_R8.pth,AlexNet,L1,FaceBased,8,N,16,0.069098078,0.10029614,0.102632955
SE-FC-L1_FaceBased_R8.pth,AlexNet,L1,FaceBased,8,N,17,0.071955763,0.102936402,0.11081478
SE-FC-L1_FaceBased_R8.pth,AlexNet,L1,FaceBased,8,N,18,0.072299838,0.100543872,0.109199412
SE-FC-L1_FaceBased_R8.pth,AlexNet,L1,FaceBased,8,N,19,0.075764515,0.100464985,0.111951306
SE-FC-L1_FaceBased_R8.pth,AlexNet,L1,FaceBased,8,N,20,0.078036152,0.097903281,0.107492954
SE-FC-L1_FaceBased_R8.pth,AlexNet,L1,FaceBased,8,N,21,0.079860665,0.10062506,0.112462424
SE-FC-L1_ObjectBased_R8.pth,AlexNet,L1,ObjectBased,8,E,1,0.08988522,0.009430056,0.011027288
SE-FC-L1_ObjectBased_R8.pth,AlexNet,L1,ObjectBased,8,E,2,0.102448396,0.008611196,0.011546933
SE-FC-L1_ObjectBased_R8.pth,AlexNet,L1,ObjectBased,8,E,3,0.107994109,0.00943271,0.012429197
SE-FC-L1_ObjectBased_R8.pth,AlexNet,L1,ObjectBased,8,E,4,0.09151119,0.004896911,0.000929646
SE-FC-L1_ObjectBased_R8.pth,AlexNet,L1,ObjectBased,8,E,5,0.100253962,0.006835796,0.00161608
SE-FC-L1_ObjectBased_R8.pth,AlexNet,L1,ObjectBased,8,E,6,0.072154269,0.001700371,0.000488243
SE-FC-L1_ObjectBased_R8.pth,AlexNet,L1,ObjectBased,8,E,7,0.075730294,0.002845039,0.00438064
SE-FC-L1_ObjectBased_R8.pth,AlexNet,L1,ObjectBased,8,E,8,0.103543997,0.003248347,0.001389958
SE-FC-L1_ObjectBased_R8.pth,AlexNet,L1,ObjectBased,8,E,9,0.085333683,0.003892984,0.003641085
SE-FC-L1_ObjectBased_R8.pth,AlexNet,L1,ObjectBased,8,E,10,0.067704536,0.001739804,0.00070448
SE-FC-L1_ObjectBased_R8.pth,AlexNet,L1,ObjectBased,8,E,11,0.063353457,0.003675206,0.000579726
SE-FC-L1_ObjectBased_R8.pth,AlexNet,L1,ObjectBased,8,E,12,0.042353779,0.002312113,0.000689446
SE-FC-L1_ObjectBased_R8.pth,AlexNet,L1,ObjectBased,8,E,13,0.0384891,0.000903509,0.000664887
SE-FC-L1_ObjectBased_R8.pth,AlexNet,L1,ObjectBased,8,E,14,0.038395435,0.00038121,0.000552724
SE-FC-L1_ObjectBased_R8.pth,AlexNet,L1,ObjectBased,8,E,15,0.026581824,0,0.000956693
SE-FC-L1_ObjectBased_R8.pth,AlexNet,L1,ObjectBased,8,E,16,0.0302417,0.000271036,0.001588094
SE-FC-L1_ObjectBased_R8.pth,AlexNet,L1,ObjectBased,8,E,17,0.083157912,0.003151346,0.001939113
SE-FC-L1_ObjectBased_R8.pth,AlexNet,L1,ObjectBased,8,E,18,0.066578798,0.003203157,0.001831357
SE-FC-L1_ObjectBased_R8.pth,AlexNet,L1,ObjectBased,8,E,19,0.026814697,0.000777754,0.001447916
SE-FC-L1_ObjectBased_R8.pth,AlexNet,L1,ObjectBased,8,E,20,0.025263637,0.000241066,0.001074274
SE-FC-L1_ObjectBased_R8.pth,AlexNet,L1,ObjectBased,8,E,21,0.060410164,0.003740536,0.007183352
SE-FC-L1_ObjectBased_R8.pth,AlexNet,L1,ObjectBased,8,Full,1,0.044050187,0.005002344,0.048442367
SE-FC-L1_ObjectBased_R8.pth,AlexNet,L1,ObjectBased,8,Full,2,0.060237352,0.010599933,0.058881938
SE-FC-L1_ObjectBased_R8.pth,AlexNet,L1,ObjectBased,8,Full,3,0.042209517,0.004805988,0.051948655
SE-FC-L1_ObjectBased_R8.pth,AlexNet,L1,ObjectBased,8,Full,4,0.020307042,0.000314478,0.031406164
SE-FC-L1_ObjectBased_R8.pth,AlexNet,L1,ObjectBased,8,Full,5,0.006874671,0,0.008855925
SE-FC-L1_ObjectBased_R8.pth,AlexNet,L1,ObjectBased,8,Full,6,0.00562974,0,0.008251471
SE-FC-L1_ObjectBased_R8.pth,AlexNet,L1,ObjectBased,8,Full,7,0.006802149,0.000108761,0.016039474
SE-FC-L1_ObjectBased_R8.pth,AlexNet,L1,ObjectBased,8,Full,8,0.010350158,0,0.00918583
SE-FC-L1_ObjectBased_R8.pth,AlexNet,L1,ObjectBased,8,Full,9,0.004422774,0,0.000243949
SE-FC-L1_ObjectBased_R8.pth,AlexNet,L1,ObjectBased,8,Full,10,0.028829681,2.56E-05,0.020554852
SE-FC-L1_ObjectBased_R8.pth,AlexNet,L1,ObjectBased,8,Full,11,0.029205259,0.000202333,0.015330193
SE-FC-L1_ObjectBased_R8.pth,AlexNet,L1,ObjectBased,8,Full,12,0.026989147,0.000176418,0.005307595
SE-FC-L1_ObjectBased_R8.pth,AlexNet,L1,ObjectBased,8,Full,13,0.012549073,0,0.000395579
SE-FC-L1_ObjectBased_R8.pth,AlexNet,L1,ObjectBased,8,Full,14,0.023382077,6.60E-05,0.009274838
SE-FC-L1_ObjectBased_R8.pth,AlexNet,L1,ObjectBased,8,Full,15,0.02173911,0.000237854,0.007667469
SE-FC-L1_ObjectBased_R8.pth,AlexNet,L1,ObjectBased,8,Full,16,0.014397797,0.00026443,0.002702139
SE-FC-L1_ObjectBased_R8.pth,AlexNet,L1,ObjectBased,8,Full,17,0.041911248,0.009548536,0.003635203
SE-FC-L1_ObjectBased_R8.pth,AlexNet,L1,ObjectBased,8,Full,18,0.027688103,0.000318507,0.00226017
SE-FC-L1_ObjectBased_R8.pth,AlexNet,L1,ObjectBased,8,Full,19,0.041380588,0.005912355,0.015498303
SE-FC-L1_ObjectBased_R8.pth,AlexNet,L1,ObjectBased,8,Full,20,0.057305165,0.016007809,0.030516814
SE-FC-L1_ObjectBased_R8.pth,AlexNet,L1,ObjectBased,8,Full,21,0.064219356,0.02391153,0.038381554
SE-FC-L1_ObjectBased_R8.pth,AlexNet,L1,ObjectBased,8,M,1,0.013564911,0.001150389,0.079660974
SE-FC-L1_ObjectBased_R8.pth,AlexNet,L1,ObjectBased,8,M,2,0.037904933,0.008462862,0.106781222
SE-FC-L1_ObjectBased_R8.pth,AlexNet,L1,ObjectBased,8,M,3,0.01475398,0.002335158,0.120151497
SE-FC-L1_ObjectBased_R8.pth,AlexNet,L1,ObjectBased,8,M,4,0.004046133,0.000880261,0.104605332
SE-FC-L1_ObjectBased_R8.pth,AlexNet,L1,ObjectBased,8,M,5,0.014537631,0.001032646,0.106629543
SE-FC-L1_ObjectBased_R8.pth,AlexNet,L1,ObjectBased,8,M,6,0.004254217,0.000854361,0.109984644
SE-FC-L1_ObjectBased_R8.pth,AlexNet,L1,ObjectBased,8,M,7,0.000453507,0.000618906,0.098057382
SE-FC-L1_ObjectBased_R8.pth,AlexNet,L1,ObjectBased,8,M,8,7.36E-05,0.000352892,0.094147876
SE-FC-L1_ObjectBased_R8.pth,AlexNet,L1,ObjectBased,8,M,9,0.001495838,0.000276859,0.104927301
SE-FC-L1_ObjectBased_R8.pth,AlexNet,L1,ObjectBased,8,M,10,0.025300423,0.001534162,0.10531155
SE-FC-L1_ObjectBased_R8.pth,AlexNet,L1,ObjectBased,8,M,11,0.023901699,0.001482888,0.098640859
SE-FC-L1_ObjectBased_R8.pth,AlexNet,L1,ObjectBased,8,M,12,0.042578958,0.002557406,0.097464748
SE-FC-L1_ObjectBased_R8.pth,AlexNet,L1,ObjectBased,8,M,13,0.00137969,0.000781918,0.105693787
SE-FC-L1_ObjectBased_R8.pth,AlexNet,L1,ObjectBased,8,M,14,0.01082534,0.001447364,0.114493079
SE-FC-L1_ObjectBased_R8.pth,AlexNet,L1,ObjectBased,8,M,15,0.001584489,0.000763006,0.102594793
SE-FC-L1_ObjectBased_R8.pth,AlexNet,L1,ObjectBased,8,M,16,0.012031915,0.001667222,0.12516737
SE-FC-L1_ObjectBased_R8.pth,AlexNet,L1,ObjectBased,8,M,17,0.008376808,0.000875382,0.154894143
SE-FC-L1_ObjectBased_R8.pth,AlexNet,L1,ObjectBased,8,M,18,0.000276411,0.000543106,0.125503868
SE-FC-L1_ObjectBased_R8.pth,AlexNet,L1,ObjectBased,8,M,19,0.015811598,0.001027875,0.136738673
SE-FC-L1_ObjectBased_R8.pth,AlexNet,L1,ObjectBased,8,M,20,0.018520987,0.000446117,0.134740949
SE-FC-L1_ObjectBased_R8.pth,AlexNet,L1,ObjectBased,8,M,21,0.011670782,0.000843794,0.136883795
SE-FC-L1_ObjectBased_R8.pth,AlexNet,L1,ObjectBased,8,N,1,0,0.006239328,0
SE-FC-L1_ObjectBased_R8.pth,AlexNet,L1,ObjectBased,8,N,2,0,0.004946561,0
SE-FC-L1_ObjectBased_R8.pth,AlexNet,L1,ObjectBased,8,N,3,0,0.009759548,0
SE-FC-L1_ObjectBased_R8.pth,AlexNet,L1,ObjectBased,8,N,4,0,0.042024154,0
SE-FC-L1_ObjectBased_R8.pth,AlexNet,L1,ObjectBased,8,N,5,0,0,0
SE-FC-L1_ObjectBased_R8.pth,AlexNet,L1,ObjectBased,8,N,6,0,0,0
SE-FC-L1_ObjectBased_R8.pth,AlexNet,L1,ObjectBased,8,N,7,0,0,0
SE-FC-L1_ObjectBased_R8.pth,AlexNet,L1,ObjectBased,8,N,8,0,0,0
SE-FC-L1_ObjectBased_R8.pth,AlexNet,L1,ObjectBased,8,N,9,0,0,0
SE-FC-L1_ObjectBased_R8.pth,AlexNet,L1,ObjectBased,8,N,10,0,0,0
SE-FC-L1_ObjectBased_R8.pth,AlexNet,L1,ObjectBased,8,N,11,0,0,0
SE-FC-L1_ObjectBased_R8.pth,AlexNet,L1,ObjectBased,8,N,12,0,0,0
SE-FC-L1_ObjectBased_R8.pth,AlexNet,L1,ObjectBased,8,N,13,0,0,0
SE-FC-L1_ObjectBased_R8.pth,AlexNet,L1,ObjectBased,8,N,14,0,0,0
SE-FC-L1_ObjectBased_R8.pth,AlexNet,L1,ObjectBased,8,N,15,0,0,0
SE-FC-L1_ObjectBased_R8.pth,AlexNet,L1,ObjectBased,8,N,16,0,0,0
SE-FC-L1_ObjectBased_R8.pth,AlexNet,L1,ObjectBased,8,N,17,0,0,0
SE-FC-L1_ObjectBased_R8.pth,AlexNet,L1,ObjectBased,8,N,18,0,0,0
SE-FC-L1_ObjectBased_R8.pth,AlexNet,L1,ObjectBased,8,N,19,0,0,0
SE-FC-L1_ObjectBased_R8.pth,AlexNet,L1,ObjectBased,8,N,20,0,0,0
SE-FC-L1_ObjectBased_R8.pth,AlexNet,L1,ObjectBased,8,N,21,0,0,0
SE-FC-L1_FaceBased_R16.pth,AlexNet,L1,FaceBased,16,E,1,0,0,0.000586674
SE-FC-L1_FaceBased_R16.pth,AlexNet,L1,FaceBased,16,E,2,0,0,0.000728787
SE-FC-L1_FaceBased_R16.pth,AlexNet,L1,FaceBased,16,E,3,0,0,0.000362662
SE-FC-L1_FaceBased_R16.pth,AlexNet,L1,FaceBased,16,E,4,0,0,0.000446948
SE-FC-L1_FaceBased_R16.pth,AlexNet,L1,FaceBased,16,E,5,0,0,0.000532178
SE-FC-L1_FaceBased_R16.pth,AlexNet,L1,FaceBased,16,E,6,0,0,0.000423148
SE-FC-L1_FaceBased_R16.pth,AlexNet,L1,FaceBased,16,E,7,0,0,0.000460693
SE-FC-L1_FaceBased_R16.pth,AlexNet,L1,FaceBased,16,E,8,0,0,0.000681239
SE-FC-L1_FaceBased_R16.pth,AlexNet,L1,FaceBased,16,E,9,0,0,0.000301741
SE-FC-L1_FaceBased_R16.pth,AlexNet,L1,FaceBased,16,E,10,0,0,0.000727178
SE-FC-L1_FaceBased_R16.pth,AlexNet,L1,FaceBased,16,E,11,0,0,0.000467969
SE-FC-L1_FaceBased_R16.pth,AlexNet,L1,FaceBased,16,E,12,0,0,0.000438386
SE-FC-L1_FaceBased_R16.pth,AlexNet,L1,FaceBased,16,E,13,0,0,0.000713491
SE-FC-L1_FaceBased_R16.pth,AlexNet,L1,FaceBased,16,E,14,0,0,0.000349411
SE-FC-L1_FaceBased_R16.pth,AlexNet,L1,FaceBased,16,E,15,0,0,0.000538833
SE-FC-L1_FaceBased_R16.pth,AlexNet,L1,FaceBased,16,E,16,0,0,0.000535068
SE-FC-L1_FaceBased_R16.pth,AlexNet,L1,FaceBased,16,E,17,0,0,0.000518722
SE-FC-L1_FaceBased_R16.pth,AlexNet,L1,FaceBased,16,E,18,0,0,0.000513847
SE-FC-L1_FaceBased_R16.pth,AlexNet,L1,FaceBased,16,E,19,0,0,0.00033016
SE-FC-L1_FaceBased_R16.pth,AlexNet,L1,FaceBased,16,E,20,0,0,0.000205009
SE-FC-L1_FaceBased_R16.pth,AlexNet,L1,FaceBased,16,E,21,0,0,8.40E-05
SE-FC-L1_FaceBased_R16.pth,AlexNet,L1,FaceBased,16,Full,1,0,0,0
SE-FC-L1_FaceBased_R16.pth,AlexNet,L1,FaceBased,16,Full,2,0,0,0
SE-FC-L1_FaceBased_R16.pth,AlexNet,L1,FaceBased,16,Full,3,0,0,0
SE-FC-L1_FaceBased_R16.pth,AlexNet,L1,FaceBased,16,Full,4,0,0,0
SE-FC-L1_FaceBased_R16.pth,AlexNet,L1,FaceBased,16,Full,5,0,0,0
SE-FC-L1_FaceBased_R16.pth,AlexNet,L1,FaceBased,16,Full,6,0,0,0
SE-FC-L1_FaceBased_R16.pth,AlexNet,L1,FaceBased,16,Full,7,0,0,0
SE-FC-L1_FaceBased_R16.pth,AlexNet,L1,FaceBased,16,Full,8,0,0,0
SE-FC-L1_FaceBased_R16.pth,AlexNet,L1,FaceBased,16,Full,9,0,0,0
SE-FC-L1_FaceBased_R16.pth,AlexNet,L1,FaceBased,16,Full,10,0,0,0
SE-FC-L1_FaceBased_R16.pth,AlexNet,L1,FaceBased,16,Full,11,0,0,0
SE-FC-L1_FaceBased_R16.pth,AlexNet,L1,FaceBased,16,Full,12,0,0,0
SE-FC-L1_FaceBased_R16.pth,AlexNet,L1,FaceBased,16,Full,13,0,0,0
SE-FC-L1_FaceBased_R16.pth,AlexNet,L1,FaceBased,16,Full,14,0,0,0
SE-FC-L1_FaceBased_R16.pth,AlexNet,L1,FaceBased,16,Full,15,0,0,0
SE-FC-L1_FaceBased_R16.pth,AlexNet,L1,FaceBased,16,Full,16,0,0,0
SE-FC-L1_FaceBased_R16.pth,AlexNet,L1,FaceBased,16,Full,17,0,0,0
SE-FC-L1_FaceBased_R16.pth,AlexNet,L1,FaceBased,16,Full,18,0,0,0
SE-FC-L1_FaceBased_R16.pth,AlexNet,L1,FaceBased,16,Full,19,0,0,0
SE-FC-L1_FaceBased_R16.pth,AlexNet,L1,FaceBased,16,Full,20,0,0,0
SE-FC-L1_FaceBased_R16.pth,AlexNet,L1,FaceBased,16,Full,21,0,0,0
SE-FC-L1_FaceBased_R16.pth,AlexNet,L1,FaceBased,16,M,1,0,0,0.000113904
SE-FC-L1_FaceBased_R16.pth,AlexNet,L1,FaceBased,16,M,2,0,0,0
SE-FC-L1_FaceBased_R16.pth,AlexNet,L1,FaceBased,16,M,3,0,0,0
SE-FC-L1_FaceBased_R16.pth,AlexNet,L1,FaceBased,16,M,4,0,0,0
SE-FC-L1_FaceBased_R16.pth,AlexNet,L1,FaceBased,16,M,5,0,0,0
SE-FC-L1_FaceBased_R16.pth,AlexNet,L1,FaceBased,16,M,6,0,0,0
SE-FC-L1_FaceBased_R16.pth,AlexNet,L1,FaceBased,16,M,7,0,0,0
SE-FC-L1_FaceBased_R16.pth,AlexNet,L1,FaceBased,16,M,8,0,0,0
SE-FC-L1_FaceBased_R16.pth,AlexNet,L1,FaceBased,16,M,9,0,0,0
SE-FC-L1_FaceBased_R16.pth,AlexNet,L1,FaceBased,16,M,10,0,0,0
SE-FC-L1_FaceBased_R16.pth,AlexNet,L1,FaceBased,16,M,11,0,0,0
SE-FC-L1_FaceBased_R16.pth,AlexNet,L1,FaceBased,16,M,12,0,0,0
SE-FC-L1_FaceBased_R16.pth,AlexNet,L1,FaceBased,16,M,13,0,0,0
SE-FC-L1_FaceBased_R16.pth,AlexNet,L1,FaceBased,16,M,14,0,0,0
SE-FC-L1_FaceBased_R16.pth,AlexNet,L1,FaceBased,16,M,15,0,0,0
SE-FC-L1_FaceBased_R16.pth,AlexNet,L1,FaceBased,16,M,16,0,0,0
SE-FC-L1_FaceBased_R16.pth,AlexNet,L1,FaceBased,16,M,17,0,0,0
SE-FC-L1_FaceBased_R16.pth,AlexNet,L1,FaceBased,16,M,18,0,0,0
SE-FC-L1_FaceBased_R16.pth,AlexNet,L1,FaceBased,16,M,19,0,0,1.76E-05
SE-FC-L1_FaceBased_R16.pth,AlexNet,L1,FaceBased,16,M,20,0,0,7.58E-06
SE-FC-L1_FaceBased_R16.pth,AlexNet,L1,FaceBased,16,M,21,0,0,0
SE-FC-L1_FaceBased_R16.pth,AlexNet,L1,FaceBased,16,N,1,0,0,0
SE-FC-L1_FaceBased_R16.pth,AlexNet,L1,FaceBased,16,N,2,0,0,0
SE-FC-L1_FaceBased_R16.pth,AlexNet,L1,FaceBased,16,N,3,0,0,0
SE-FC-L1_FaceBased_R16.pth,AlexNet,L1,FaceBased,16,N,4,0,0,0
SE-FC-L1_FaceBased_R16.pth,AlexNet,L1,FaceBased,16,N,5,0,0,0
SE-FC-L1_FaceBased_R16.pth,AlexNet,L1,FaceBased,16,N,6,0,0,0
SE-FC-L1_FaceBased_R16.pth,AlexNet,L1,FaceBased,16,N,7,0,0,0
SE-FC-L1_FaceBased_R16.pth,AlexNet,L1,FaceBased,16,N,8,0,0,0
SE-FC-L1_FaceBased_R16.pth,AlexNet,L1,FaceBased,16,N,9,0,0,0
SE-FC-L1_FaceBased_R16.pth,AlexNet,L1,FaceBased,16,N,10,0,0,0
SE-FC-L1_FaceBased_R16.pth,AlexNet,L1,FaceBased,16,N,11,0,0,0
SE-FC-L1_FaceBased_R16.pth,AlexNet,L1,FaceBased,16,N,12,0,0,0
SE-FC-L1_FaceBased_R16.pth,AlexNet,L1,FaceBased,16,N,13,0,0,0
SE-FC-L1_FaceBased_R16.pth,AlexNet,L1,FaceBased,16,N,14,0,0,0
SE-FC-L1_FaceBased_R16.pth,AlexNet,L1,FaceBased,16,N,15,0,0,0
SE-FC-L1_FaceBased_R16.pth,AlexNet,L1,FaceBased,16,N,16,0,0,0
SE-FC-L1_FaceBased_R16.pth,AlexNet,L1,FaceBased,16,N,17,0,0,0
SE-FC-L1_FaceBased_R16.pth,AlexNet,L1,FaceBased,16,N,18,0,0,0
SE-FC-L1_FaceBased_R16.pth,AlexNet,L1,FaceBased,16,N,19,0,0,0
SE-FC-L1_FaceBased_R16.pth,AlexNet,L1,FaceBased,16,N,20,0,0,0
SE-FC-L1_FaceBased_R16.pth,AlexNet,L1,FaceBased,16,N,21,0,0,0
SE-FC-L1_ObjectBased_R16.pth,AlexNet,L1,ObjectBased,16,E,1,0.091444761,0.064630501,0.071707472
SE-FC-L1_ObjectBased_R16.pth,AlexNet,L1,ObjectBased,16,E,2,0.092362888,0.058629926,0.068841778
SE-FC-L1_ObjectBased_R16.pth,AlexNet,L1,ObjectBased,16,E,3,0.090985462,0.057804465,0.067528233
SE-FC-L1_ObjectBased_R16.pth,AlexNet,L1,ObjectBased,16,E,4,0.091610491,0.055588961,0.064983338
SE-FC-L1_ObjectBased_R16.pth,AlexNet,L1,ObjectBased,16,E,5,0.090336613,0.054961897,0.06403742
SE-FC-L1_ObjectBased_R16.pth,AlexNet,L1,ObjectBased,16,E,6,0.094827846,0.059864927,0.067702129
SE-FC-L1_ObjectBased_R16.pth,AlexNet,L1,ObjectBased,16,E,7,0.096498214,0.053521335,0.065711007
SE-FC-L1_ObjectBased_R16.pth,AlexNet,L1,ObjectBased,16,E,8,0.097292632,0.059742548,0.065767385
SE-FC-L1_ObjectBased_R16.pth,AlexNet,L1,ObjectBased,16,E,9,0.097303443,0.060347684,0.069094278
SE-FC-L1_ObjectBased_R16.pth,AlexNet,L1,ObjectBased,16,E,10,0.099088721,0.064631462,0.07120309
SE-FC-L1_ObjectBased_R16.pth,AlexNet,L1,ObjectBased,16,E,11,0.098641686,0.063329063,0.070459187
SE-FC-L1_ObjectBased_R16.pth,AlexNet,L1,ObjectBased,16,E,12,0.097780205,0.064154193,0.074251436
SE-FC-L1_ObjectBased_R16.pth,AlexNet,L1,ObjectBased,16,E,13,0.092360273,0.064206377,0.074495986
SE-FC-L1_ObjectBased_R16.pth,AlexNet,L1,ObjectBased,16,E,14,0.097105779,0.066620812,0.074853234
SE-FC-L1_ObjectBased_R16.pth,AlexNet,L1,ObjectBased,16,E,15,0.097165063,0.068117253,0.073638566
SE-FC-L1_ObjectBased_R16.pth,AlexNet,L1,ObjectBased,16,E,16,0.098089866,0.064768493,0.073540866
SE-FC-L1_ObjectBased_R16.pth,AlexNet,L1,ObjectBased,16,E,17,0.098029554,0.066247314,0.075760812
SE-FC-L1_ObjectBased_R16.pth,AlexNet,L1,ObjectBased,16,E,18,0.094054885,0.062883362,0.076234296
SE-FC-L1_ObjectBased_R16.pth,AlexNet,L1,ObjectBased,16,E,19,0.09768533,0.066187739,0.074626766
SE-FC-L1_ObjectBased_R16.pth,AlexNet,L1,ObjectBased,16,E,20,0.097376555,0.069788463,0.076327629
SE-FC-L1_ObjectBased_R16.pth,AlexNet,L1,ObjectBased,16,E,21,0.094496459,0.065006018,0.075633645
SE-FC-L1_ObjectBased_R16.pth,AlexNet,L1,ObjectBased,16,Full,1,0.060077067,0.064736009,0.103498273
SE-FC-L1_ObjectBased_R16.pth,AlexNet,L1,ObjectBased,16,Full,2,0.062363859,0.067562915,0.103317007
SE-FC-L1_ObjectBased_R16.pth,AlexNet,L1,ObjectBased,16,Full,3,0.061907362,0.067659557,0.096510522
SE-FC-L1_ObjectBased_R16.pth,AlexNet,L1,ObjectBased,16,Full,4,0.053585049,0.060415775,0.097467959
SE-FC-L1_ObjectBased_R16.pth,AlexNet,L1,ObjectBased,16,Full,5,0.057473253,0.058165643,0.098243862
SE-FC-L1_ObjectBased_R16.pth,AlexNet,L1,ObjectBased,16,Full,6,0.059596729,0.062667169,0.099684052
SE-FC-L1_ObjectBased_R16.pth,AlexNet,L1,ObjectBased,16,Full,7,0.060112305,0.064997934,0.098142676
SE-FC-L1_ObjectBased_R16.pth,AlexNet,L1,ObjectBased,16,Full,8,0.055482615,0.058409024,0.098838799
SE-FC-L1_ObjectBased_R16.pth,AlexNet,L1,ObjectBased,16,Full,9,0.060499717,0.059819423,0.099786997
SE-FC-L1_ObjectBased_R16.pth,AlexNet,L1,ObjectBased,16,Full,10,0.059225533,0.05843243,0.099059455
SE-FC-L1_ObjectBased_R16.pth,AlexNet,L1,ObjectBased,16,Full,11,0.062902644,0.061927948,0.096073963
SE-FC-L1_ObjectBased_R16.pth,AlexNet,L1,ObjectBased,16,Full,12,0.063605726,0.060815025,0.102009341
SE-FC-L1_ObjectBased_R16.pth,AlexNet,L1,ObjectBased,16,Full,13,0.063496865,0.059530955,0.094173297
SE-FC-L1_ObjectBased_R16.pth,AlexNet,L1,ObjectBased,16,Full,14,0.062228829,0.061098188,0.098072141
SE-FC-L1_ObjectBased_R16.pth,AlexNet,L1,ObjectBased,16,Full,15,0.062239513,0.059703905,0.093249179
SE-FC-L1_ObjectBased_R16.pth,AlexNet,L1,ObjectBased,16,Full,16,0.058586039,0.057941012,0.095306568
SE-FC-L1_ObjectBased_R16.pth,AlexNet,L1,ObjectBased,16,Full,17,0.05991767,0.059706975,0.095708072
SE-FC-L1_ObjectBased_R16.pth,AlexNet,L1,ObjectBased,16,Full,18,0.060854293,0.062990315,0.094559439
SE-FC-L1_ObjectBased_R16.pth,AlexNet,L1,ObjectBased,16,Full,19,0.061948363,0.064999394,0.094733201
SE-FC-L1_ObjectBased_R16.pth,AlexNet,L1,ObjectBased,16,Full,20,0.059699379,0.065801844,0.092608504
SE-FC-L1_ObjectBased_R16.pth,AlexNet,L1,ObjectBased,16,Full,21,0.059138265,0.068324849,0.097079784
SE-FC-L1_ObjectBased_R16.pth,AlexNet,L1,ObjectBased,16,M,1,0.058040768,0.095863193,0.099682063
SE-FC-L1_ObjectBased_R16.pth,AlexNet,L1,ObjectBased,16,M,2,0.06043689,0.093015172,0.097872436
SE-FC-L1_ObjectBased_R16.pth,AlexNet,L1,ObjectBased,16,M,3,0.060054403,0.092852354,0.099856593
SE-FC-L1_ObjectBased_R16.pth,AlexNet,L1,ObjectBased,16,M,4,0.062914982,0.09360411,0.095704518
SE-FC-L1_ObjectBased_R16.pth,AlexNet,L1,ObjectBased,16,M,5,0.064512745,0.094263524,0.098390043
SE-FC-L1_ObjectBased_R16.pth,AlexNet,L1,ObjectBased,16,M,6,0.066169187,0.093741477,0.098515488
SE-FC-L1_ObjectBased_R16.pth,AlexNet,L1,ObjectBased,16,M,7,0.066524602,0.094158478,0.099657409
SE-FC-L1_ObjectBased_R16.pth,AlexNet,L1,ObjectBased,16,M,8,0.065416798,0.09386804,0.098755419
SE-FC-L1_ObjectBased_R16.pth,AlexNet,L1,ObjectBased,16,M,9,0.065879337,0.093237847,0.098920211
SE-FC-L1_ObjectBased_R16.pth,AlexNet,L1,ObjectBased,16,M,10,0.064769953,0.092770815,0.100517616
SE-FC-L1_ObjectBased_R16.pth,AlexNet,L1,ObjectBased,16,M,11,0.065891288,0.089687884,0.104851075
SE-FC-L1_ObjectBased_R16.pth,AlexNet,L1,ObjectBased,16,M,12,0.061390731,0.088042036,0.102219477
SE-FC-L1_ObjectBased_R16.pth,AlexNet,L1,ObjectBased,16,M,13,0.065299608,0.090219662,0.104863979
SE-FC-L1_ObjectBased_R16.pth,AlexNet,L1,ObjectBased,16,M,14,0.065556362,0.091171958,0.103784151
SE-FC-L1_ObjectBased_R16.pth,AlexNet,L1,ObjectBased,16,M,15,0.064989492,0.088601954,0.104379058
SE-FC-L1_ObjectBased_R16.pth,AlexNet,L1,ObjectBased,16,M,16,0.06286177,0.087784,0.104265288
SE-FC-L1_ObjectBased_R16.pth,AlexNet,L1,ObjectBased,16,M,17,0.061955109,0.091931082,0.103786625
SE-FC-L1_ObjectBased_R16.pth,AlexNet,L1,ObjectBased,16,M,18,0.059346404,0.092323624,0.105783209
SE-FC-L1_ObjectBased_R16.pth,AlexNet,L1,ObjectBased,16,M,19,0.057159811,0.092972659,0.107673578
SE-FC-L1_ObjectBased_R16.pth,AlexNet,L1,ObjectBased,16,M,20,0.056840342,0.093735851,0.106464393
SE-FC-L1_ObjectBased_R16.pth,AlexNet,L1,ObjectBased,16,M,21,0.055953845,0.09600649,0.104762822
SE-FC-L1_ObjectBased_R16.pth,AlexNet,L1,ObjectBased,16,N,1,0.082379773,0.092085756,0.086000532
SE-FC-L1_ObjectBased_R16.pth,AlexNet,L1,ObjectBased,16,N,2,0.080533721,0.094090097,0.085256316
SE-FC-L1_ObjectBased_R16.pth,AlexNet,L1,ObjectBased,16,N,3,0.081575856,0.094277151,0.083972707
SE-FC-L1_ObjectBased_R16.pth,AlexNet,L1,ObjectBased,16,N,4,0.079192258,0.094874404,0.082995854
SE-FC-L1_ObjectBased_R16.pth,AlexNet,L1,ObjectBased,16,N,5,0.079659574,0.092242733,0.084767021
SE-FC-L1_ObjectBased_R16.pth,AlexNet,L1,ObjectBased,16,N,6,0.080744013,0.092340186,0.086253293
SE-FC-L1_ObjectBased_R16.pth,AlexNet,L1,ObjectBased,16,N,7,0.079045661,0.093221679,0.084577411
SE-FC-L1_ObjectBased_R16.pth,AlexNet,L1,ObjectBased,16,N,8,0.082042113,0.092127383,0.08399675
SE-FC-L1_ObjectBased_R16.pth,AlexNet,L1,ObjectBased,16,N,9,0.081603251,0.08938209,0.084693961
SE-FC-L1_ObjectBased_R16.pth,AlexNet,L1,ObjectBased,16,N,10,0.080974959,0.090265669,0.080915324
SE-FC-L1_ObjectBased_R16.pth,AlexNet,L1,ObjectBased,16,N,11,0.082037523,0.090844877,0.082482554
SE-FC-L1_ObjectBased_R16.pth,AlexNet,L1,ObjectBased,16,N,12,0.081723198,0.088774681,0.083410971
SE-FC-L1_ObjectBased_R16.pth,AlexNet,L1,ObjectBased,16,N,13,0.08273492,0.08911328,0.085098371
SE-FC-L1_ObjectBased_R16.pth,AlexNet,L1,ObjectBased,16,N,14,0.083153836,0.089002125,0.085227519
SE-FC-L1_ObjectBased_R16.pth,AlexNet,L1,ObjectBased,16,N,15,0.081863582,0.08912389,0.085441686
SE-FC-L1_ObjectBased_R16.pth,AlexNet,L1,ObjectBased,16,N,16,0.081112154,0.086744092,0.085290313
SE-FC-L1_ObjectBased_R16.pth,AlexNet,L1,ObjectBased,16,N,17,0.083587393,0.089569643,0.085523598
SE-FC-L1_ObjectBased_R16.pth,AlexNet,L1,ObjectBased,16,N,18,0.084532171,0.08911401,0.086271159
SE-FC-L1_ObjectBased_R16.pth,AlexNet,L1,ObjectBased,16,N,19,0.084618039,0.091094375,0.088008046
SE-FC-L1_ObjectBased_R16.pth,AlexNet,L1,ObjectBased,16,N,20,0.085449316,0.090832517,0.087641209
SE-FC-L1_ObjectBased_R16.pth,AlexNet,L1,ObjectBased,16,N,21,0.084521934,0.092909172,0.09018869
SE-FC-L1_FaceBased_R32.pth,AlexNet,L1,FaceBased,32,E,1,0.063065544,0.075277679,0.070074305
SE-FC-L1_FaceBased_R32.pth,AlexNet,L1,FaceBased,32,E,2,0.064427122,0.077174313,0.0704441
SE-FC-L1_FaceBased_R32.pth,AlexNet,L1,FaceBased,32,E,3,0.064436883,0.075556107,0.071798801
SE-FC-L1_FaceBased_R32.pth,AlexNet,L1,FaceBased,32,E,4,0.065489948,0.07502383,0.073213615
SE-FC-L1_FaceBased_R32.pth,AlexNet,L1,FaceBased,32,E,5,0.065923162,0.074716426,0.071644805
SE-FC-L1_FaceBased_R32.pth,AlexNet,L1,FaceBased,32,E,6,0.060848173,0.077572368,0.067894161
SE-FC-L1_FaceBased_R32.pth,AlexNet,L1,FaceBased,32,E,7,0.063577831,0.076515429,0.067297891
SE-FC-L1_FaceBased_R32.pth,AlexNet,L1,FaceBased,32,E,8,0.067629904,0.074030787,0.066713668
SE-FC-L1_FaceBased_R32.pth,AlexNet,L1,FaceBased,32,E,9,0.06205377,0.075226031,0.066423021
SE-FC-L1_FaceBased_R32.pth,AlexNet,L1,FaceBased,32,E,10,0.061790388,0.079691909,0.06206397
SE-FC-L1_FaceBased_R32.pth,AlexNet,L1,FaceBased,32,E,11,0.063192807,0.078636296,0.064639196
SE-FC-L1_FaceBased_R32.pth,AlexNet,L1,FaceBased,32,E,12,0.061241481,0.077286042,0.064180493
SE-FC-L1_FaceBased_R32.pth,AlexNet,L1,FaceBased,32,E,13,0.065763824,0.080035388,0.065164141
SE-FC-L1_FaceBased_R32.pth,AlexNet,L1,FaceBased,32,E,14,0.063305043,0.077929422,0.065075874
SE-FC-L1_FaceBased_R32.pth,AlexNet,L1,FaceBased,32,E,15,0.063092113,0.080688804,0.067788281
SE-FC-L1_FaceBased_R32.pth,AlexNet,L1,FaceBased,32,E,16,0.064110488,0.079684727,0.069457017
SE-FC-L1_FaceBased_R32.pth,AlexNet,L1,FaceBased,32,E,17,0.064595409,0.083291404,0.070520476
SE-FC-L1_FaceBased_R32.pth,AlexNet,L1,FaceBased,32,E,18,0.062393006,0.079005741,0.07012514
SE-FC-L1_FaceBased_R32.pth,AlexNet,L1,FaceBased,32,E,19,0.061005466,0.077271231,0.068391033
SE-FC-L1_FaceBased_R32.pth,AlexNet,L1,FaceBased,32,E,20,0.060762689,0.079195991,0.073878877
SE-FC-L1_FaceBased_R32.pth,AlexNet,L1,FaceBased,32,E,21,0.058439188,0.079594351,0.072435625
SE-FC-L1_FaceBased_R32.pth,AlexNet,L1,FaceBased,32,Full,1,0.065072015,0.080133431,0.083993569
SE-FC-L1_FaceBased_R32.pth,AlexNet,L1,FaceBased,32,Full,2,0.065495029,0.079612732,0.083398126
SE-FC-L1_FaceBased_R32.pth,AlexNet,L1,FaceBased,32,Full,3,0.062780865,0.076127358,0.085623562
SE-FC-L1_FaceBased_R32.pth,AlexNet,L1,FaceBased,32,Full,4,0.06756781,0.080929175,0.080883861
SE-FC-L1_FaceBased_R32.pth,AlexNet,L1,FaceBased,32,Full,5,0.067770839,0.081249751,0.085462421
SE-FC-L1_FaceBased_R32.pth,AlexNet,L1,FaceBased,32,Full,6,0.070024341,0.08194419,0.078319788
SE-FC-L1_FaceBased_R32.pth,AlexNet,L1,FaceBased,32,Full,7,0.069078892,0.083605185,0.0802719
SE-FC-L1_FaceBased_R32.pth,AlexNet,L1,FaceBased,32,Full,8,0.068880849,0.078219935,0.078078203
SE-FC-L1_FaceBased_R32.pth,AlexNet,L1,FaceBased,32,Full,9,0.067275234,0.078929529,0.076337129
SE-FC-L1_FaceBased_R32.pth,AlexNet,L1,FaceBased,32,Full,10,0.069164693,0.077145688,0.078963473
SE-FC-L1_FaceBased_R32.pth,AlexNet,L1,FaceBased,32,Full,11,0.067901857,0.076645307,0.078453906
SE-FC-L1_FaceBased_R32.pth,AlexNet,L1,FaceBased,32,Full,12,0.065402471,0.076815926,0.081910692
SE-FC-L1_FaceBased_R32.pth,AlexNet,L1,FaceBased,32,Full,13,0.063185088,0.076219894,0.080540553
SE-FC-L1_FaceBased_R32.pth,AlexNet,L1,FaceBased,32,Full,14,0.060518622,0.074522272,0.081208467
SE-FC-L1_FaceBased_R32.pth,AlexNet,L1,FaceBased,32,Full,15,0.063233159,0.0755817,0.083005644
SE-FC-L1_FaceBased_R32.pth,AlexNet,L1,FaceBased,32,Full,16,0.063084662,0.072839588,0.083879672
SE-FC-L1_FaceBased_R32.pth,AlexNet,L1,FaceBased,32,Full,17,0.061627526,0.072286874,0.088480569
SE-FC-L1_FaceBased_R32.pth,AlexNet,L1,FaceBased,32,Full,18,0.064305305,0.071111448,0.086237878
SE-FC-L1_FaceBased_R32.pth,AlexNet,L1,FaceBased,32,Full,19,0.066188298,0.070446052,0.083822742
SE-FC-L1_FaceBased_R32.pth,AlexNet,L1,FaceBased,32,Full,20,0.069552444,0.074179396,0.083444722
SE-FC-L1_FaceBased_R32.pth,AlexNet,L1,FaceBased,32,Full,21,0.071322434,0.07822635,0.082307115
SE-FC-L1_FaceBased_R32.pth,AlexNet,L1,FaceBased,32,M,1,0.058286797,0.095518388,0.092602469
SE-FC-L1_FaceBased_R32.pth,AlexNet,L1,FaceBased,32,M,2,0.057392318,0.096691892,0.091924407
SE-FC-L1_FaceBased_R32.pth,AlexNet,L1,FaceBased,32,M,3,0.058794145,0.098614536,0.09156815
SE-FC-L1_FaceBased_R32.pth,AlexNet,L1,FaceBased,32,M,4,0.06037344,0.099437185,0.090385191
SE-FC-L1_FaceBased_R32.pth,AlexNet,L1,FaceBased,32,M,5,0.062523156,0.103278764,0.085773103
SE-FC-L1_FaceBased_R32.pth,AlexNet,L1,FaceBased,32,M,6,0.064433374,0.104487546,0.085559003
SE-FC-L1_FaceBased_R32.pth,AlexNet,L1,FaceBased,32,M,7,0.066389248,0.10058596,0.082983993
SE-FC-L1_FaceBased_R32.pth,AlexNet,L1,FaceBased,32,M,8,0.064569607,0.097939111,0.083939523
SE-FC-L1_FaceBased_R32.pth,AlexNet,L1,FaceBased,32,M,9,0.06017676,0.098694839,0.084578909
SE-FC-L1_FaceBased_R32.pth,AlexNet,L1,FaceBased,32,M,10,0.063376345,0.101818129,0.082771465
SE-FC-L1_FaceBased_R32.pth,AlexNet,L1,FaceBased,32,M,11,0.065081067,0.100504398,0.083597533
SE-FC-L1_FaceBased_R32.pth,AlexNet,L1,FaceBased,32,M,12,0.06439843,0.100393713,0.084675454
SE-FC-L1_FaceBased_R32.pth,AlexNet,L1,FaceBased,32,M,13,0.064280398,0.098485827,0.08812543
SE-FC-L1_FaceBased_R32.pth,AlexNet,L1,FaceBased,32,M,14,0.061732065,0.099743411,0.091970399
SE-FC-L1_FaceBased_R32.pth,AlexNet,L1,FaceBased,32,M,15,0.062012464,0.102366872,0.089654066
SE-FC-L1_FaceBased_R32.pth,AlexNet,L1,FaceBased,32,M,16,0.064086236,0.103655636,0.090255812
SE-FC-L1_FaceBased_R32.pth,AlexNet,L1,FaceBased,32,M,17,0.063579157,0.099307977,0.090159543
SE-FC-L1_FaceBased_R32.pth,AlexNet,L1,FaceBased,32,M,18,0.06512288,0.099744193,0.09011741
SE-FC-L1_FaceBased_R32.pth,AlexNet,L1,FaceBased,32,M,19,0.061918262,0.100235492,0.09311413
SE-FC-L1_FaceBased_R32.pth,AlexNet,L1,FaceBased,32,M,20,0.063057147,0.101004943,0.090349153
SE-FC-L1_FaceBased_R32.pth,AlexNet,L1,FaceBased,32,M,21,0.06424053,0.101152666,0.090046346
SE-FC-L1_FaceBased_R32.pth,AlexNet,L1,FaceBased,32,N,1,0.089674436,0.086348824,0.072207309
SE-FC-L1_FaceBased_R32.pth,AlexNet,L1,FaceBased,32,N,2,0.090135679,0.086406454,0.070873342
SE-FC-L1_FaceBased_R32.pth,AlexNet,L1,FaceBased,32,N,3,0.093715079,0.087444231,0.072141923
SE-FC-L1_FaceBased_R32.pth,AlexNet,L1,FaceBased,32,N,4,0.093905993,0.085800193,0.073132262
SE-FC-L1_FaceBased_R32.pth,AlexNet,L1,FaceBased,32,N,5,0.093225278,0.085537516,0.074058473
SE-FC-L1_FaceBased_R32.pth,AlexNet,L1,FaceBased,32,N,6,0.095506392,0.083719693,0.073078819
SE-FC-L1_FaceBased_R32.pth,AlexNet,L1,FaceBased,32,N,7,0.093578763,0.084005408,0.072772793
SE-FC-L1_FaceBased_R32.pth,AlexNet,L1,FaceBased,32,N,8,0.093670093,0.084868759,0.074035257
SE-FC-L1_FaceBased_R32.pth,AlexNet,L1,FaceBased,32,N,9,0.092597619,0.08489088,0.07441128
SE-FC-L1_FaceBased_R32.pth,AlexNet,L1,FaceBased,32,N,10,0.093777582,0.086755551,0.077725641
SE-FC-L1_FaceBased_R32.pth,AlexNet,L1,FaceBased,32,N,11,0.093299113,0.087179534,0.073584892
SE-FC-L1_FaceBased_R32.pth,AlexNet,L1,FaceBased,32,N,12,0.094708756,0.087918013,0.075104073
SE-FC-L1_FaceBased_R32.pth,AlexNet,L1,FaceBased,32,N,13,0.09203729,0.084770106,0.074974798
SE-FC-L1_FaceBased_R32.pth,AlexNet,L1,FaceBased,32,N,14,0.092035875,0.086310931,0.074199297
SE-FC-L1_FaceBased_R32.pth,AlexNet,L1,FaceBased,32,N,15,0.093165323,0.087183706,0.073992141
SE-FC-L1_FaceBased_R32.pth,AlexNet,L1,FaceBased,32,N,16,0.090108477,0.088682659,0.075460978
SE-FC-L1_FaceBased_R32.pth,AlexNet,L1,FaceBased,32,N,17,0.092057317,0.086569846,0.074750923
SE-FC-L1_FaceBased_R32.pth,AlexNet,L1,FaceBased,32,N,18,0.08858192,0.08758159,0.073701635
SE-FC-L1_FaceBased_R32.pth,AlexNet,L1,FaceBased,32,N,19,0.089831606,0.085072562,0.075642191
SE-FC-L1_FaceBased_R32.pth,AlexNet,L1,FaceBased,32,N,20,0.088296279,0.085697591,0.076004364
SE-FC-L1_FaceBased_R32.pth,AlexNet,L1,FaceBased,32,N,21,0.089417234,0.087416768,0.076329373
SE-FC-L1_ObjectBased_R32.pth,AlexNet,L1,ObjectBased,32,E,1,0.045464464,0.025858643,0.108650342
SE-FC-L1_ObjectBased_R32.pth,AlexNet,L1,ObjectBased,32,E,2,0.053734753,0.030942593,0.10801769
SE-FC-L1_ObjectBased_R32.pth,AlexNet,L1,ObjectBased,32,E,3,0.048038013,0.028057924,0.108962014
SE-FC-L1_ObjectBased_R32.pth,AlexNet,L1,ObjectBased,32,E,4,0.049381904,0.027119638,0.105299972
SE-FC-L1_ObjectBased_R32.pth,AlexNet,L1,ObjectBased,32,E,5,0.048970032,0.027017433,0.113683008
SE-FC-L1_ObjectBased_R32.pth,AlexNet,L1,ObjectBased,32,E,6,0.045962404,0.026756685,0.113517776
SE-FC-L1_ObjectBased_R32.pth,AlexNet,L1,ObjectBased,32,E,7,0.049400337,0.027337955,0.111441419
SE-FC-L1_ObjectBased_R32.pth,AlexNet,L1,ObjectBased,32,E,8,0.047133178,0.025966337,0.116736226
SE-FC-L1_ObjectBased_R32.pth,AlexNet,L1,ObjectBased,32,E,9,0.055637054,0.023605226,0.113443464
SE-FC-L1_ObjectBased_R32.pth,AlexNet,L1,ObjectBased,32,E,10,0.056571849,0.024535291,0.104181021
SE-FC-L1_ObjectBased_R32.pth,AlexNet,L1,ObjectBased,32,E,11,0.056672517,0.022345968,0.112998217
SE-FC-L1_ObjectBased_R32.pth,AlexNet,L1,ObjectBased,32,E,12,0.045577843,0.01791046,0.107028976
SE-FC-L1_ObjectBased_R32.pth,AlexNet,L1,ObjectBased,32,E,13,0.053025477,0.023057096,0.103627808
SE-FC-L1_ObjectBased_R32.pth,AlexNet,L1,ObjectBased,32,E,14,0.054989196,0.022554737,0.10067571
SE-FC-L1_ObjectBased_R32.pth,AlexNet,L1,ObjectBased,32,E,15,0.05149246,0.020372052,0.100673713
SE-FC-L1_ObjectBased_R32.pth,AlexNet,L1,ObjectBased,32,E,16,0.054644309,0.022251539,0.10578648
SE-FC-L1_ObjectBased_R32.pth,AlexNet,L1,ObjectBased,32,E,17,0.046274595,0.020823773,0.102394529
SE-FC-L1_ObjectBased_R32.pth,AlexNet,L1,ObjectBased,32,E,18,0.052662723,0.012740435,0.104812063
SE-FC-L1_ObjectBased_R32.pth,AlexNet,L1,ObjectBased,32,E,19,0.047885027,0.012336921,0.109741025
SE-FC-L1_ObjectBased_R32.pth,AlexNet,L1,ObjectBased,32,E,20,0.043718498,0.015829297,0.109095342
SE-FC-L1_ObjectBased_R32.pth,AlexNet,L1,ObjectBased,32,E,21,0.041732002,0.01838951,0.11224328
SE-FC-L1_ObjectBased_R32.pth,AlexNet,L1,ObjectBased,32,Full,1,0.038363777,0.036143221,0.119405471
SE-FC-L1_ObjectBased_R32.pth,AlexNet,L1,ObjectBased,32,Full,2,0.0463093,0.047883544,0.120637342
SE-FC-L1_ObjectBased_R32.pth,AlexNet,L1,ObjectBased,32,Full,3,0.052424803,0.05880275,0.117990948
SE-FC-L1_ObjectBased_R32.pth,AlexNet,L1,ObjectBased,32,Full,4,0.053690985,0.059817065,0.112651743
SE-FC-L1_ObjectBased_R32.pth,AlexNet,L1,ObjectBased,32,Full,5,0.052299064,0.063126884,0.106778584
SE-FC-L1_ObjectBased_R32.pth,AlexNet,L1,ObjectBased,32,Full,6,0.048663054,0.062352382,0.106792398
SE-FC-L1_ObjectBased_R32.pth,AlexNet,L1,ObjectBased,32,Full,7,0.053506896,0.062913388,0.109737501
SE-FC-L1_ObjectBased_R32.pth,AlexNet,L1,ObjectBased,32,Full,8,0.050135244,0.056716252,0.103495486
SE-FC-L1_ObjectBased_R32.pth,AlexNet,L1,ObjectBased,32,Full,9,0.038608231,0.048248451,0.113495015
SE-FC-L1_ObjectBased_R32.pth,AlexNet,L1,ObjectBased,32,Full,10,0.044630811,0.049327102,0.111902639
SE-FC-L1_ObjectBased_R32.pth,AlexNet,L1,ObjectBased,32,Full,11,0.029276853,0.040179737,0.111387901
SE-FC-L1_ObjectBased_R32.pth,AlexNet,L1,ObjectBased,32,Full,12,0.042129498,0.047619801,0.105313025
SE-FC-L1_ObjectBased_R32.pth,AlexNet,L1,ObjectBased,32,Full,13,0.038245156,0.042054761,0.106553629
SE-FC-L1_ObjectBased_R32.pth,AlexNet,L1,ObjectBased,32,Full,14,0.02779221,0.033474926,0.104653485
SE-FC-L1_ObjectBased_R32.pth,AlexNet,L1,ObjectBased,32,Full,15,0.026345879,0.026545353,0.115345269
SE-FC-L1_ObjectBased_R32.pth,AlexNet,L1,ObjectBased,32,Full,16,0.041191317,0.041783404,0.104936801
SE-FC-L1_ObjectBased_R32.pth,AlexNet,L1,ObjectBased,32,Full,17,0.038032576,0.038377024,0.10488975
SE-FC-L1_ObjectBased_R32.pth,AlexNet,L1,ObjectBased,32,Full,18,0.047568291,0.051423132,0.10099303
SE-FC-L1_ObjectBased_R32.pth,AlexNet,L1,ObjectBased,32,Full,19,0.042253554,0.047131155,0.101444326
SE-FC-L1_ObjectBased_R32.pth,AlexNet,L1,ObjectBased,32,Full,20,0.044185802,0.050687119,0.099563338
SE-FC-L1_ObjectBased_R32.pth,AlexNet,L1,ObjectBased,32,Full,21,0.040903747,0.0471531,0.092622899
SE-FC-L1_ObjectBased_R32.pth,AlexNet,L1,ObjectBased,32,M,1,0.051129144,0.028781766,0.144064948
SE-FC-L1_ObjectBased_R32.pth,AlexNet,L1,ObjectBased,32,M,2,0.048801783,0.028669842,0.148935199
SE-FC-L1_ObjectBased_R32.pth,AlexNet,L1,ObjectBased,32,M,3,0.049118936,0.026296087,0.143977731
SE-FC-L1_ObjectBased_R32.pth,AlexNet,L1,ObjectBased,32,M,4,0.044861589,0.027084745,0.142342016
SE-FC-L1_ObjectBased_R32.pth,AlexNet,L1,ObjectBased,32,M,5,0.052010041,0.035800084,0.121785775
SE-FC-L1_ObjectBased_R32.pth,AlexNet,L1,ObjectBased,32,M,6,0.041832887,0.036721941,0.138062313
SE-FC-L1_ObjectBased_R32.pth,AlexNet,L1,ObjectBased,32,M,7,0.041346923,0.04179877,0.135151237
SE-FC-L1_ObjectBased_R32.pth,AlexNet,L1,ObjectBased,32,M,8,0.045149416,0.044682615,0.130689949
SE-FC-L1_ObjectBased_R32.pth,AlexNet,L1,ObjectBased,32,M,9,0.033462577,0.038985077,0.134813309
SE-FC-L1_ObjectBased_R32.pth,AlexNet,L1,ObjectBased,32,M,10,0.026708832,0.023757327,0.141951054
SE-FC-L1_ObjectBased_R32.pth,AlexNet,L1,ObjectBased,32,M,11,0.03497912,0.028361807,0.128089741
SE-FC-L1_ObjectBased_R32.pth,AlexNet,L1,ObjectBased,32,M,12,0.032785371,0.019282071,0.129705071
SE-FC-L1_ObjectBased_R32.pth,AlexNet,L1,ObjectBased,32,M,13,0.03823847,0.025563262,0.135167062
SE-FC-L1_ObjectBased_R32.pth,AlexNet,L1,ObjectBased,32,M,14,0.034642573,0.027318781,0.128142998
SE-FC-L1_ObjectBased_R32.pth,AlexNet,L1,ObjectBased,32,M,15,0.034416109,0.025190612,0.139925212
SE-FC-L1_ObjectBased_R32.pth,AlexNet,L1,ObjectBased,32,M,16,0.044631306,0.023909768,0.132807717
SE-FC-L1_ObjectBased_R32.pth,AlexNet,L1,ObjectBased,32,M,17,0.047048021,0.024469335,0.125369042
SE-FC-L1_ObjectBased_R32.pth,AlexNet,L1,ObjectBased,32,M,18,0.043369692,0.024576837,0.147866637
SE-FC-L1_ObjectBased_R32.pth,AlexNet,L1,ObjectBased,32,M,19,0.041754488,0.030594746,0.140877396
SE-FC-L1_ObjectBased_R32.pth,AlexNet,L1,ObjectBased,32,M,20,0.051129133,0.032767951,0.130424723
SE-FC-L1_ObjectBased_R32.pth,AlexNet,L1,ObjectBased,32,M,21,0.04465989,0.030785337,0.139291674
SE-FC-L1_ObjectBased_R32.pth,AlexNet,L1,ObjectBased,32,N,1,0.039415855,0.080134906,0.100152664
SE-FC-L1_ObjectBased_R32.pth,AlexNet,L1,ObjectBased,32,N,2,0.027792469,0.076689325,0.106964722
SE-FC-L1_ObjectBased_R32.pth,AlexNet,L1,ObjectBased,32,N,3,0.039016105,0.076923236,0.097218715
SE-FC-L1_ObjectBased_R32.pth,AlexNet,L1,ObjectBased,32,N,4,0.03890226,0.078274108,0.097717687
SE-FC-L1_ObjectBased_R32.pth,AlexNet,L1,ObjectBased,32,N,5,0.036247056,0.079592973,0.102108091
SE-FC-L1_ObjectBased_R32.pth,AlexNet,L1,ObjectBased,32,N,6,0.04605601,0.077704407,0.097896807
SE-FC-L1_ObjectBased_R32.pth,AlexNet,L1,ObjectBased,32,N,7,0.037664529,0.07712277,0.099048212
SE-FC-L1_ObjectBased_R32.pth,AlexNet,L1,ObjectBased,32,N,8,0.044089664,0.078299083,0.093756557
SE-FC-L1_ObjectBased_R32.pth,AlexNet,L1,ObjectBased,32,N,9,0.038698446,0.073125288,0.092879668
SE-FC-L1_ObjectBased_R32.pth,AlexNet,L1,ObjectBased,32,N,10,0.037256334,0.074599393,0.094700471
SE-FC-L1_ObjectBased_R32.pth,AlexNet,L1,ObjectBased,32,N,11,0.030675331,0.065879203,0.101525113
SE-FC-L1_ObjectBased_R32.pth,AlexNet,L1,ObjectBased,32,N,12,0.023551447,0.068504512,0.103954978
SE-FC-L1_ObjectBased_R32.pth,AlexNet,L1,ObjectBased,32,N,13,0.027039673,0.069695152,0.09943673
SE-FC-L1_ObjectBased_R32.pth,AlexNet,L1,ObjectBased,32,N,14,0.033455092,0.07012175,0.096959002
SE-FC-L1_ObjectBased_R32.pth,AlexNet,L1,ObjectBased,32,N,15,0.026384706,0.057356238,0.107770331
SE-FC-L1_ObjectBased_R32.pth,AlexNet,L1,ObjectBased,32,N,16,0.030040571,0.063409515,0.110085487
SE-FC-L1_ObjectBased_R32.pth,AlexNet,L1,ObjectBased,32,N,17,0.032723766,0.056903414,0.111451074
SE-FC-L1_ObjectBased_R32.pth,AlexNet,L1,ObjectBased,32,N,18,0.025743378,0.051349882,0.103239477
SE-FC-L1_ObjectBased_R32.pth,AlexNet,L1,ObjectBased,32,N,19,0.03218725,0.063853733,0.095975392
SE-FC-L1_ObjectBased_R32.pth,AlexNet,L1,ObjectBased,32,N,20,0.028339673,0.060501162,0.09358865
SE-FC-L1_ObjectBased_R32.pth,AlexNet,L1,ObjectBased,32,N,21,0.024074119,0.064159811,0.090236008
SE-FC-L2_FaceBased_R2.pth,AlexNet,L2,FaceBased,2,E,1,0,0,0
SE-FC-L2_FaceBased_R2.pth,AlexNet,L2,FaceBased,2,E,2,0,0,0
SE-FC-L2_FaceBased_R2.pth,AlexNet,L2,FaceBased,2,E,3,0,0,0
SE-FC-L2_FaceBased_R2.pth,AlexNet,L2,FaceBased,2,E,4,0,0,0
SE-FC-L2_FaceBased_R2.pth,AlexNet,L2,FaceBased,2,E,5,0,0,0
SE-FC-L2_FaceBased_R2.pth,AlexNet,L2,FaceBased,2,E,6,0,0,0
SE-FC-L2_FaceBased_R2.pth,AlexNet,L2,FaceBased,2,E,7,0,0,0
SE-FC-L2_FaceBased_R2.pth,AlexNet,L2,FaceBased,2,E,8,0,0,0
SE-FC-L2_FaceBased_R2.pth,AlexNet,L2,FaceBased,2,E,9,0,0,0
SE-FC-L2_FaceBased_R2.pth,AlexNet,L2,FaceBased,2,E,10,0,0,0
SE-FC-L2_FaceBased_R2.pth,AlexNet,L2,FaceBased,2,E,11,0,0,0
SE-FC-L2_FaceBased_R2.pth,AlexNet,L2,FaceBased,2,E,12,0,0,0.005698737
SE-FC-L2_FaceBased_R2.pth,AlexNet,L2,FaceBased,2,E,13,0,0,0
SE-FC-L2_FaceBased_R2.pth,AlexNet,L2,FaceBased,2,E,14,0,0,0.005698737
SE-FC-L2_FaceBased_R2.pth,AlexNet,L2,FaceBased,2,E,15,0,0,0
SE-FC-L2_FaceBased_R2.pth,AlexNet,L2,FaceBased,2,E,16,0,0,0.005698737
SE-FC-L2_FaceBased_R2.pth,AlexNet,L2,FaceBased,2,E,17,0,0,0.005698737
SE-FC-L2_FaceBased_R2.pth,AlexNet,L2,FaceBased,2,E,18,0,0,0
SE-FC-L2_FaceBased_R2.pth,AlexNet,L2,FaceBased,2,E,19,0,0,0
SE-FC-L2_FaceBased_R2.pth,AlexNet,L2,FaceBased,2,E,20,0,0,0.005698738
SE-FC-L2_FaceBased_R2.pth,AlexNet,L2,FaceBased,2,E,21,0,0,0
SE-FC-L2_FaceBased_R2.pth,AlexNet,L2,FaceBased,2,Full,1,0,0,0.059282314
SE-FC-L2_FaceBased_R2.pth,AlexNet,L2,FaceBased,2,Full,2,0,0,0.121625781
SE-FC-L2_FaceBased_R2.pth,AlexNet,L2,FaceBased,2,Full,3,0,0,0.036738958
SE-FC-L2_FaceBased_R2.pth,AlexNet,L2,FaceBased,2,Full,4,0,0,0.003887661
SE-FC-L2_FaceBased_R2.pth,AlexNet,L2,FaceBased,2,Full,5,0,0,0.027298287
SE-FC-L2_FaceBased_R2.pth,AlexNet,L2,FaceBased,2,Full,6,0,0,0.005677707
SE-FC-L2_FaceBased_R2.pth,AlexNet,L2,FaceBased,2,Full,7,0,0,0
SE-FC-L2_FaceBased_R2.pth,AlexNet,L2,FaceBased,2,Full,8,0,0,0
SE-FC-L2_FaceBased_R2.pth,AlexNet,L2,FaceBased,2,Full,9,0,0,0
SE-FC-L2_FaceBased_R2.pth,AlexNet,L2,FaceBased,2,Full,10,0,0,0
SE-FC-L2_FaceBased_R2.pth,AlexNet,L2,FaceBased,2,Full,11,0,0,0
SE-FC-L2_FaceBased_R2.pth,AlexNet,L2,FaceBased,2,Full,12,0,0,0
SE-FC-L2_FaceBased_R2.pth,AlexNet,L2,FaceBased,2,Full,13,0,0,0
SE-FC-L2_FaceBased_R2.pth,AlexNet,L2,FaceBased,2,Full,14,0,0,0.005698737
SE-FC-L2_FaceBased_R2.pth,AlexNet,L2,FaceBased,2,Full,15,0,0,0
SE-FC-L2_FaceBased_R2.pth,AlexNet,L2,FaceBased,2,Full,16,0,0,0.005698737
SE-FC-L2_FaceBased_R2.pth,AlexNet,L2,FaceBased,2,Full,17,0,0,0.005698737
SE-FC-L2_FaceBased_R2.pth,AlexNet,L2,FaceBased,2,Full,18,0,0,0.005698737
SE-FC-L2_FaceBased_R2.pth,AlexNet,L2,FaceBased,2,Full,19,0,0,0
SE-FC-L2_FaceBased_R2.pth,AlexNet,L2,FaceBased,2,Full,20,0,0,0.005698737
SE-FC-L2_FaceBased_R2.pth,AlexNet,L2,FaceBased,2,Full,21,0,0,0.005698737
SE-FC-L2_FaceBased_R2.pth,AlexNet,L2,FaceBased,2,M,1,0,0,0
SE-FC-L2_FaceBased_R2.pth,AlexNet,L2,FaceBased,2,M,2,0,0,0
SE-FC-L2_FaceBased_R2.pth,AlexNet,L2,FaceBased,2,M,3,0,0,0
SE-FC-L2_FaceBased_R2.pth,AlexNet,L2,FaceBased,2,M,4,0,0,0
SE-FC-L2_FaceBased_R2.pth,AlexNet,L2,FaceBased,2,M,5,0,0,0
SE-FC-L2_FaceBased_R2.pth,AlexNet,L2,FaceBased,2,M,6,0,0,0
SE-FC-L2_FaceBased_R2.pth,AlexNet,L2,FaceBased,2,M,7,0,0,0
SE-FC-L2_FaceBased_R2.pth,AlexNet,L2,FaceBased,2,M,8,0,0,0
SE-FC-L2_FaceBased_R2.pth,AlexNet,L2,FaceBased,2,M,9,0,0,0
SE-FC-L2_FaceBased_R2.pth,AlexNet,L2,FaceBased,2,M,10,0,0,0
SE-FC-L2_FaceBased_R2.pth,AlexNet,L2,FaceBased,2,M,11,0,0,0
SE-FC-L2_FaceBased_R2.pth,AlexNet,L2,FaceBased,2,M,12,0,0,0
SE-FC-L2_FaceBased_R2.pth,AlexNet,L2,FaceBased,2,M,13,0,0,0
SE-FC-L2_FaceBased_R2.pth,AlexNet,L2,FaceBased,2,M,14,0,0,0
SE-FC-L2_FaceBased_R2.pth,AlexNet,L2,FaceBased,2,M,15,0,0,0
SE-FC-L2_FaceBased_R2.pth,AlexNet,L2,FaceBased,2,M,16,0,0,0
SE-FC-L2_FaceBased_R2.pth,AlexNet,L2,FaceBased,2,M,17,0,0,0
SE-FC-L2_FaceBased_R2.pth,AlexNet,L2,FaceBased,2,M,18,0,0,0
SE-FC-L2_FaceBased_R2.pth,AlexNet,L2,FaceBased,2,M,19,0,0,0
SE-FC-L2_FaceBased_R2.pth,AlexNet,L2,FaceBased,2,M,20,0,0,0
SE-FC-L2_FaceBased_R2.pth,AlexNet,L2,FaceBased,2,M,21,0,0,0
SE-FC-L2_FaceBased_R2.pth,AlexNet,L2,FaceBased,2,N,1,0,0,0.003640211
SE-FC-L2_FaceBased_R2.pth,AlexNet,L2,FaceBased,2,N,2,0,0,0.004322468
SE-FC-L2_FaceBased_R2.pth,AlexNet,L2,FaceBased,2,N,3,0,0,0.003371517
SE-FC-L2_FaceBased_R2.pth,AlexNet,L2,FaceBased,2,N,4,0,0,0.005698737
SE-FC-L2_FaceBased_R2.pth,AlexNet,L2,FaceBased,2,N,5,0,0,0.005698737
SE-FC-L2_FaceBased_R2.pth,AlexNet,L2,FaceBased,2,N,6,0,0,0.004557161
SE-FC-L2_FaceBased_R2.pth,AlexNet,L2,FaceBased,2,N,7,0,0,0.005698737
SE-FC-L2_FaceBased_R2.pth,AlexNet,L2,FaceBased,2,N,8,0,0,0.005698737
SE-FC-L2_FaceBased_R2.pth,AlexNet,L2,FaceBased,2,N,9,0,0.014550994,0.003414799
SE-FC-L2_FaceBased_R2.pth,AlexNet,L2,FaceBased,2,N,10,0,0.028401237,0.001677723
SE-FC-L2_FaceBased_R2.pth,AlexNet,L2,FaceBased,2,N,11,0,0.028494392,0.001910449
SE-FC-L2_FaceBased_R2.pth,AlexNet,L2,FaceBased,2,N,12,0,0.023362562,0.002053949
SE-FC-L2_FaceBased_R2.pth,AlexNet,L2,FaceBased,2,N,13,0,0.031342406,0.001983229
SE-FC-L2_FaceBased_R2.pth,AlexNet,L2,FaceBased,2,N,14,0,0.035684295,0.001458456
SE-FC-L2_FaceBased_R2.pth,AlexNet,L2,FaceBased,2,N,15,0,0.062154729,0.002173849
SE-FC-L2_FaceBased_R2.pth,AlexNet,L2,FaceBased,2,N,16,0,0.025653196,0.003238645
SE-FC-L2_FaceBased_R2.pth,AlexNet,L2,FaceBased,2,N,17,0,0.016800996,0.004683354
SE-FC-L2_FaceBased_R2.pth,AlexNet,L2,FaceBased,2,N,18,0,0,0.005698737
SE-FC-L2_FaceBased_R2.pth,AlexNet,L2,FaceBased,2,N,19,0,0.034994394,0.00156783
SE-FC-L2_FaceBased_R2.pth,AlexNet,L2,FaceBased,2,N,20,0,0.049406923,0.000729205
SE-FC-L2_FaceBased_R2.pth,AlexNet,L2,FaceBased,2,N,21,0,0.103577569,0
SE-FC-L2_ObjectBased_R2.pth,AlexNet,L2,ObjectBased,2,E,1,0.04437856,0.032978222,0.111851856
SE-FC-L2_ObjectBased_R2.pth,AlexNet,L2,ObjectBased,2,E,2,0.045956701,0.034314204,0.113364927
SE-FC-L2_ObjectBased_R2.pth,AlexNet,L2,ObjectBased,2,E,3,0.038228881,0.036683634,0.108188964
SE-FC-L2_ObjectBased_R2.pth,AlexNet,L2,ObjectBased,2,E,4,0.044313747,0.037971415,0.109085098
SE-FC-L2_ObjectBased_R2.pth,AlexNet,L2,ObjectBased,2,E,5,0.039538715,0.036779594,0.108593881
SE-FC-L2_ObjectBased_R2.pth,AlexNet,L2,ObjectBased,2,E,6,0.046588115,0.035094779,0.111665152
SE-FC-L2_ObjectBased_R2.pth,AlexNet,L2,ObjectBased,2,E,7,0.039746091,0.035522182,0.105584659
SE-FC-L2_ObjectBased_R2.pth,AlexNet,L2,ObjectBased,2,E,8,0.03521299,0.032578122,0.109485261
SE-FC-L2_ObjectBased_R2.pth,AlexNet,L2,ObjectBased,2,E,9,0.033665899,0.034828022,0.113605566
SE-FC-L2_ObjectBased_R2.pth,AlexNet,L2,ObjectBased,2,E,10,0.026204748,0.028220864,0.113707833
SE-FC-L2_ObjectBased_R2.pth,AlexNet,L2,ObjectBased,2,E,11,0.034650844,0.025545804,0.119248182
SE-FC-L2_ObjectBased_R2.pth,AlexNet,L2,ObjectBased,2,E,12,0.026940463,0.025085177,0.1137999
SE-FC-L2_ObjectBased_R2.pth,AlexNet,L2,ObjectBased,2,E,13,0.031686008,0.037882887,0.09499763
SE-FC-L2_ObjectBased_R2.pth,AlexNet,L2,ObjectBased,2,E,14,0.032394897,0.032424469,0.096286088
SE-FC-L2_ObjectBased_R2.pth,AlexNet,L2,ObjectBased,2,E,15,0.038274452,0.042870969,0.095544882
SE-FC-L2_ObjectBased_R2.pth,AlexNet,L2,ObjectBased,2,E,16,0.044710029,0.050159227,0.093056828
SE-FC-L2_ObjectBased_R2.pth,AlexNet,L2,ObjectBased,2,E,17,0.043223325,0.040690094,0.103152394
SE-FC-L2_ObjectBased_R2.pth,AlexNet,L2,ObjectBased,2,E,18,0.047984462,0.049413741,0.104509041
SE-FC-L2_ObjectBased_R2.pth,AlexNet,L2,ObjectBased,2,E,19,0.049808357,0.049256451,0.106818847
SE-FC-L2_ObjectBased_R2.pth,AlexNet,L2,ObjectBased,2,E,20,0.05639242,0.053251516,0.11712046
SE-FC-L2_ObjectBased_R2.pth,AlexNet,L2,ObjectBased,2,E,21,0.055301204,0.049057897,0.120671727
SE-FC-L2_ObjectBased_R2.pth,AlexNet,L2,ObjectBased,2,Full,1,0.055204798,0.085966311,0.105708569
SE-FC-L2_ObjectBased_R2.pth,AlexNet,L2,ObjectBased,2,Full,2,0.05454544,0.081133462,0.106661163
SE-FC-L2_ObjectBased_R2.pth,AlexNet,L2,ObjectBased,2,Full,3,0.050568935,0.082580775,0.106563501
SE-FC-L2_ObjectBased_R2.pth,AlexNet,L2,ObjectBased,2,Full,4,0.050685637,0.079788446,0.104661994
SE-FC-L2_ObjectBased_R2.pth,AlexNet,L2,ObjectBased,2,Full,5,0.051499177,0.084732935,0.104086578
SE-FC-L2_ObjectBased_R2.pth,AlexNet,L2,ObjectBased,2,Full,6,0.050588984,0.079778522,0.106377311
SE-FC-L2_ObjectBased_R2.pth,AlexNet,L2,ObjectBased,2,Full,7,0.049732126,0.079259329,0.102639392
SE-FC-L2_ObjectBased_R2.pth,AlexNet,L2,ObjectBased,2,Full,8,0.05235558,0.079589769,0.104010977
SE-FC-L2_ObjectBased_R2.pth,AlexNet,L2,ObjectBased,2,Full,9,0.049268208,0.076336414,0.102842234
SE-FC-L2_ObjectBased_R2.pth,AlexNet,L2,ObjectBased,2,Full,10,0.04749582,0.077565111,0.105718784
SE-FC-L2_ObjectBased_R2.pth,AlexNet,L2,ObjectBased,2,Full,11,0.045797918,0.075433686,0.108074665
SE-FC-L2_ObjectBased_R2.pth,AlexNet,L2,ObjectBased,2,Full,12,0.048009146,0.073303744,0.107071638
SE-FC-L2_ObjectBased_R2.pth,AlexNet,L2,ObjectBased,2,Full,13,0.050547674,0.075295016,0.096302874
SE-FC-L2_ObjectBased_R2.pth,AlexNet,L2,ObjectBased,2,Full,14,0.050910905,0.079816885,0.094571367
SE-FC-L2_ObjectBased_R2.pth,AlexNet,L2,ObjectBased,2,Full,15,0.052207451,0.085964136,0.092827559
SE-FC-L2_ObjectBased_R2.pth,AlexNet,L2,ObjectBased,2,Full,16,0.053099196,0.088491835,0.093251422
SE-FC-L2_ObjectBased_R2.pth,AlexNet,L2,ObjectBased,2,Full,17,0.049029823,0.084393479,0.089359194
SE-FC-L2_ObjectBased_R2.pth,AlexNet,L2,ObjectBased,2,Full,18,0.05051833,0.088722385,0.093097582
SE-FC-L2_ObjectBased_R2.pth,AlexNet,L2,ObjectBased,2,Full,19,0.047552485,0.085425138,0.086264506
SE-FC-L2_ObjectBased_R2.pth,AlexNet,L2,ObjectBased,2,Full,20,0.044114556,0.085005872,0.093318477
SE-FC-L2_ObjectBased_R2.pth,AlexNet,L2,ObjectBased,2,Full,21,0.04953656,0.089233942,0.098075293
SE-FC-L2_ObjectBased_R2.pth,AlexNet,L2,ObjectBased,2,M,1,0.013482316,0.00054774,0.002196325
SE-FC-L2_ObjectBased_R2.pth,AlexNet,L2,ObjectBased,2,M,2,0.020296941,0.007183343,0.004814684
SE-FC-L2_ObjectBased_R2.pth,AlexNet,L2,ObjectBased,2,M,3,0.020813273,0.002087677,0.004431307
SE-FC-L2_ObjectBased_R2.pth,AlexNet,L2,ObjectBased,2,M,4,0.013161901,0.001096141,0.008819603
SE-FC-L2_ObjectBased_R2.pth,AlexNet,L2,ObjectBased,2,M,5,0.037807643,0.006609914,0.015025807
SE-FC-L2_ObjectBased_R2.pth,AlexNet,L2,ObjectBased,2,M,6,0.035093665,0.003145655,0.012038704
SE-FC-L2_ObjectBased_R2.pth,AlexNet,L2,ObjectBased,2,M,7,0.028174696,0.000887754,0.009351797
SE-FC-L2_ObjectBased_R2.pth,AlexNet,L2,ObjectBased,2,M,8,0.040064748,0.006729701,0.014615292
SE-FC-L2_ObjectBased_R2.pth,AlexNet,L2,ObjectBased,2,M,9,0.028424131,0.002288862,0.00945169
SE-FC-L2_ObjectBased_R2.pth,AlexNet,L2,ObjectBased,2,M,10,0.033403203,0.00395574,0.008961086
SE-FC-L2_ObjectBased_R2.pth,AlexNet,L2,ObjectBased,2,M,11,0.049986485,0.010133536,0.010081204
SE-FC-L2_ObjectBased_R2.pth,AlexNet,L2,ObjectBased,2,M,12,0.037275366,0.005863689,0.009588908
SE-FC-L2_ObjectBased_R2.pth,AlexNet,L2,ObjectBased,2,M,13,0.039842039,0.010393798,0.022127673
SE-FC-L2_ObjectBased_R2.pth,AlexNet,L2,ObjectBased,2,M,14,0.027921094,0.010780244,0.009178513
SE-FC-L2_ObjectBased_R2.pth,AlexNet,L2,ObjectBased,2,M,15,0.039050829,0.011296352,0.013500361
SE-FC-L2_ObjectBased_R2.pth,AlexNet,L2,ObjectBased,2,M,16,0.027872134,0.008719392,0.011035641
SE-FC-L2_ObjectBased_R2.pth,AlexNet,L2,ObjectBased,2,M,17,0.032007579,0.009592107,0.01218431
SE-FC-L2_ObjectBased_R2.pth,AlexNet,L2,ObjectBased,2,M,18,0.043411311,0.012240286,0.014349962
SE-FC-L2_ObjectBased_R2.pth,AlexNet,L2,ObjectBased,2,M,19,0.036163386,0.005483096,0.010836247
SE-FC-L2_ObjectBased_R2.pth,AlexNet,L2,ObjectBased,2,M,20,0.030926505,0.01105356,0.005391862
SE-FC-L2_ObjectBased_R2.pth,AlexNet,L2,ObjectBased,2,M,21,0.027961122,0.003929168,0.003479375
SE-FC-L2_ObjectBased_R2.pth,AlexNet,L2,ObjectBased,2,N,1,0.071514018,0.103599526,0.074120097
SE-FC-L2_ObjectBased_R2.pth,AlexNet,L2,ObjectBased,2,N,2,0.068426028,0.10320694,0.067232102
SE-FC-L2_ObjectBased_R2.pth,AlexNet,L2,ObjectBased,2,N,3,0.071312368,0.100423992,0.067660652
SE-FC-L2_ObjectBased_R2.pth,AlexNet,L2,ObjectBased,2,N,4,0.071415491,0.103722848,0.068969108
SE-FC-L2_ObjectBased_R2.pth,AlexNet,L2,ObjectBased,2,N,5,0.077243261,0.10121195,0.064035654
SE-FC-L2_ObjectBased_R2.pth,AlexNet,L2,ObjectBased,2,N,6,0.079857811,0.098083273,0.078031972
SE-FC-L2_ObjectBased_R2.pth,AlexNet,L2,ObjectBased,2,N,7,0.081395149,0.091178648,0.08495342
SE-FC-L2_ObjectBased_R2.pth,AlexNet,L2,ObjectBased,2,N,8,0.087049231,0.09335795,0.082782634
SE-FC-L2_ObjectBased_R2.pth,AlexNet,L2,ObjectBased,2,N,9,0.088426821,0.092289187,0.091258615
SE-FC-L2_ObjectBased_R2.pth,AlexNet,L2,ObjectBased,2,N,10,0.088345282,0.089251652,0.090312652
SE-FC-L2_ObjectBased_R2.pth,AlexNet,L2,ObjectBased,2,N,11,0.085236698,0.089000076,0.089129299
SE-FC-L2_ObjectBased_R2.pth,AlexNet,L2,ObjectBased,2,N,12,0.085279904,0.093847372,0.090431422
SE-FC-L2_ObjectBased_R2.pth,AlexNet,L2,ObjectBased,2,N,13,0.082059853,0.094779558,0.082966238
SE-FC-L2_ObjectBased_R2.pth,AlexNet,L2,ObjectBased,2,N,14,0.088729858,0.088876478,0.087964386
SE-FC-L2_ObjectBased_R2.pth,AlexNet,L2,ObjectBased,2,N,15,0.092600942,0.095030002,0.08694867
SE-FC-L2_ObjectBased_R2.pth,AlexNet,L2,ObjectBased,2,N,16,0.08596345,0.096522301,0.083993614
SE-FC-L2_ObjectBased_R2.pth,AlexNet,L2,ObjectBased,2,N,17,0.085330904,0.094713792,0.081330806
SE-FC-L2_ObjectBased_R2.pth,AlexNet,L2,ObjectBased,2,N,18,0.081530564,0.099644735,0.076773621
SE-FC-L2_ObjectBased_R2.pth,AlexNet,L2,ObjectBased,2,N,19,0.084769182,0.101373032,0.077180661
SE-FC-L2_ObjectBased_R2.pth,AlexNet,L2,ObjectBased,2,N,20,0.077733524,0.088401906,0.078914046
SE-FC-L2_ObjectBased_R2.pth,AlexNet,L2,ObjectBased,2,N,21,0.078701928,0.092002295,0.081894457
SE-FC-L2_FaceBased_R4.pth,AlexNet,L2,FaceBased,4,E,1,0.044339348,0.008286665,0.025839947
SE-FC-L2_FaceBased_R4.pth,AlexNet,L2,FaceBased,4,E,2,0.051521637,0.011387488,0.027993297
SE-FC-L2_FaceBased_R4.pth,AlexNet,L2,FaceBased,4,E,3,0.047298629,0.009641958,0.026487341
SE-FC-L2_FaceBased_R4.pth,AlexNet,L2,FaceBased,4,E,4,0.047262155,0.007802743,0.029568991
SE-FC-L2_FaceBased_R4.pth,AlexNet,L2,FaceBased,4,E,5,0.058464006,0.015411669,0.039078701
SE-FC-L2_FaceBased_R4.pth,AlexNet,L2,FaceBased,4,E,6,0.064964354,0.014819876,0.036494438
SE-FC-L2_FaceBased_R4.pth,AlexNet,L2,FaceBased,4,E,7,0.061499424,0.016187562,0.046596516
SE-FC-L2_FaceBased_R4.pth,AlexNet,L2,FaceBased,4,E,8,0.066127732,0.016504079,0.04667088
SE-FC-L2_FaceBased_R4.pth,AlexNet,L2,FaceBased,4,E,9,0.055452231,0.015906123,0.047888212
SE-FC-L2_FaceBased_R4.pth,AlexNet,L2,FaceBased,4,E,10,0.060604867,0.015884889,0.047127113
SE-FC-L2_FaceBased_R4.pth,AlexNet,L2,FaceBased,4,E,11,0.054943703,0.017201366,0.044224508
SE-FC-L2_FaceBased_R4.pth,AlexNet,L2,FaceBased,4,E,12,0.066796347,0.014944226,0.05124921
SE-FC-L2_FaceBased_R4.pth,AlexNet,L2,FaceBased,4,E,13,0.059566043,0.012938339,0.055380717
SE-FC-L2_FaceBased_R4.pth,AlexNet,L2,FaceBased,4,E,14,0.063255616,0.01223218,0.052899182
SE-FC-L2_FaceBased_R4.pth,AlexNet,L2,FaceBased,4,E,15,0.052605845,0.012704213,0.048945218
SE-FC-L2_FaceBased_R4.pth,AlexNet,L2,FaceBased,4,E,16,0.057249732,0.014249734,0.045652203
SE-FC-L2_FaceBased_R4.pth,AlexNet,L2,FaceBased,4,E,17,0.055624925,0.013773573,0.048307355
SE-FC-L2_FaceBased_R4.pth,AlexNet,L2,FaceBased,4,E,18,0.051401984,0.010723127,0.052887265
SE-FC-L2_FaceBased_R4.pth,AlexNet,L2,FaceBased,4,E,19,0.047095265,0.009757815,0.050069764
SE-FC-L2_FaceBased_R4.pth,AlexNet,L2,FaceBased,4,E,20,0.056155276,0.013436419,0.042975228
SE-FC-L2_FaceBased_R4.pth,AlexNet,L2,FaceBased,4,E,21,0.060553789,0.015480959,0.03817749
SE-FC-L2_FaceBased_R4.pth,AlexNet,L2,FaceBased,4,Full,1,0.036827706,0.033801962,0.060561154
SE-FC-L2_FaceBased_R4.pth,AlexNet,L2,FaceBased,4,Full,2,0.035292573,0.030482266,0.053338937
SE-FC-L2_FaceBased_R4.pth,AlexNet,L2,FaceBased,4,Full,3,0.032728411,0.030062452,0.058625668
SE-FC-L2_FaceBased_R4.pth,AlexNet,L2,FaceBased,4,Full,4,0.034161281,0.035889808,0.071377471
SE-FC-L2_FaceBased_R4.pth,AlexNet,L2,FaceBased,4,Full,5,0.035439648,0.035555705,0.069045305
SE-FC-L2_FaceBased_R4.pth,AlexNet,L2,FaceBased,4,Full,6,0.030598648,0.028384743,0.064248584
SE-FC-L2_FaceBased_R4.pth,AlexNet,L2,FaceBased,4,Full,7,0.029243557,0.029176919,0.063087545
SE-FC-L2_FaceBased_R4.pth,AlexNet,L2,FaceBased,4,Full,8,0.029640567,0.027581427,0.065468423
SE-FC-L2_FaceBased_R4.pth,AlexNet,L2,FaceBased,4,Full,9,0.030975433,0.03426015,0.068458453
SE-FC-L2_FaceBased_R4.pth,AlexNet,L2,FaceBased,4,Full,10,0.033512529,0.042503364,0.076938547
SE-FC-L2_FaceBased_R4.pth,AlexNet,L2,FaceBased,4,Full,11,0.030017214,0.035374429,0.071487948
SE-FC-L2_FaceBased_R4.pth,AlexNet,L2,FaceBased,4,Full,12,0.029425198,0.034638841,0.07151752
SE-FC-L2_FaceBased_R4.pth,AlexNet,L2,FaceBased,4,Full,13,0.028107351,0.031114841,0.069543362
SE-FC-L2_FaceBased_R4.pth,AlexNet,L2,FaceBased,4,Full,14,0.028836163,0.031510718,0.071786977
SE-FC-L2_FaceBased_R4.pth,AlexNet,L2,FaceBased,4,Full,15,0.029602274,0.035887156,0.076558143
SE-FC-L2_FaceBased_R4.pth,AlexNet,L2,FaceBased,4,Full,16,0.027095532,0.029955933,0.073556781
SE-FC-L2_FaceBased_R4.pth,AlexNet,L2,FaceBased,4,Full,17,0.02553718,0.032089517,0.076056741
SE-FC-L2_FaceBased_R4.pth,AlexNet,L2,FaceBased,4,Full,18,0.026145892,0.031663753,0.06865783
SE-FC-L2_FaceBased_R4.pth,AlexNet,L2,FaceBased,4,Full,19,0.027330276,0.031191414,0.063403875
SE-FC-L2_FaceBased_R4.pth,AlexNet,L2,FaceBased,4,Full,20,0.024505725,0.032398444,0.061475974
SE-FC-L2_FaceBased_R4.pth,AlexNet,L2,FaceBased,4,Full,21,0.025068246,0.028071487,0.054319825
SE-FC-L2_FaceBased_R4.pth,AlexNet,L2,FaceBased,4,M,1,0.047362104,0.089585826,0.053839326
SE-FC-L2_FaceBased_R4.pth,AlexNet,L2,FaceBased,4,M,2,0.042116895,0.088754006,0.041263331
SE-FC-L2_FaceBased_R4.pth,AlexNet,L2,FaceBased,4,M,3,0.040828459,0.087159969,0.04734125
SE-FC-L2_FaceBased_R4.pth,AlexNet,L2,FaceBased,4,M,4,0.040411867,0.093762584,0.030140081
SE-FC-L2_FaceBased_R4.pth,AlexNet,L2,FaceBased,4,M,5,0.032694161,0.090111755,0.048570666
SE-FC-L2_FaceBased_R4.pth,AlexNet,L2,FaceBased,4,M,6,0.036532365,0.089497045,0.027989335
SE-FC-L2_FaceBased_R4.pth,AlexNet,L2,FaceBased,4,M,7,0.040013611,0.093004689,0.039345101
SE-FC-L2_FaceBased_R4.pth,AlexNet,L2,FaceBased,4,M,8,0.035718963,0.092714675,0.024213972
SE-FC-L2_FaceBased_R4.pth,AlexNet,L2,FaceBased,4,M,9,0.036952414,0.09387847,0.049936879
SE-FC-L2_FaceBased_R4.pth,AlexNet,L2,FaceBased,4,M,10,0.031857435,0.098190092,0.035007309
SE-FC-L2_FaceBased_R4.pth,AlexNet,L2,FaceBased,4,M,11,0.034497231,0.09946733,0.04419383
SE-FC-L2_FaceBased_R4.pth,AlexNet,L2,FaceBased,4,M,12,0.02979398,0.094228171,0.035946812
SE-FC-L2_FaceBased_R4.pth,AlexNet,L2,FaceBased,4,M,13,0.031643048,0.089673482,0.049303699
SE-FC-L2_FaceBased_R4.pth,AlexNet,L2,FaceBased,4,M,14,0.03068007,0.093988523,0.040662028
SE-FC-L2_FaceBased_R4.pth,AlexNet,L2,FaceBased,4,M,15,0.033608612,0.082534648,0.044990897
SE-FC-L2_FaceBased_R4.pth,AlexNet,L2,FaceBased,4,M,16,0.035512473,0.096997373,0.057733018
SE-FC-L2_FaceBased_R4.pth,AlexNet,L2,FaceBased,4,M,17,0.033358194,0.090740964,0.059618454
SE-FC-L2_FaceBased_R4.pth,AlexNet,L2,FaceBased,4,M,18,0.035278395,0.094067283,0.062478844
SE-FC-L2_FaceBased_R4.pth,AlexNet,L2,FaceBased,4,M,19,0.032995816,0.097669981,0.049178287
SE-FC-L2_FaceBased_R4.pth,AlexNet,L2,FaceBased,4,M,20,0.03155297,0.099410638,0.048471145
SE-FC-L2_FaceBased_R4.pth,AlexNet,L2,FaceBased,4,M,21,0.035843343,0.098977119,0.055792615
SE-FC-L2_FaceBased_R4.pth,AlexNet,L2,FaceBased,4,N,1,0.095030226,0.050542239,0.039683513
SE-FC-L2_FaceBased_R4.pth,AlexNet,L2,FaceBased,4,N,2,0.092313901,0.061812345,0.048238419
SE-FC-L2_FaceBased_R4.pth,AlexNet,L2,FaceBased,4,N,3,0.086066253,0.053273868,0.045907028
SE-FC-L2_FaceBased_R4.pth,AlexNet,L2,FaceBased,4,N,4,0.089001805,0.048458189,0.046143398
SE-FC-L2_FaceBased_R4.pth,AlexNet,L2,FaceBased,4,N,5,0.090112954,0.053310078,0.043650635
SE-FC-L2_FaceBased_R4.pth,AlexNet,L2,FaceBased,4,N,6,0.087689519,0.061185393,0.051650628
SE-FC-L2_FaceBased_R4.pth,AlexNet,L2,FaceBased,4,N,7,0.086113542,0.062413871,0.053707168
SE-FC-L2_FaceBased_R4.pth,AlexNet,L2,FaceBased,4,N,8,0.081477717,0.056002457,0.057371657
SE-FC-L2_FaceBased_R4.pth,AlexNet,L2,FaceBased,4,N,9,0.073835835,0.063790306,0.067110635
SE-FC-L2_FaceBased_R4.pth,AlexNet,L2,FaceBased,4,N,10,0.06246325,0.05137004,0.063533336
SE-FC-L2_FaceBased_R4.pth,AlexNet,L2,FaceBased,4,N,11,0.061925609,0.056514159,0.064197533
SE-FC-L2_FaceBased_R4.pth,AlexNet,L2,FaceBased,4,N,12,0.061639935,0.054489754,0.056624148
SE-FC-L2_FaceBased_R4.pth,AlexNet,L2,FaceBased,4,N,13,0.059283771,0.065433241,0.064179629
SE-FC-L2_FaceBased_R4.pth,AlexNet,L2,FaceBased,4,N,14,0.057462391,0.052432314,0.059661098
SE-FC-L2_FaceBased_R4.pth,AlexNet,L2,FaceBased,4,N,15,0.058754947,0.048456587,0.05334609
SE-FC-L2_FaceBased_R4.pth,AlexNet,L2,FaceBased,4,N,16,0.051129635,0.041015286,0.048616376
SE-FC-L2_FaceBased_R4.pth,AlexNet,L2,FaceBased,4,N,17,0.046419386,0.038733043,0.044962708
SE-FC-L2_FaceBased_R4.pth,AlexNet,L2,FaceBased,4,N,18,0.05164225,0.043101147,0.046584699
SE-FC-L2_FaceBased_R4.pth,AlexNet,L2,FaceBased,4,N,19,0.046934426,0.041226238,0.049539257
SE-FC-L2_FaceBased_R4.pth,AlexNet,L2,FaceBased,4,N,20,0.049628712,0.061977495,0.052532062
SE-FC-L2_FaceBased_R4.pth,AlexNet,L2,FaceBased,4,N,21,0.048492789,0.048406541,0.045085147
SE-FC-L2_ObjectBased_R4.pth,AlexNet,L2,ObjectBased,4,E,1,0.079523548,0.082252644,0.062272694
SE-FC-L2_ObjectBased_R4.pth,AlexNet,L2,ObjectBased,4,E,2,0.078551956,0.082408816,0.064024352
SE-FC-L2_ObjectBased_R4.pth,AlexNet,L2,ObjectBased,4,E,3,0.079877123,0.084152564,0.064842284
SE-FC-L2_ObjectBased_R4.pth,AlexNet,L2,ObjectBased,4,E,4,0.076182939,0.08326301,0.066484898
SE-FC-L2_ObjectBased_R4.pth,AlexNet,L2,ObjectBased,4,E,5,0.076545075,0.080764093,0.066715546
SE-FC-L2_ObjectBased_R4.pth,AlexNet,L2,ObjectBased,4,E,6,0.076735951,0.08111944,0.067028373
SE-FC-L2_ObjectBased_R4.pth,AlexNet,L2,ObjectBased,4,E,7,0.056941424,0.024137776,0.085439622
SE-FC-L2_ObjectBased_R4.pth,AlexNet,L2,ObjectBased,4,E,8,0.053733956,0.021426203,0.089990221
SE-FC-L2_ObjectBased_R4.pth,AlexNet,L2,ObjectBased,4,E,9,0.054877572,0.020399973,0.087683283
SE-FC-L2_ObjectBased_R4.pth,AlexNet,L2,ObjectBased,4,E,10,0.05696398,0.030109623,0.086123884
SE-FC-L2_ObjectBased_R4.pth,AlexNet,L2,ObjectBased,4,E,11,0.060272984,0.0250606,0.083569452
SE-FC-L2_ObjectBased_R4.pth,AlexNet,L2,ObjectBased,4,E,12,0.06495174,0.034045544,0.077703126
SE-FC-L2_ObjectBased_R4.pth,AlexNet,L2,ObjectBased,4,E,13,0.049172875,0.030879764,0.082383208
SE-FC-L2_ObjectBased_R4.pth,AlexNet,L2,ObjectBased,4,E,14,0.045013271,0.019329935,0.074802436
SE-FC-L2_ObjectBased_R4.pth,AlexNet,L2,ObjectBased,4,E,15,0.042703629,0.010878846,0.073381849
SE-FC-L2_ObjectBased_R4.pth,AlexNet,L2,ObjectBased,4,E,16,0.039051108,0.018326573,0.066351347
SE-FC-L2_ObjectBased_R4.pth,AlexNet,L2,ObjectBased,4,E,17,0.05062208,0.015775256,0.067953825
SE-FC-L2_ObjectBased_R4.pth,AlexNet,L2,ObjectBased,4,E,18,0.056845862,0.016090175,0.070175961
SE-FC-L2_ObjectBased_R4.pth,AlexNet,L2,ObjectBased,4,E,19,0.053744361,0.014658258,0.070954658
SE-FC-L2_ObjectBased_R4.pth,AlexNet,L2,ObjectBased,4,E,20,0.058715008,0.038361572,0.07190606
SE-FC-L2_ObjectBased_R4.pth,AlexNet,L2,ObjectBased,4,E,21,0.085525811,0.077396333,0.068658099
SE-FC-L2_ObjectBased_R4.pth,AlexNet,L2,ObjectBased,4,Full,1,0.036679562,0.042148091,0.078694008
SE-FC-L2_ObjectBased_R4.pth,AlexNet,L2,ObjectBased,4,Full,2,0.042310514,0.046132933,0.077212662
SE-FC-L2_ObjectBased_R4.pth,AlexNet,L2,ObjectBased,4,Full,3,0.026214261,0.034547336,0.072245449
SE-FC-L2_ObjectBased_R4.pth,AlexNet,L2,ObjectBased,4,Full,4,0.041224055,0.040249627,0.076649368
SE-FC-L2_ObjectBased_R4.pth,AlexNet,L2,ObjectBased,4,Full,5,0.037657149,0.03952761,0.081699751
SE-FC-L2_ObjectBased_R4.pth,AlexNet,L2,ObjectBased,4,Full,6,0.039439742,0.045456477,0.075099491
SE-FC-L2_ObjectBased_R4.pth,AlexNet,L2,ObjectBased,4,Full,7,0.045781884,0.053931925,0.074136138
SE-FC-L2_ObjectBased_R4.pth,AlexNet,L2,ObjectBased,4,Full,8,0.033859532,0.034749713,0.078835957
SE-FC-L2_ObjectBased_R4.pth,AlexNet,L2,ObjectBased,4,Full,9,0.038124885,0.039155256,0.083772033
SE-FC-L2_ObjectBased_R4.pth,AlexNet,L2,ObjectBased,4,Full,10,0.040863831,0.037112303,0.076838143
SE-FC-L2_ObjectBased_R4.pth,AlexNet,L2,ObjectBased,4,Full,11,0.033436168,0.038961142,0.077374451
SE-FC-L2_ObjectBased_R4.pth,AlexNet,L2,ObjectBased,4,Full,12,0.038925081,0.043249562,0.077350952
SE-FC-L2_ObjectBased_R4.pth,AlexNet,L2,ObjectBased,4,Full,13,0.041201781,0.04966832,0.080252334
SE-FC-L2_ObjectBased_R4.pth,AlexNet,L2,ObjectBased,4,Full,14,0.034139559,0.046308827,0.082259715
SE-FC-L2_ObjectBased_R4.pth,AlexNet,L2,ObjectBased,4,Full,15,0.039224468,0.058791161,0.072168417
SE-FC-L2_ObjectBased_R4.pth,AlexNet,L2,ObjectBased,4,Full,16,0.030699465,0.060916789,0.069201149
SE-FC-L2_ObjectBased_R4.pth,AlexNet,L2,ObjectBased,4,Full,17,0.031399641,0.060696613,0.068083897
SE-FC-L2_ObjectBased_R4.pth,AlexNet,L2,ObjectBased,4,Full,18,0.0436683,0.063873716,0.076931134
SE-FC-L2_ObjectBased_R4.pth,AlexNet,L2,ObjectBased,4,Full,19,0.039504744,0.068726785,0.074233092
SE-FC-L2_ObjectBased_R4.pth,AlexNet,L2,ObjectBased,4,Full,20,0.049234018,0.072200879,0.079419978
SE-FC-L2_ObjectBased_R4.pth,AlexNet,L2,ObjectBased,4,Full,21,0.054647587,0.07843937,0.082973771
SE-FC-L2_ObjectBased_R4.pth,AlexNet,L2,ObjectBased,4,M,1,0.052470341,0.04906239,0.124900207
SE-FC-L2_ObjectBased_R4.pth,AlexNet,L2,ObjectBased,4,M,2,0.050763894,0.049658261,0.119210668
SE-FC-L2_ObjectBased_R4.pth,AlexNet,L2,ObjectBased,4,M,3,0.05225683,0.049989201,0.122074485
SE-FC-L2_ObjectBased_R4.pth,AlexNet,L2,ObjectBased,4,M,4,0.057295714,0.055540156,0.118884817
SE-FC-L2_ObjectBased_R4.pth,AlexNet,L2,ObjectBased,4,M,5,0.047236469,0.04405557,0.120238759
SE-FC-L2_ObjectBased_R4.pth,AlexNet,L2,ObjectBased,4,M,6,0.056135654,0.049750566,0.111820221
SE-FC-L2_ObjectBased_R4.pth,AlexNet,L2,ObjectBased,4,M,7,0.051995423,0.04897349,0.117160618
SE-FC-L2_ObjectBased_R4.pth,AlexNet,L2,ObjectBased,4,M,8,0.054474667,0.048124,0.117323026
SE-FC-L2_ObjectBased_R4.pth,AlexNet,L2,ObjectBased,4,M,9,0.059056338,0.052090611,0.124151438
SE-FC-L2_ObjectBased_R4.pth,AlexNet,L2,ObjectBased,4,M,10,0.041744508,0.037770431,0.131389245
SE-FC-L2_ObjectBased_R4.pth,AlexNet,L2,ObjectBased,4,M,11,0.045007184,0.041602228,0.132098824
SE-FC-L2_ObjectBased_R4.pth,AlexNet,L2,ObjectBased,4,M,12,0.046667326,0.043121401,0.133481115
SE-FC-L2_ObjectBased_R4.pth,AlexNet,L2,ObjectBased,4,M,13,0.04491296,0.046269309,0.128823325
SE-FC-L2_ObjectBased_R4.pth,AlexNet,L2,ObjectBased,4,M,14,0.051553648,0.051595725,0.130239829
SE-FC-L2_ObjectBased_R4.pth,AlexNet,L2,ObjectBased,4,M,15,0.052941263,0.053707514,0.128566995
SE-FC-L2_ObjectBased_R4.pth,AlexNet,L2,ObjectBased,4,M,16,0.076199897,0.078100577,0.093100265
SE-FC-L2_ObjectBased_R4.pth,AlexNet,L2,ObjectBased,4,M,17,0.03679996,0.04793372,0.13541986
SE-FC-L2_ObjectBased_R4.pth,AlexNet,L2,ObjectBased,4,M,18,0.076934338,0.074145533,0.095086277
SE-FC-L2_ObjectBased_R4.pth,AlexNet,L2,ObjectBased,4,M,19,0.080532841,0.074553929,0.094802305
SE-FC-L2_ObjectBased_R4.pth,AlexNet,L2,ObjectBased,4,M,20,0.026781805,0.046376891,0.129599109
SE-FC-L2_ObjectBased_R4.pth,AlexNet,L2,ObjectBased,4,M,21,0.028939119,0.044020172,0.134569928
SE-FC-L2_ObjectBased_R4.pth,AlexNet,L2,ObjectBased,4,N,1,0.033164874,0.070957817,0.09496583
SE-FC-L2_ObjectBased_R4.pth,AlexNet,L2,ObjectBased,4,N,2,0.018297516,0.055822134,0.083881684
SE-FC-L2_ObjectBased_R4.pth,AlexNet,L2,ObjectBased,4,N,3,0.019602023,0.070382573,0.081712708
SE-FC-L2_ObjectBased_R4.pth,AlexNet,L2,ObjectBased,4,N,4,0.021610731,0.058116414,0.075337343
SE-FC-L2_ObjectBased_R4.pth,AlexNet,L2,ObjectBased,4,N,5,0.024943946,0.051530182,0.070481196
SE-FC-L2_ObjectBased_R4.pth,AlexNet,L2,ObjectBased,4,N,6,0.013165553,0.038269117,0.08167468
SE-FC-L2_ObjectBased_R4.pth,AlexNet,L2,ObjectBased,4,N,7,0.031011876,0.075813659,0.094768994
SE-FC-L2_ObjectBased_R4.pth,AlexNet,L2,ObjectBased,4,N,8,0.034810618,0.08087077,0.085909002
SE-FC-L2_ObjectBased_R4.pth,AlexNet,L2,ObjectBased,4,N,9,0.01735249,0.064305045,0.080133341
SE-FC-L2_ObjectBased_R4.pth,AlexNet,L2,ObjectBased,4,N,10,0.0297508,0.080767579,0.078441322
SE-FC-L2_ObjectBased_R4.pth,AlexNet,L2,ObjectBased,4,N,11,0.023668749,0.087337695,0.071500428
SE-FC-L2_ObjectBased_R4.pth,AlexNet,L2,ObjectBased,4,N,12,0.027770387,0.09409155,0.077632964
SE-FC-L2_ObjectBased_R4.pth,AlexNet,L2,ObjectBased,4,N,13,0.018312827,0.089361519,0.064565621
SE-FC-L2_ObjectBased_R4.pth,AlexNet,L2,ObjectBased,4,N,14,0.010107365,0.082467616,0.057365816
SE-FC-L2_ObjectBased_R4.pth,AlexNet,L2,ObjectBased,4,N,15,0.00805402,0.073698848,0.054988392
SE-FC-L2_ObjectBased_R4.pth,AlexNet,L2,ObjectBased,4,N,16,0.010722307,0.072759792,0.061863087
SE-FC-L2_ObjectBased_R4.pth,AlexNet,L2,ObjectBased,4,N,17,0.009501731,0.055439267,0.054184355
SE-FC-L2_ObjectBased_R4.pth,AlexNet,L2,ObjectBased,4,N,18,0.011527587,0.059255198,0.058318928
SE-FC-L2_ObjectBased_R4.pth,AlexNet,L2,ObjectBased,4,N,19,0.006428704,0.065006949,0.059238523
SE-FC-L2_ObjectBased_R4.pth,AlexNet,L2,ObjectBased,4,N,20,0.011473343,0.094655648,0.06530375
SE-FC-L2_ObjectBased_R4.pth,AlexNet,L2,ObjectBased,4,N,21,0.016765773,0.097351417,0.062373154
SE-FC-L2_FaceBased_R8.pth,AlexNet,L2,FaceBased,8,E,1,0.092230864,0.069745712,0.048570618
SE-FC-L2_FaceBased_R8.pth,AlexNet,L2,FaceBased,8,E,2,0.092768967,0.064649567,0.045377616
SE-FC-L2_FaceBased_R8.pth,AlexNet,L2,FaceBased,8,E,3,0.091413781,0.045641039,0.049665712
SE-FC-L2_FaceBased_R8.pth,AlexNet,L2,FaceBased,8,E,4,0.081867561,0.046680059,0.043246012
SE-FC-L2_FaceBased_R8.pth,AlexNet,L2,FaceBased,8,E,5,0.094596811,0.053037368,0.045816161
SE-FC-L2_FaceBased_R8.pth,AlexNet,L2,FaceBased,8,E,6,0.093687378,0.046024211,0.042215165
SE-FC-L2_FaceBased_R8.pth,AlexNet,L2,FaceBased,8,E,7,0.113339096,0.044695035,0.046167918
SE-FC-L2_FaceBased_R8.pth,AlexNet,L2,FaceBased,8,E,8,0.119669862,0.037215102,0.042409722
SE-FC-L2_FaceBased_R8.pth,AlexNet,L2,FaceBased,8,E,9,0.112217538,0.036500033,0.045318887
SE-FC-L2_FaceBased_R8.pth,AlexNet,L2,FaceBased,8,E,10,0.112386085,0.021105826,0.045650829
SE-FC-L2_FaceBased_R8.pth,AlexNet,L2,FaceBased,8,E,11,0.101392001,0.004792713,0.030676039
SE-FC-L2_FaceBased_R8.pth,AlexNet,L2,FaceBased,8,E,12,0.100394465,0.013614675,0.037099361
SE-FC-L2_FaceBased_R8.pth,AlexNet,L2,FaceBased,8,E,13,0.098392025,0.034790751,0.070671804
SE-FC-L2_FaceBased_R8.pth,AlexNet,L2,FaceBased,8,E,14,0.106119558,0.028393716,0.06949801
SE-FC-L2_FaceBased_R8.pth,AlexNet,L2,FaceBased,8,E,15,0.111457989,0.046249762,0.065819211
SE-FC-L2_FaceBased_R8.pth,AlexNet,L2,FaceBased,8,E,16,0.143685997,0.051724438,0.071748503
SE-FC-L2_FaceBased_R8.pth,AlexNet,L2,FaceBased,8,E,17,0.103280336,0.066313148,0.074955001
SE-FC-L2_FaceBased_R8.pth,AlexNet,L2,FaceBased,8,E,18,0.116858438,0.039190631,0.078670092
SE-FC-L2_FaceBased_R8.pth,AlexNet,L2,FaceBased,8,E,19,0.149517506,0.029471831,0.053986225
SE-FC-L2_FaceBased_R8.pth,AlexNet,L2,FaceBased,8,E,20,0.12953791,0.0514584,0.058757417
SE-FC-L2_FaceBased_R8.pth,AlexNet,L2,FaceBased,8,E,21,0.11318811,0.042264607,0.044421207
SE-FC-L2_FaceBased_R8.pth,AlexNet,L2,FaceBased,8,Full,1,0.080453619,0.089327954,0.030895455
SE-FC-L2_FaceBased_R8.pth,AlexNet,L2,FaceBased,8,Full,2,0.081987165,0.088821739,0.030539654
SE-FC-L2_FaceBased_R8.pth,AlexNet,L2,FaceBased,8,Full,3,0.087285437,0.092355981,0.029192347
SE-FC-L2_FaceBased_R8.pth,AlexNet,L2,FaceBased,8,Full,4,0.084315524,0.084935188,0.045012821
SE-FC-L2_FaceBased_R8.pth,AlexNet,L2,FaceBased,8,Full,5,0.092393667,0.096530147,0.043819591
SE-FC-L2_FaceBased_R8.pth,AlexNet,L2,FaceBased,8,Full,6,0.093866922,0.090376548,0.037988827
SE-FC-L2_FaceBased_R8.pth,AlexNet,L2,FaceBased,8,Full,7,0.101690426,0.098140284,0.048619747
SE-FC-L2_FaceBased_R8.pth,AlexNet,L2,FaceBased,8,Full,8,0.097509272,0.101984076,0.045243636
SE-FC-L2_FaceBased_R8.pth,AlexNet,L2,FaceBased,8,Full,9,0.095672712,0.09897992,0.051607061
SE-FC-L2_FaceBased_R8.pth,AlexNet,L2,FaceBased,8,Full,10,0.104788713,0.101609528,0.038929425
SE-FC-L2_FaceBased_R8.pth,AlexNet,L2,FaceBased,8,Full,11,0.091021933,0.101435542,0.052346241
SE-FC-L2_FaceBased_R8.pth,AlexNet,L2,FaceBased,8,Full,12,0.090993524,0.099262848,0.055413947
SE-FC-L2_FaceBased_R8.pth,AlexNet,L2,FaceBased,8,Full,13,0.097490683,0.100407451,0.060443364
SE-FC-L2_FaceBased_R8.pth,AlexNet,L2,FaceBased,8,Full,14,0.098980255,0.101890884,0.058172099
SE-FC-L2_FaceBased_R8.pth,AlexNet,L2,FaceBased,8,Full,15,0.105787292,0.099007338,0.062297691
SE-FC-L2_FaceBased_R8.pth,AlexNet,L2,FaceBased,8,Full,16,0.110802457,0.097460322,0.04714486
SE-FC-L2_FaceBased_R8.pth,AlexNet,L2,FaceBased,8,Full,17,0.111763373,0.101856589,0.05475311
SE-FC-L2_FaceBased_R8.pth,AlexNet,L2,FaceBased,8,Full,18,0.098505922,0.097842768,0.042110257
SE-FC-L2_FaceBased_R8.pth,AlexNet,L2,FaceBased,8,Full,19,0.107377216,0.110435136,0.044535335
SE-FC-L2_FaceBased_R8.pth,AlexNet,L2,FaceBased,8,Full,20,0.115878247,0.126976162,0.040167008
SE-FC-L2_FaceBased_R8.pth,AlexNet,L2,FaceBased,8,Full,21,0.125248447,0.108307563,0.025284855
SE-FC-L2_FaceBased_R8.pth,AlexNet,L2,FaceBased,8,M,1,0.063155554,0.098218262,0.015491047
SE-FC-L2_FaceBased_R8.pth,AlexNet,L2,FaceBased,8,M,2,0.058753934,0.116459846,0.010950902
SE-FC-L2_FaceBased_R8.pth,AlexNet,L2,FaceBased,8,M,3,0.063862756,0.097253799,0.013018842
SE-FC-L2_FaceBased_R8.pth,AlexNet,L2,FaceBased,8,M,4,0.06362652,0.094863489,0.036635067
SE-FC-L2_FaceBased_R8.pth,AlexNet,L2,FaceBased,8,M,5,0.057238601,0.090535969,0.018580507
SE-FC-L2_FaceBased_R8.pth,AlexNet,L2,FaceBased,8,M,6,0.068437561,0.091796279,0.016600249
SE-FC-L2_FaceBased_R8.pth,AlexNet,L2,FaceBased,8,M,7,0.071326323,0.0855349,0.024344714
SE-FC-L2_FaceBased_R8.pth,AlexNet,L2,FaceBased,8,M,8,0.077085465,0.082458645,0.035605405
SE-FC-L2_FaceBased_R8.pth,AlexNet,L2,FaceBased,8,M,9,0.07519041,0.092438921,0.031867657
SE-FC-L2_FaceBased_R8.pth,AlexNet,L2,FaceBased,8,M,10,0.078742869,0.090432219,0.040277526
SE-FC-L2_FaceBased_R8.pth,AlexNet,L2,FaceBased,8,M,11,0.067511424,0.095701508,0.034169015
SE-FC-L2_FaceBased_R8.pth,AlexNet,L2,FaceBased,8,M,12,0.080263615,0.107270941,0.022807546
SE-FC-L2_FaceBased_R8.pth,AlexNet,L2,FaceBased,8,M,13,0.085194178,0.093967304,0.023946004
SE-FC-L2_FaceBased_R8.pth,AlexNet,L2,FaceBased,8,M,14,0.095376737,0.093277015,0.025590058
SE-FC-L2_FaceBased_R8.pth,AlexNet,L2,FaceBased,8,M,15,0.089617908,0.089319952,0.013907785
SE-FC-L2_FaceBased_R8.pth,AlexNet,L2,FaceBased,8,M,16,0.066201083,0.070285857,0.009774921
SE-FC-L2_FaceBased_R8.pth,AlexNet,L2,FaceBased,8,M,17,0.079838894,0.087876245,0.005277185
SE-FC-L2_FaceBased_R8.pth,AlexNet,L2,FaceBased,8,M,18,0.074081361,0.065306365,0.006410948
SE-FC-L2_FaceBased_R8.pth,AlexNet,L2,FaceBased,8,M,19,0.084108576,0.103114948,0.004826962
SE-FC-L2_FaceBased_R8.pth,AlexNet,L2,FaceBased,8,M,20,0.076071113,0.083646603,0.006548164
SE-FC-L2_FaceBased_R8.pth,AlexNet,L2,FaceBased,8,M,21,0.082369052,0.069852822,0.006250567
SE-FC-L2_FaceBased_R8.pth,AlexNet,L2,FaceBased,8,N,1,0.090200551,0.041521475,0.024312176
SE-FC-L2_FaceBased_R8.pth,AlexNet,L2,FaceBased,8,N,2,0.083361417,0.037273876,0.018823391
SE-FC-L2_FaceBased_R8.pth,AlexNet,L2,FaceBased,8,N,3,0.095049478,0.053305771,0.031774804
SE-FC-L2_FaceBased_R8.pth,AlexNet,L2,FaceBased,8,N,4,0.084901102,0.051845849,0.029506605
SE-FC-L2_FaceBased_R8.pth,AlexNet,L2,FaceBased,8,N,5,0.090957142,0.054450646,0.033874173
SE-FC-L2_FaceBased_R8.pth,AlexNet,L2,FaceBased,8,N,6,0.089318775,0.055018336,0.041701067
SE-FC-L2_FaceBased_R8.pth,AlexNet,L2,FaceBased,8,N,7,0.088021934,0.057018291,0.04580095
SE-FC-L2_FaceBased_R8.pth,AlexNet,L2,FaceBased,8,N,8,0.094950728,0.05783651,0.039683376
SE-FC-L2_FaceBased_R8.pth,AlexNet,L2,FaceBased,8,N,9,0.087566212,0.052721489,0.041947111
SE-FC-L2_FaceBased_R8.pth,AlexNet,L2,FaceBased,8,N,10,0.089212313,0.048393443,0.038901728
SE-FC-L2_FaceBased_R8.pth,AlexNet,L2,FaceBased,8,N,11,0.086809888,0.056068253,0.050593711
SE-FC-L2_FaceBased_R8.pth,AlexNet,L2,FaceBased,8,N,12,0.089311212,0.062840126,0.054085582
SE-FC-L2_FaceBased_R8.pth,AlexNet,L2,FaceBased,8,N,13,0.091728233,0.05409167,0.050692193
SE-FC-L2_FaceBased_R8.pth,AlexNet,L2,FaceBased,8,N,14,0.097003087,0.053631797,0.045317676
SE-FC-L2_FaceBased_R8.pth,AlexNet,L2,FaceBased,8,N,15,0.101819858,0.052520528,0.053015277
SE-FC-L2_FaceBased_R8.pth,AlexNet,L2,FaceBased,8,N,16,0.098011896,0.057586007,0.056202278
SE-FC-L2_FaceBased_R8.pth,AlexNet,L2,FaceBased,8,N,17,0.103437342,0.050405774,0.050618034
SE-FC-L2_FaceBased_R8.pth,AlexNet,L2,FaceBased,8,N,18,0.095021665,0.054744478,0.044630229
SE-FC-L2_FaceBased_R8.pth,AlexNet,L2,FaceBased,8,N,19,0.096615031,0.05387345,0.046003923
SE-FC-L2_FaceBased_R8.pth,AlexNet,L2,FaceBased,8,N,20,0.109074198,0.04715817,0.046711467
SE-FC-L2_FaceBased_R8.pth,AlexNet,L2,FaceBased,8,N,21,0.109304234,0.050698746,0.03938112
SE-FC-L2_ObjectBased_R8.pth,AlexNet,L2,ObjectBased,8,E,1,0.022401657,0.127645731,0.012306197
SE-FC-L2_ObjectBased_R8.pth,AlexNet,L2,ObjectBased,8,E,2,0.01855216,0.129110634,0.011148002
SE-FC-L2_ObjectBased_R8.pth,AlexNet,L2,ObjectBased,8,E,3,0.015478145,0.139376819,0.005519653
SE-FC-L2_ObjectBased_R8.pth,AlexNet,L2,ObjectBased,8,E,4,0.024911471,0.140380085,0.009536653
SE-FC-L2_ObjectBased_R8.pth,AlexNet,L2,ObjectBased,8,E,5,0.018495325,0.133647218,0.006765726
SE-FC-L2_ObjectBased_R8.pth,AlexNet,L2,ObjectBased,8,E,6,0.017753689,0.145132706,0.005914149
SE-FC-L2_ObjectBased_R8.pth,AlexNet,L2,ObjectBased,8,E,7,0.021597346,0.140091494,0.006714207
SE-FC-L2_ObjectBased_R8.pth,AlexNet,L2,ObjectBased,8,E,8,0.03885828,0.131380901,0.013381749
SE-FC-L2_ObjectBased_R8.pth,AlexNet,L2,ObjectBased,8,E,9,0.04362813,0.138945341,0.016695144
SE-FC-L2_ObjectBased_R8.pth,AlexNet,L2,ObjectBased,8,E,10,0.030050576,0.1485762,0.007495396
SE-FC-L2_ObjectBased_R8.pth,AlexNet,L2,ObjectBased,8,E,11,0.03931405,0.147680983,0.012131304
SE-FC-L2_ObjectBased_R8.pth,AlexNet,L2,ObjectBased,8,E,12,0.029584359,0.146394923,0.01127327
SE-FC-L2_ObjectBased_R8.pth,AlexNet,L2,ObjectBased,8,E,13,0.027819388,0.138016656,0.008489172
SE-FC-L2_ObjectBased_R8.pth,AlexNet,L2,ObjectBased,8,E,14,0.023867995,0.152236491,0.010472449
SE-FC-L2_ObjectBased_R8.pth,AlexNet,L2,ObjectBased,8,E,15,0.026325995,0.132013232,0.009155517
SE-FC-L2_ObjectBased_R8.pth,AlexNet,L2,ObjectBased,8,E,16,0.023902833,0.136746123,0.009677486
SE-FC-L2_ObjectBased_R8.pth,AlexNet,L2,ObjectBased,8,E,17,0.021909129,0.136792779,0.007049563
SE-FC-L2_ObjectBased_R8.pth,AlexNet,L2,ObjectBased,8,E,18,0.038976431,0.124576181,0.020813806
SE-FC-L2_ObjectBased_R8.pth,AlexNet,L2,ObjectBased,8,E,19,0.029783333,0.154812351,0.01802944
SE-FC-L2_ObjectBased_R8.pth,AlexNet,L2,ObjectBased,8,E,20,0.022925967,0.140720531,0.011034926
SE-FC-L2_ObjectBased_R8.pth,AlexNet,L2,ObjectBased,8,E,21,0.032315776,0.144097313,0.018561076
SE-FC-L2_ObjectBased_R8.pth,AlexNet,L2,ObjectBased,8,Full,1,0.01978256,0.05588812,0.004844004
SE-FC-L2_ObjectBased_R8.pth,AlexNet,L2,ObjectBased,8,Full,2,0.034631804,0.055258423,0.009349945
SE-FC-L2_ObjectBased_R8.pth,AlexNet,L2,ObjectBased,8,Full,3,0.039638948,0.056671545,0.008853373
SE-FC-L2_ObjectBased_R8.pth,AlexNet,L2,ObjectBased,8,Full,4,0.037456803,0.057710536,0.010710812
SE-FC-L2_ObjectBased_R8.pth,AlexNet,L2,ObjectBased,8,Full,5,0.035915419,0.060577549,0.007508519
SE-FC-L2_ObjectBased_R8.pth,AlexNet,L2,ObjectBased,8,Full,6,0.02562006,0.05639891,0.004454052
SE-FC-L2_ObjectBased_R8.pth,AlexNet,L2,ObjectBased,8,Full,7,0.019533703,0.042579483,0.009197314
SE-FC-L2_ObjectBased_R8.pth,AlexNet,L2,ObjectBased,8,Full,8,0.047541726,0.060613777,0.012567647
SE-FC-L2_ObjectBased_R8.pth,AlexNet,L2,ObjectBased,8,Full,9,0.033561341,0.056373637,0.007538102
SE-FC-L2_ObjectBased_R8.pth,AlexNet,L2,ObjectBased,8,Full,10,0.035633702,0.057384484,0.010206359
SE-FC-L2_ObjectBased_R8.pth,AlexNet,L2,ObjectBased,8,Full,11,0.042835779,0.060585536,0.011456685
SE-FC-L2_ObjectBased_R8.pth,AlexNet,L2,ObjectBased,8,Full,12,0.043891598,0.059276577,0.00975866
SE-FC-L2_ObjectBased_R8.pth,AlexNet,L2,ObjectBased,8,Full,13,0.030347854,0.056966007,0.006427777
SE-FC-L2_ObjectBased_R8.pth,AlexNet,L2,ObjectBased,8,Full,14,0.032133479,0.061542124,0.004700948
SE-FC-L2_ObjectBased_R8.pth,AlexNet,L2,ObjectBased,8,Full,15,0.047973018,0.067071758,0.012546868
SE-FC-L2_ObjectBased_R8.pth,AlexNet,L2,ObjectBased,8,Full,16,0.046530325,0.063542888,0.005757313
SE-FC-L2_ObjectBased_R8.pth,AlexNet,L2,ObjectBased,8,Full,17,0.038991697,0.074518658,0.011973408
SE-FC-L2_ObjectBased_R8.pth,AlexNet,L2,ObjectBased,8,Full,18,0.036518905,0.070323341,0.016246684
SE-FC-L2_ObjectBased_R8.pth,AlexNet,L2,ObjectBased,8,Full,19,0.03138458,0.071784183,0.014095684
SE-FC-L2_ObjectBased_R8.pth,AlexNet,L2,ObjectBased,8,Full,20,0.038823355,0.052720215,0.008426539
SE-FC-L2_ObjectBased_R8.pth,AlexNet,L2,ObjectBased,8,Full,21,0.036525238,0.050640646,0.012933481
SE-FC-L2_ObjectBased_R8.pth,AlexNet,L2,ObjectBased,8,M,1,0.068705894,0.038626563,0.051571954
SE-FC-L2_ObjectBased_R8.pth,AlexNet,L2,ObjectBased,8,M,2,0.078065611,0.036915284,0.05574774
SE-FC-L2_ObjectBased_R8.pth,AlexNet,L2,ObjectBased,8,M,3,0.077711135,0.031544194,0.053060059
SE-FC-L2_ObjectBased_R8.pth,AlexNet,L2,ObjectBased,8,M,4,0.082455851,0.034759678,0.053994499
SE-FC-L2_ObjectBased_R8.pth,AlexNet,L2,ObjectBased,8,M,5,0.077191845,0.031622745,0.056100734
SE-FC-L2_ObjectBased_R8.pth,AlexNet,L2,ObjectBased,8,M,6,0.08453057,0.036836635,0.052677833
SE-FC-L2_ObjectBased_R8.pth,AlexNet,L2,ObjectBased,8,M,7,0.074272126,0.037845418,0.058427412
SE-FC-L2_ObjectBased_R8.pth,AlexNet,L2,ObjectBased,8,M,8,0.069243759,0.037105888,0.051500861
SE-FC-L2_ObjectBased_R8.pth,AlexNet,L2,ObjectBased,8,M,9,0.070856191,0.038034011,0.05044426
SE-FC-L2_ObjectBased_R8.pth,AlexNet,L2,ObjectBased,8,M,10,0.068397127,0.039703824,0.050674062
SE-FC-L2_ObjectBased_R8.pth,AlexNet,L2,ObjectBased,8,M,11,0.075380541,0.042615134,0.058646839
SE-FC-L2_ObjectBased_R8.pth,AlexNet,L2,ObjectBased,8,M,12,0.073667631,0.044732012,0.057283878
SE-FC-L2_ObjectBased_R8.pth,AlexNet,L2,ObjectBased,8,M,13,0.073471688,0.045121953,0.058578763
SE-FC-L2_ObjectBased_R8.pth,AlexNet,L2,ObjectBased,8,M,14,0.068867236,0.044668961,0.056029651
SE-FC-L2_ObjectBased_R8.pth,AlexNet,L2,ObjectBased,8,M,15,0.070041485,0.043163005,0.057910074
SE-FC-L2_ObjectBased_R8.pth,AlexNet,L2,ObjectBased,8,M,16,0.068047613,0.04769215,0.055635553
SE-FC-L2_ObjectBased_R8.pth,AlexNet,L2,ObjectBased,8,M,17,0.069343418,0.040689986,0.054042153
SE-FC-L2_ObjectBased_R8.pth,AlexNet,L2,ObjectBased,8,M,18,0.060455464,0.036859501,0.055214208
SE-FC-L2_ObjectBased_R8.pth,AlexNet,L2,ObjectBased,8,M,19,0.057282351,0.041508999,0.049806569
SE-FC-L2_ObjectBased_R8.pth,AlexNet,L2,ObjectBased,8,M,20,0.058655418,0.038323157,0.054715328
SE-FC-L2_ObjectBased_R8.pth,AlexNet,L2,ObjectBased,8,M,21,0.049522851,0.040818043,0.044418789
SE-FC-L2_ObjectBased_R8.pth,AlexNet,L2,ObjectBased,8,N,1,0.066217303,0.066543803,0.137090668
SE-FC-L2_ObjectBased_R8.pth,AlexNet,L2,ObjectBased,8,N,2,0.063511401,0.068806924,0.131010726
SE-FC-L2_ObjectBased_R8.pth,AlexNet,L2,ObjectBased,8,N,3,0.067369021,0.076524265,0.127009362
SE-FC-L2_ObjectBased_R8.pth,AlexNet,L2,ObjectBased,8,N,4,0.058006473,0.069014013,0.126521856
SE-FC-L2_ObjectBased_R8.pth,AlexNet,L2,ObjectBased,8,N,5,0.063684441,0.074230582,0.112668283
SE-FC-L2_ObjectBased_R8.pth,AlexNet,L2,ObjectBased,8,N,6,0.0638289,0.073976807,0.124609008
SE-FC-L2_ObjectBased_R8.pth,AlexNet,L2,ObjectBased,8,N,7,0.066575564,0.072063521,0.123174988
SE-FC-L2_ObjectBased_R8.pth,AlexNet,L2,ObjectBased,8,N,8,0.066106468,0.076086149,0.117107838
SE-FC-L2_ObjectBased_R8.pth,AlexNet,L2,ObjectBased,8,N,9,0.065215223,0.070927195,0.130678222
SE-FC-L2_ObjectBased_R8.pth,AlexNet,L2,ObjectBased,8,N,10,0.069035351,0.062990196,0.125034064
SE-FC-L2_ObjectBased_R8.pth,AlexNet,L2,ObjectBased,8,N,11,0.065877728,0.063585155,0.117688224
SE-FC-L2_ObjectBased_R8.pth,AlexNet,L2,ObjectBased,8,N,12,0.071902342,0.065368794,0.121603869
SE-FC-L2_ObjectBased_R8.pth,AlexNet,L2,ObjectBased,8,N,13,0.071247712,0.070748307,0.116802223
SE-FC-L2_ObjectBased_R8.pth,AlexNet,L2,ObjectBased,8,N,14,0.064574786,0.066277586,0.130974829
SE-FC-L2_ObjectBased_R8.pth,AlexNet,L2,ObjectBased,8,N,15,0.059729658,0.065914184,0.135700732
SE-FC-L2_ObjectBased_R8.pth,AlexNet,L2,ObjectBased,8,N,16,0.054159839,0.05832931,0.145586312
SE-FC-L2_ObjectBased_R8.pth,AlexNet,L2,ObjectBased,8,N,17,0.060136847,0.067174315,0.135344893
SE-FC-L2_ObjectBased_R8.pth,AlexNet,L2,ObjectBased,8,N,18,0.052961759,0.051313762,0.15919587
SE-FC-L2_ObjectBased_R8.pth,AlexNet,L2,ObjectBased,8,N,19,0.060973275,0.061883613,0.132406428
SE-FC-L2_ObjectBased_R8.pth,AlexNet,L2,ObjectBased,8,N,20,0.063475706,0.064588577,0.128954962
SE-FC-L2_ObjectBased_R8.pth,AlexNet,L2,ObjectBased,8,N,21,0.068490393,0.056172267,0.130172089
SE-FC-L2_FaceBased_R16.pth,AlexNet,L2,FaceBased,16,E,1,0.007936905,0.003572473,0.07693696
SE-FC-L2_FaceBased_R16.pth,AlexNet,L2,FaceBased,16,E,2,0,0,0.117002852
SE-FC-L2_FaceBased_R16.pth,AlexNet,L2,FaceBased,16,E,3,0.003620275,0,0.086642846
SE-FC-L2_FaceBased_R16.pth,AlexNet,L2,FaceBased,16,E,4,0,0,0.105072036
SE-FC-L2_FaceBased_R16.pth,AlexNet,L2,FaceBased,16,E,5,0,0,0.099063046
SE-FC-L2_FaceBased_R16.pth,AlexNet,L2,FaceBased,16,E,6,0,0,0.126623631
SE-FC-L2_FaceBased_R16.pth,AlexNet,L2,FaceBased,16,E,7,0.002915757,0,0.080246426
SE-FC-L2_FaceBased_R16.pth,AlexNet,L2,FaceBased,16,E,8,0,0,0.084917672
SE-FC-L2_FaceBased_R16.pth,AlexNet,L2,FaceBased,16,E,9,0,0,0.071427777
SE-FC-L2_FaceBased_R16.pth,AlexNet,L2,FaceBased,16,E,10,0.000211957,0,0.077546768
SE-FC-L2_FaceBased_R16.pth,AlexNet,L2,FaceBased,16,E,11,0.004528413,0,0.064058453
SE-FC-L2_FaceBased_R16.pth,AlexNet,L2,FaceBased,16,E,12,0.003786981,0,0.060112678
SE-FC-L2_FaceBased_R16.pth,AlexNet,L2,FaceBased,16,E,13,0,0,0.06045147
SE-FC-L2_FaceBased_R16.pth,AlexNet,L2,FaceBased,16,E,14,0.019094016,0,0.104764998
SE-FC-L2_FaceBased_R16.pth,AlexNet,L2,FaceBased,16,E,15,0,0,0.123998873
SE-FC-L2_FaceBased_R16.pth,AlexNet,L2,FaceBased,16,E,16,0.00808316,0,0.089083791
SE-FC-L2_FaceBased_R16.pth,AlexNet,L2,FaceBased,16,E,17,0.011218698,0,0.102737725
SE-FC-L2_FaceBased_R16.pth,AlexNet,L2,FaceBased,16,E,18,0,0,0.115134813
SE-FC-L2_FaceBased_R16.pth,AlexNet,L2,FaceBased,16,E,19,0.006827321,0,0.095144928
SE-FC-L2_FaceBased_R16.pth,AlexNet,L2,FaceBased,16,E,20,0,0,0.105562046
SE-FC-L2_FaceBased_R16.pth,AlexNet,L2,FaceBased,16,E,21,0.011393846,0,0.099385917
SE-FC-L2_FaceBased_R16.pth,AlexNet,L2,FaceBased,16,Full,1,0.010802295,0,0.120013908
SE-FC-L2_FaceBased_R16.pth,AlexNet,L2,FaceBased,16,Full,2,0.005852838,0,0.091899604
SE-FC-L2_FaceBased_R16.pth,AlexNet,L2,FaceBased,16,Full,3,0.014446281,0,0.056019582
SE-FC-L2_FaceBased_R16.pth,AlexNet,L2,FaceBased,16,Full,4,0.012735661,0,0.10503421
SE-FC-L2_FaceBased_R16.pth,AlexNet,L2,FaceBased,16,Full,5,0,0,0.071667969
SE-FC-L2_FaceBased_R16.pth,AlexNet,L2,FaceBased,16,Full,6,0,0,0.041411702
SE-FC-L2_FaceBased_R16.pth,AlexNet,L2,FaceBased,16,Full,7,0.001588449,0,0.056499209
SE-FC-L2_FaceBased_R16.pth,AlexNet,L2,FaceBased,16,Full,8,0,0,0.061195053
SE-FC-L2_FaceBased_R16.pth,AlexNet,L2,FaceBased,16,Full,9,0.001752436,0,0.072633743
SE-FC-L2_FaceBased_R16.pth,AlexNet,L2,FaceBased,16,Full,10,0,0,0.071524449
SE-FC-L2_FaceBased_R16.pth,AlexNet,L2,FaceBased,16,Full,11,0,0,0.081612416
SE-FC-L2_FaceBased_R16.pth,AlexNet,L2,FaceBased,16,Full,12,0.005923888,0,0.078030795
SE-FC-L2_FaceBased_R16.pth,AlexNet,L2,FaceBased,16,Full,13,0.010282827,0,0.095717818
SE-FC-L2_FaceBased_R16.pth,AlexNet,L2,FaceBased,16,Full,14,0.014469867,0,0.100811668
SE-FC-L2_FaceBased_R16.pth,AlexNet,L2,FaceBased,16,Full,15,0.006730545,0,0.069243386
SE-FC-L2_FaceBased_R16.pth,AlexNet,L2,FaceBased,16,Full,16,0.008674561,0,0.057498936
SE-FC-L2_FaceBased_R16.pth,AlexNet,L2,FaceBased,16,Full,17,0.010369968,0,0.060723133
SE-FC-L2_FaceBased_R16.pth,AlexNet,L2,FaceBased,16,Full,18,0.001242982,0,0.056342065
SE-FC-L2_FaceBased_R16.pth,AlexNet,L2,FaceBased,16,Full,19,0.019765034,0.007965212,0.077160522
SE-FC-L2_FaceBased_R16.pth,AlexNet,L2,FaceBased,16,Full,20,0,0,0.096614406
SE-FC-L2_FaceBased_R16.pth,AlexNet,L2,FaceBased,16,Full,21,0.000181099,0,0.063277014
SE-FC-L2_FaceBased_R16.pth,AlexNet,L2,FaceBased,16,M,1,0.000474527,0,0.021501532
SE-FC-L2_FaceBased_R16.pth,AlexNet,L2,FaceBased,16,M,2,0.006534248,0.000113961,0.02384812
SE-FC-L2_FaceBased_R16.pth,AlexNet,L2,FaceBased,16,M,3,0,0,0.000527099
SE-FC-L2_FaceBased_R16.pth,AlexNet,L2,FaceBased,16,M,4,0.001268723,0,0.001128486
SE-FC-L2_FaceBased_R16.pth,AlexNet,L2,FaceBased,16,M,5,0.003159309,0,0.006047267
SE-FC-L2_FaceBased_R16.pth,AlexNet,L2,FaceBased,16,M,6,0,0,0.000101861
SE-FC-L2_FaceBased_R16.pth,AlexNet,L2,FaceBased,16,M,7,0.006369974,0,0.002805876
SE-FC-L2_FaceBased_R16.pth,AlexNet,L2,FaceBased,16,M,8,0.005633112,0,0.004365522
SE-FC-L2_FaceBased_R16.pth,AlexNet,L2,FaceBased,16,M,9,0.012313991,0,0.004830031
SE-FC-L2_FaceBased_R16.pth,AlexNet,L2,FaceBased,16,M,10,0.001626308,0,0.001879824
SE-FC-L2_FaceBased_R16.pth,AlexNet,L2,FaceBased,16,M,11,0.003710716,0,0.020404488
SE-FC-L2_FaceBased_R16.pth,AlexNet,L2,FaceBased,16,M,12,7.94E-05,0,0.023064857
SE-FC-L2_FaceBased_R16.pth,AlexNet,L2,FaceBased,16,M,13,0.005912785,0.000520484,0.015303176
SE-FC-L2_FaceBased_R16.pth,AlexNet,L2,FaceBased,16,M,14,0.009415288,0.000537964,0.02163185
SE-FC-L2_FaceBased_R16.pth,AlexNet,L2,FaceBased,16,M,15,0.008503723,0.000284875,0.029969137
SE-FC-L2_FaceBased_R16.pth,AlexNet,L2,FaceBased,16,M,16,0.018449234,0.002831424,0.021009855
SE-FC-L2_FaceBased_R16.pth,AlexNet,L2,FaceBased,16,M,17,0.009826684,0,0.008502882
SE-FC-L2_FaceBased_R16.pth,AlexNet,L2,FaceBased,16,M,18,0.01084403,0,0.010148491
SE-FC-L2_FaceBased_R16.pth,AlexNet,L2,FaceBased,16,M,19,0.011286795,1.62E-05,0.019613989
SE-FC-L2_FaceBased_R16.pth,AlexNet,L2,FaceBased,16,M,20,0.001374812,0,0.014252225
SE-FC-L2_FaceBased_R16.pth,AlexNet,L2,FaceBased,16,M,21,0.018315034,0.000125003,0.025903432
SE-FC-L2_FaceBased_R16.pth,AlexNet,L2,FaceBased,16,N,1,0,0,0.243220404
SE-FC-L2_FaceBased_R16.pth,AlexNet,L2,FaceBased,16,N,2,0,0,0.226915464
SE-FC-L2_FaceBased_R16.pth,AlexNet,L2,FaceBased,16,N,3,0,0,0.209953383
SE-FC-L2_FaceBased_R16.pth,AlexNet,L2,FaceBased,16,N,4,0,0,0.200135633
SE-FC-L2_FaceBased_R16.pth,AlexNet,L2,FaceBased,16,N,5,0,0,0.219122827
SE-FC-L2_FaceBased_R16.pth,AlexNet,L2,FaceBased,16,N,6,0,0,0.216393486
SE-FC-L2_FaceBased_R16.pth,AlexNet,L2,FaceBased,16,N,7,0,0,0.261758029
SE-FC-L2_FaceBased_R16.pth,AlexNet,L2,FaceBased,16,N,8,0,0,0.218240559
SE-FC-L2_FaceBased_R16.pth,AlexNet,L2,FaceBased,16,N,9,0,0,0.289630532
SE-FC-L2_FaceBased_R16.pth,AlexNet,L2,FaceBased,16,N,10,0,0,0.28253454
SE-FC-L2_FaceBased_R16.pth,AlexNet,L2,FaceBased,16,N,11,0,0,0.200458229
SE-FC-L2_FaceBased_R16.pth,AlexNet,L2,FaceBased,16,N,12,0,0,0.271654963
SE-FC-L2_FaceBased_R16.pth,AlexNet,L2,FaceBased,16,N,13,0,0,0.277108729
SE-FC-L2_FaceBased_R16.pth,AlexNet,L2,FaceBased,16,N,14,0,0,0.312346697
SE-FC-L2_FaceBased_R16.pth,AlexNet,L2,FaceBased,16,N,15,0,0,0.268007427
SE-FC-L2_FaceBased_R16.pth,AlexNet,L2,FaceBased,16,N,16,0,0,0.163531259
SE-FC-L2_FaceBased_R16.pth,AlexNet,L2,FaceBased,16,N,17,0,0,0.157412589
SE-FC-L2_FaceBased_R16.pth,AlexNet,L2,FaceBased,16,N,18,0,0,0.153112471
SE-FC-L2_FaceBased_R16.pth,AlexNet,L2,FaceBased,16,N,19,0,0,0.168626621
SE-FC-L2_FaceBased_R16.pth,AlexNet,L2,FaceBased,16,N,20,0,0,0.167391866
SE-FC-L2_FaceBased_R16.pth,AlexNet,L2,FaceBased,16,N,21,0,0,0.12514101
SE-FC-L2_ObjectBased_R16.pth,AlexNet,L2,ObjectBased,16,E,1,0.244422406,0.043629523,0.03261824
SE-FC-L2_ObjectBased_R16.pth,AlexNet,L2,ObjectBased,16,E,2,0.245345131,0.050326776,0.036833674
SE-FC-L2_ObjectBased_R16.pth,AlexNet,L2,ObjectBased,16,E,3,0.249039665,0.043385681,0.044337716
SE-FC-L2_ObjectBased_R16.pth,AlexNet,L2,ObjectBased,16,E,4,0.241275251,0.031234527,0.032916244
SE-FC-L2_ObjectBased_R16.pth,AlexNet,L2,ObjectBased,16,E,5,0.238952518,0.03679879,0.03560907
SE-FC-L2_ObjectBased_R16.pth,AlexNet,L2,ObjectBased,16,E,6,0.241144001,0.046021793,0.043457501
SE-FC-L2_ObjectBased_R16.pth,AlexNet,L2,ObjectBased,16,E,7,0.251784861,0.039300632,0.044548627
SE-FC-L2_ObjectBased_R16.pth,AlexNet,L2,ObjectBased,16,E,8,0.218774796,0.04101491,0.046401273
SE-FC-L2_ObjectBased_R16.pth,AlexNet,L2,ObjectBased,16,E,9,0.256607234,0.029377824,0.037757996
SE-FC-L2_ObjectBased_R16.pth,AlexNet,L2,ObjectBased,16,E,10,0.233277589,0.039909963,0.044405669
SE-FC-L2_ObjectBased_R16.pth,AlexNet,L2,ObjectBased,16,E,11,0.227462843,0.040979028,0.038988777
SE-FC-L2_ObjectBased_R16.pth,AlexNet,L2,ObjectBased,16,E,12,0.222147122,0.03972923,0.03806537
SE-FC-L2_ObjectBased_R16.pth,AlexNet,L2,ObjectBased,16,E,13,0.200660333,0.041714266,0.047865145
SE-FC-L2_ObjectBased_R16.pth,AlexNet,L2,ObjectBased,16,E,14,0.222712189,0.037788641,0.036935572
SE-FC-L2_ObjectBased_R16.pth,AlexNet,L2,ObjectBased,16,E,15,0.22570166,0.033878393,0.050816726
SE-FC-L2_ObjectBased_R16.pth,AlexNet,L2,ObjectBased,16,E,16,0.231435195,0.045941819,0.04978418
SE-FC-L2_ObjectBased_R16.pth,AlexNet,L2,ObjectBased,16,E,17,0.214957193,0.056595106,0.062782086
SE-FC-L2_ObjectBased_R16.pth,AlexNet,L2,ObjectBased,16,E,18,0.225097224,0.056250799,0.075127833
SE-FC-L2_ObjectBased_R16.pth,AlexNet,L2,ObjectBased,16,E,19,0.222335309,0.056579676,0.054736473
SE-FC-L2_ObjectBased_R16.pth,AlexNet,L2,ObjectBased,16,E,20,0.218057945,0.062674403,0.056846201
SE-FC-L2_ObjectBased_R16.pth,AlexNet,L2,ObjectBased,16,E,21,0.194841996,0.072440282,0.049260773
SE-FC-L2_ObjectBased_R16.pth,AlexNet,L2,ObjectBased,16,Full,1,0.022735644,0.003042895,0.023048632
SE-FC-L2_ObjectBased_R16.pth,AlexNet,L2,ObjectBased,16,Full,2,0.021244107,0.00297433,0.006227776
SE-FC-L2_ObjectBased_R16.pth,AlexNet,L2,ObjectBased,16,Full,3,0.052397311,0.016225848,0.032858774
SE-FC-L2_ObjectBased_R16.pth,AlexNet,L2,ObjectBased,16,Full,4,0.045591239,0.022910956,0.028538989
SE-FC-L2_ObjectBased_R16.pth,AlexNet,L2,ObjectBased,16,Full,5,0.021219917,0.012782766,0.029354893
SE-FC-L2_ObjectBased_R16.pth,AlexNet,L2,ObjectBased,16,Full,6,0.03439888,0.017287208,0.030369729
SE-FC-L2_ObjectBased_R16.pth,AlexNet,L2,ObjectBased,16,Full,7,0.055576149,0.033072636,0.028935319
SE-FC-L2_ObjectBased_R16.pth,AlexNet,L2,ObjectBased,16,Full,8,0.068348102,0.042766336,0.033228721
SE-FC-L2_ObjectBased_R16.pth,AlexNet,L2,ObjectBased,16,Full,9,0.070796296,0.039568432,0.033309855
SE-FC-L2_ObjectBased_R16.pth,AlexNet,L2,ObjectBased,16,Full,10,0.052055106,0.026800273,0.033745095
SE-FC-L2_ObjectBased_R16.pth,AlexNet,L2,ObjectBased,16,Full,11,0.06437216,0.029348187,0.035080485
SE-FC-L2_ObjectBased_R16.pth,AlexNet,L2,ObjectBased,16,Full,12,0.083354168,0.040996496,0.044952128
SE-FC-L2_ObjectBased_R16.pth,AlexNet,L2,ObjectBased,16,Full,13,0.060227875,0.032173164,0.034468632
SE-FC-L2_ObjectBased_R16.pth,AlexNet,L2,ObjectBased,16,Full,14,0.081746668,0.043250389,0.044339929
SE-FC-L2_ObjectBased_R16.pth,AlexNet,L2,ObjectBased,16,Full,15,0.073013745,0.03480681,0.033492696
SE-FC-L2_ObjectBased_R16.pth,AlexNet,L2,ObjectBased,16,Full,16,0.078779966,0.024202902,0.030289564
SE-FC-L2_ObjectBased_R16.pth,AlexNet,L2,ObjectBased,16,Full,17,0.065125868,0.024821738,0.040488448
SE-FC-L2_ObjectBased_R16.pth,AlexNet,L2,ObjectBased,16,Full,18,0.069741234,0.026539281,0.041586995
SE-FC-L2_ObjectBased_R16.pth,AlexNet,L2,ObjectBased,16,Full,19,0.070000537,0.036495578,0.039957739
SE-FC-L2_ObjectBased_R16.pth,AlexNet,L2,ObjectBased,16,Full,20,0.06909696,0.025326742,0.031126758
SE-FC-L2_ObjectBased_R16.pth,AlexNet,L2,ObjectBased,16,Full,21,0.056998819,0.050781567,0.04287621
SE-FC-L2_ObjectBased_R16.pth,AlexNet,L2,ObjectBased,16,M,1,0.044293009,0.039724752,0.231343165
SE-FC-L2_ObjectBased_R16.pth,AlexNet,L2,ObjectBased,16,M,2,0.048248868,0.046925638,0.240253389
SE-FC-L2_ObjectBased_R16.pth,AlexNet,L2,ObjectBased,16,M,3,0.051049136,0.048445046,0.195380673
SE-FC-L2_ObjectBased_R16.pth,AlexNet,L2,ObjectBased,16,M,4,0.07088165,0.063833863,0.186559603
SE-FC-L2_ObjectBased_R16.pth,AlexNet,L2,ObjectBased,16,M,5,0.044612933,0.034385789,0.20806773
SE-FC-L2_ObjectBased_R16.pth,AlexNet,L2,ObjectBased,16,M,6,0.057232618,0.013348237,0.238239825
SE-FC-L2_ObjectBased_R16.pth,AlexNet,L2,ObjectBased,16,M,7,0.057108626,0.029746378,0.205008954
SE-FC-L2_ObjectBased_R16.pth,AlexNet,L2,ObjectBased,16,M,8,0.053484835,0.026639869,0.22482343
SE-FC-L2_ObjectBased_R16.pth,AlexNet,L2,ObjectBased,16,M,9,0.062680811,0.030654835,0.227351218
SE-FC-L2_ObjectBased_R16.pth,AlexNet,L2,ObjectBased,16,M,10,0.05454541,0.014394972,0.251299798
SE-FC-L2_ObjectBased_R16.pth,AlexNet,L2,ObjectBased,16,M,11,0.050605953,0.003637671,0.290351033
SE-FC-L2_ObjectBased_R16.pth,AlexNet,L2,ObjectBased,16,M,12,0.106415801,0.02165118,0.271130383
SE-FC-L2_ObjectBased_R16.pth,AlexNet,L2,ObjectBased,16,M,13,0.061164379,0.020120608,0.286698848
SE-FC-L2_ObjectBased_R16.pth,AlexNet,L2,ObjectBased,16,M,14,0.079879887,0.009434756,0.339696854
SE-FC-L2_ObjectBased_R16.pth,AlexNet,L2,ObjectBased,16,M,15,0.082031466,0.067836083,0.227536306
SE-FC-L2_ObjectBased_R16.pth,AlexNet,L2,ObjectBased,16,M,16,0.097667187,0.039135795,0.322591156
SE-FC-L2_ObjectBased_R16.pth,AlexNet,L2,ObjectBased,16,M,17,0.077103935,0.076907568,0.221475825
SE-FC-L2_ObjectBased_R16.pth,AlexNet,L2,ObjectBased,16,M,18,0.087556824,0.078404211,0.221050188
SE-FC-L2_ObjectBased_R16.pth,AlexNet,L2,ObjectBased,16,M,19,0.083993129,0.066371575,0.185144335
SE-FC-L2_ObjectBased_R16.pth,AlexNet,L2,ObjectBased,16,M,20,0.085770056,0.045572653,0.207194671
SE-FC-L2_ObjectBased_R16.pth,AlexNet,L2,ObjectBased,16,M,21,0.080838241,0.054220308,0.214237452
SE-FC-L2_ObjectBased_R16.pth,AlexNet,L2,ObjectBased,16,N,1,0.085856758,0.084258005,0.139306217
SE-FC-L2_ObjectBased_R16.pth,AlexNet,L2,ObjectBased,16,N,2,0.102785319,0.066051833,0.105701692
SE-FC-L2_ObjectBased_R16.pth,AlexNet,L2,ObjectBased,16,N,3,0.104350105,0.100412257,0.119266719
SE-FC-L2_ObjectBased_R16.pth,AlexNet,L2,ObjectBased,16,N,4,0.119593054,0.084262297,0.137122139
SE-FC-L2_ObjectBased_R16.pth,AlexNet,L2,ObjectBased,16,N,5,0.109524816,0.091906615,0.141405389
SE-FC-L2_ObjectBased_R16.pth,AlexNet,L2,ObjectBased,16,N,6,0.109205619,0.095228933,0.137518167
SE-FC-L2_ObjectBased_R16.pth,AlexNet,L2,ObjectBased,16,N,7,0.112424172,0.104571208,0.131592095
SE-FC-L2_ObjectBased_R16.pth,AlexNet,L2,ObjectBased,16,N,8,0.116669096,0.085464112,0.103809647
SE-FC-L2_ObjectBased_R16.pth,AlexNet,L2,ObjectBased,16,N,9,0.120723568,0.073956057,0.128197134
SE-FC-L2_ObjectBased_R16.pth,AlexNet,L2,ObjectBased,16,N,10,0.127395973,0.090707086,0.145207569
SE-FC-L2_ObjectBased_R16.pth,AlexNet,L2,ObjectBased,16,N,11,0.148736358,0.093089566,0.145250469
SE-FC-L2_ObjectBased_R16.pth,AlexNet,L2,ObjectBased,16,N,12,0.153002009,0.067041084,0.126201794
SE-FC-L2_ObjectBased_R16.pth,AlexNet,L2,ObjectBased,16,N,13,0.119234569,0.071711741,0.132624671
SE-FC-L2_ObjectBased_R16.pth,AlexNet,L2,ObjectBased,16,N,14,0.131110266,0.10001412,0.093905002
SE-FC-L2_ObjectBased_R16.pth,AlexNet,L2,ObjectBased,16,N,15,0.109490998,0.105690986,0.099125504
SE-FC-L2_ObjectBased_R16.pth,AlexNet,L2,ObjectBased,16,N,16,0.104523346,0.109508045,0.132734552
SE-FC-L2_ObjectBased_R16.pth,AlexNet,L2,ObjectBased,16,N,17,0.092826933,0.140334398,0.127667204
SE-FC-L2_ObjectBased_R16.pth,AlexNet,L2,ObjectBased,16,N,18,0.091432221,0.113190122,0.110105328
SE-FC-L2_ObjectBased_R16.pth,AlexNet,L2,ObjectBased,16,N,19,0.114270695,0.098288879,0.11839541
SE-FC-L2_ObjectBased_R16.pth,AlexNet,L2,ObjectBased,16,N,20,0.111344643,0.112578899,0.095583156
SE-FC-L2_ObjectBased_R16.pth,AlexNet,L2,ObjectBased,16,N,21,0.094118625,0.141315266,0.078035869
SE-FC-L2_FaceBased_R32.pth,AlexNet,L2,FaceBased,32,E,1,0.011950498,0.097438611,0.063675463
SE-FC-L2_FaceBased_R32.pth,AlexNet,L2,FaceBased,32,E,2,0.015782535,0.10972178,0.061901659
SE-FC-L2_FaceBased_R32.pth,AlexNet,L2,FaceBased,32,E,3,0.025044251,0.109775953,0.063205674
SE-FC-L2_FaceBased_R32.pth,AlexNet,L2,FaceBased,32,E,4,0.025632828,0.089577936,0.054863408
SE-FC-L2_FaceBased_R32.pth,AlexNet,L2,FaceBased,32,E,5,0.012939925,0.106933221,0.058456749
SE-FC-L2_FaceBased_R32.pth,AlexNet,L2,FaceBased,32,E,6,0.01812757,0.091343492,0.062773436
SE-FC-L2_FaceBased_R32.pth,AlexNet,L2,FaceBased,32,E,7,0.03247232,0.097372092,0.064557381
SE-FC-L2_FaceBased_R32.pth,AlexNet,L2,FaceBased,32,E,8,0.028271429,0.089156404,0.060964756
SE-FC-L2_FaceBased_R32.pth,AlexNet,L2,FaceBased,32,E,9,0.033368394,0.075476848,0.071216136
SE-FC-L2_FaceBased_R32.pth,AlexNet,L2,FaceBased,32,E,10,0.044662599,0.083697937,0.081496865
SE-FC-L2_FaceBased_R32.pth,AlexNet,L2,FaceBased,32,E,11,0.017221492,0.07300552,0.074009687
SE-FC-L2_FaceBased_R32.pth,AlexNet,L2,FaceBased,32,E,12,0.027495442,0.086384393,0.066079095
SE-FC-L2_FaceBased_R32.pth,AlexNet,L2,FaceBased,32,E,13,0.031389434,0.089007273,0.064142615
SE-FC-L2_FaceBased_R32.pth,AlexNet,L2,FaceBased,32,E,14,0.027733656,0.084709562,0.063187748
SE-FC-L2_FaceBased_R32.pth,AlexNet,L2,FaceBased,32,E,15,0.031650569,0.070535891,0.063252062
SE-FC-L2_FaceBased_R32.pth,AlexNet,L2,FaceBased,32,E,16,0.022573696,0.094953358,0.079694957
SE-FC-L2_FaceBased_R32.pth,AlexNet,L2,FaceBased,32,E,17,0.022316597,0.107859589,0.074548051
SE-FC-L2_FaceBased_R32.pth,AlexNet,L2,FaceBased,32,E,18,0.033133022,0.116237499,0.074444175
SE-FC-L2_FaceBased_R32.pth,AlexNet,L2,FaceBased,32,E,19,0.018068537,0.12347246,0.090187743
SE-FC-L2_FaceBased_R32.pth,AlexNet,L2,FaceBased,32,E,20,0.017793274,0.132716075,0.090334319
SE-FC-L2_FaceBased_R32.pth,AlexNet,L2,FaceBased,32,E,21,0.030476211,0.105364926,0.076591901
SE-FC-L2_FaceBased_R32.pth,AlexNet,L2,FaceBased,32,Full,1,0.017330663,0.07166411,0.084321558
SE-FC-L2_FaceBased_R32.pth,AlexNet,L2,FaceBased,32,Full,2,0.008582185,0.082804486,0.085752368
SE-FC-L2_FaceBased_R32.pth,AlexNet,L2,FaceBased,32,Full,3,0.004312804,0.067123376,0.077874362
SE-FC-L2_FaceBased_R32.pth,AlexNet,L2,FaceBased,32,Full,4,0.00323266,0.064334244,0.075909816
SE-FC-L2_FaceBased_R32.pth,AlexNet,L2,FaceBased,32,Full,5,0.00301993,0.081257425,0.099380992
SE-FC-L2_FaceBased_R32.pth,AlexNet,L2,FaceBased,32,Full,6,0.003143697,0.054640755,0.091998868
SE-FC-L2_FaceBased_R32.pth,AlexNet,L2,FaceBased,32,Full,7,0.004559643,0.062214851,0.09625233
SE-FC-L2_FaceBased_R32.pth,AlexNet,L2,FaceBased,32,Full,8,0.00347829,0.069506161,0.111896738
SE-FC-L2_FaceBased_R32.pth,AlexNet,L2,FaceBased,32,Full,9,0.00268936,0.021481402,0.083339348
SE-FC-L2_FaceBased_R32.pth,AlexNet,L2,FaceBased,32,Full,10,0.004860183,0.045439851,0.079756252
SE-FC-L2_FaceBased_R32.pth,AlexNet,L2,FaceBased,32,Full,11,0.004183608,0.038976751,0.085518606
SE-FC-L2_FaceBased_R32.pth,AlexNet,L2,FaceBased,32,Full,12,0.003646267,0.01206072,0.066190153
SE-FC-L2_FaceBased_R32.pth,AlexNet,L2,FaceBased,32,Full,13,0.002668331,0.013255903,0.088479072
SE-FC-L2_FaceBased_R32.pth,AlexNet,L2,FaceBased,32,Full,14,0.004133194,0.038674183,0.101117216
SE-FC-L2_FaceBased_R32.pth,AlexNet,L2,FaceBased,32,Full,15,0.006584352,0.048388153,0.102848455
SE-FC-L2_FaceBased_R32.pth,AlexNet,L2,FaceBased,32,Full,16,0.00530391,0.031280968,0.100050129
SE-FC-L2_FaceBased_R32.pth,AlexNet,L2,FaceBased,32,Full,17,0.006260364,0.023393843,0.100738458
SE-FC-L2_FaceBased_R32.pth,AlexNet,L2,FaceBased,32,Full,18,0.006048854,0.037702557,0.107261635
SE-FC-L2_FaceBased_R32.pth,AlexNet,L2,FaceBased,32,Full,19,0.003398894,0.044841822,0.151452675
SE-FC-L2_FaceBased_R32.pth,AlexNet,L2,FaceBased,32,Full,20,0.003693435,0.039082151,0.132210582
SE-FC-L2_FaceBased_R32.pth,AlexNet,L2,FaceBased,32,Full,21,0.003304028,0.039115649,0.105201378
SE-FC-L2_FaceBased_R32.pth,AlexNet,L2,FaceBased,32,M,1,0.020441504,0.057599947,0.023055015
SE-FC-L2_FaceBased_R32.pth,AlexNet,L2,FaceBased,32,M,2,0.030836688,0.060578991,0.031698819
SE-FC-L2_FaceBased_R32.pth,AlexNet,L2,FaceBased,32,M,3,0.027936054,0.061483398,0.0298342
SE-FC-L2_FaceBased_R32.pth,AlexNet,L2,FaceBased,32,M,4,0.030106129,0.071375921,0.029876877
SE-FC-L2_FaceBased_R32.pth,AlexNet,L2,FaceBased,32,M,5,0.027398175,0.063536897,0.04330169
SE-FC-L2_FaceBased_R32.pth,AlexNet,L2,FaceBased,32,M,6,0.022969341,0.060800672,0.044423863
SE-FC-L2_FaceBased_R32.pth,AlexNet,L2,FaceBased,32,M,7,0.023620978,0.065859638,0.030195758
SE-FC-L2_FaceBased_R32.pth,AlexNet,L2,FaceBased,32,M,8,0.029851027,0.071378045,0.028174238
SE-FC-L2_FaceBased_R32.pth,AlexNet,L2,FaceBased,32,M,9,0.02221079,0.052275296,0.029932624
SE-FC-L2_FaceBased_R32.pth,AlexNet,L2,FaceBased,32,M,10,0.019988073,0.053591061,0.031746827
SE-FC-L2_FaceBased_R32.pth,AlexNet,L2,FaceBased,32,M,11,0.015246825,0.052696142,0.035339579
SE-FC-L2_FaceBased_R32.pth,AlexNet,L2,FaceBased,32,M,12,0.018685764,0.046828393,0.034564026
SE-FC-L2_FaceBased_R32.pth,AlexNet,L2,FaceBased,32,M,13,0.016092146,0.048137564,0.035179019
SE-FC-L2_FaceBased_R32.pth,AlexNet,L2,FaceBased,32,M,14,0.020955712,0.06347923,0.042213436
SE-FC-L2_FaceBased_R32.pth,AlexNet,L2,FaceBased,32,M,15,0.018037381,0.063782975,0.045580573
SE-FC-L2_FaceBased_R32.pth,AlexNet,L2,FaceBased,32,M,16,0.02127194,0.072533198,0.046906512
SE-FC-L2_FaceBased_R32.pth,AlexNet,L2,FaceBased,32,M,17,0.022718491,0.079251043,0.041803245
SE-FC-L2_FaceBased_R32.pth,AlexNet,L2,FaceBased,32,M,18,0.023677608,0.08107806,0.042877018
SE-FC-L2_FaceBased_R32.pth,AlexNet,L2,FaceBased,32,M,19,0.023831956,0.081878386,0.032492369
SE-FC-L2_FaceBased_R32.pth,AlexNet,L2,FaceBased,32,M,20,0.025559906,0.076366581,0.039688911
SE-FC-L2_FaceBased_R32.pth,AlexNet,L2,FaceBased,32,M,21,0.01668698,0.072631471,0.017987169
SE-FC-L2_FaceBased_R32.pth,AlexNet,L2,FaceBased,32,N,1,0.114157103,0.022872806,0.103847533
SE-FC-L2_FaceBased_R32.pth,AlexNet,L2,FaceBased,32,N,2,0.112236507,0.020705225,0.103081405
SE-FC-L2_FaceBased_R32.pth,AlexNet,L2,FaceBased,32,N,3,0.118854478,0.012041942,0.10066177
SE-FC-L2_FaceBased_R32.pth,AlexNet,L2,FaceBased,32,N,4,0.124931023,0.006676553,0.112569682
SE-FC-L2_FaceBased_R32.pth,AlexNet,L2,FaceBased,32,N,5,0.116215535,0.008826032,0.103983119
SE-FC-L2_FaceBased_R32.pth,AlexNet,L2,FaceBased,32,N,6,0.127968043,0.008548691,0.118489631
SE-FC-L2_FaceBased_R32.pth,AlexNet,L2,FaceBased,32,N,7,0.111309968,0.018892486,0.101111956
SE-FC-L2_FaceBased_R32.pth,AlexNet,L2,FaceBased,32,N,8,0.113723844,0.009999393,0.096045472
SE-FC-L2_FaceBased_R32.pth,AlexNet,L2,FaceBased,32,N,9,0.112872958,0.019932123,0.102195144
SE-FC-L2_FaceBased_R32.pth,AlexNet,L2,FaceBased,32,N,10,0.1171517,0.019984806,0.097429916
SE-FC-L2_FaceBased_R32.pth,AlexNet,L2,FaceBased,32,N,11,0.101289682,0.02218472,0.095505618
SE-FC-L2_FaceBased_R32.pth,AlexNet,L2,FaceBased,32,N,12,0.10540016,0.027137553,0.104642816
SE-FC-L2_FaceBased_R32.pth,AlexNet,L2,FaceBased,32,N,13,0.113371462,0.023822263,0.109502345
SE-FC-L2_FaceBased_R32.pth,AlexNet,L2,FaceBased,32,N,14,0.114137769,0.027166536,0.105729401
SE-FC-L2_FaceBased_R32.pth,AlexNet,L2,FaceBased,32,N,15,0.108391762,0.030312927,0.104655899
SE-FC-L2_FaceBased_R32.pth,AlexNet,L2,FaceBased,32,N,16,0.11805439,0.038422249,0.106771976
SE-FC-L2_FaceBased_R32.pth,AlexNet,L2,FaceBased,32,N,17,0.122373082,0.026739938,0.105307996
SE-FC-L2_FaceBased_R32.pth,AlexNet,L2,FaceBased,32,N,18,0.121375173,0.012479891,0.114774652
SE-FC-L2_FaceBased_R32.pth,AlexNet,L2,FaceBased,32,N,19,0.123241581,0.01412056,0.105856635
SE-FC-L2_FaceBased_R32.pth,AlexNet,L2,FaceBased,32,N,20,0.115371674,0.017332345,0.106437325
SE-FC-L2_FaceBased_R32.pth,AlexNet,L2,FaceBased,32,N,21,0.10757231,0.021863708,0.099943273
SE-FC-L2_ObjectBased_R32.pth,AlexNet,L2,ObjectBased,32,E,1,0.088058487,0,0
SE-FC-L2_ObjectBased_R32.pth,AlexNet,L2,ObjectBased,32,E,2,0.097753234,0,0
SE-FC-L2_ObjectBased_R32.pth,AlexNet,L2,ObjectBased,32,E,3,0.097753234,0,0
SE-FC-L2_ObjectBased_R32.pth,AlexNet,L2,ObjectBased,32,E,4,0.07741712,0,0
SE-FC-L2_ObjectBased_R32.pth,AlexNet,L2,ObjectBased,32,E,5,0.080132551,0,0
SE-FC-L2_ObjectBased_R32.pth,AlexNet,L2,ObjectBased,32,E,6,0.052400786,0,0
SE-FC-L2_ObjectBased_R32.pth,AlexNet,L2,ObjectBased,32,E,7,0.038638875,0,0
SE-FC-L2_ObjectBased_R32.pth,AlexNet,L2,ObjectBased,32,E,8,0.03116978,0,0
SE-FC-L2_ObjectBased_R32.pth,AlexNet,L2,ObjectBased,32,E,9,0.026698105,0,0
SE-FC-L2_ObjectBased_R32.pth,AlexNet,L2,ObjectBased,32,E,10,0.023511101,0,0
SE-FC-L2_ObjectBased_R32.pth,AlexNet,L2,ObjectBased,32,E,11,0.10073512,0,0
SE-FC-L2_ObjectBased_R32.pth,AlexNet,L2,ObjectBased,32,E,12,0.089726806,0,0
SE-FC-L2_ObjectBased_R32.pth,AlexNet,L2,ObjectBased,32,E,13,0.115285426,0,0
SE-FC-L2_ObjectBased_R32.pth,AlexNet,L2,ObjectBased,32,E,14,0.09619119,0,0
SE-FC-L2_ObjectBased_R32.pth,AlexNet,L2,ObjectBased,32,E,15,0.083805047,0,0
SE-FC-L2_ObjectBased_R32.pth,AlexNet,L2,ObjectBased,32,E,16,0.068421185,0,0
SE-FC-L2_ObjectBased_R32.pth,AlexNet,L2,ObjectBased,32,E,17,0.068909235,0,0
SE-FC-L2_ObjectBased_R32.pth,AlexNet,L2,ObjectBased,32,E,18,0.124154493,0,0
SE-FC-L2_ObjectBased_R32.pth,AlexNet,L2,ObjectBased,32,E,19,0.142073184,0,0
SE-FC-L2_ObjectBased_R32.pth,AlexNet,L2,ObjectBased,32,E,20,0.063413166,0,0
SE-FC-L2_ObjectBased_R32.pth,AlexNet,L2,ObjectBased,32,E,21,0.057782561,0,0
SE-FC-L2_ObjectBased_R32.pth,AlexNet,L2,ObjectBased,32,Full,1,0,0,0
SE-FC-L2_ObjectBased_R32.pth,AlexNet,L2,ObjectBased,32,Full,2,0,0,0
SE-FC-L2_ObjectBased_R32.pth,AlexNet,L2,ObjectBased,32,Full,3,0,0,0
SE-FC-L2_ObjectBased_R32.pth,AlexNet,L2,ObjectBased,32,Full,4,0,0,0
SE-FC-L2_ObjectBased_R32.pth,AlexNet,L2,ObjectBased,32,Full,5,0,0,0
SE-FC-L2_ObjectBased_R32.pth,AlexNet,L2,ObjectBased,32,Full,6,0,0,0
SE-FC-L2_ObjectBased_R32.pth,AlexNet,L2,ObjectBased,32,Full,7,0,0,0
SE-FC-L2_ObjectBased_R32.pth,AlexNet,L2,ObjectBased,32,Full,8,0,0,0
SE-FC-L2_ObjectBased_R32.pth,AlexNet,L2,ObjectBased,32,Full,9,0,0,0
SE-FC-L2_ObjectBased_R32.pth,AlexNet,L2,ObjectBased,32,Full,10,0,0,0
SE-FC-L2_ObjectBased_R32.pth,AlexNet,L2,ObjectBased,32,Full,11,0,0,0
SE-FC-L2_ObjectBased_R32.pth,AlexNet,L2,ObjectBased,32,Full,12,0,0,0
SE-FC-L2_ObjectBased_R32.pth,AlexNet,L2,ObjectBased,32,Full,13,0,0,0
SE-FC-L2_ObjectBased_R32.pth,AlexNet,L2,ObjectBased,32,Full,14,0,0,0
SE-FC-L2_ObjectBased_R32.pth,AlexNet,L2,ObjectBased,32,Full,15,0,0,0
SE-FC-L2_ObjectBased_R32.pth,AlexNet,L2,ObjectBased,32,Full,16,0,0,0
SE-FC-L2_ObjectBased_R32.pth,AlexNet,L2,ObjectBased,32,Full,17,0,0,0
SE-FC-L2_ObjectBased_R32.pth,AlexNet,L2,ObjectBased,32,Full,18,0,0,0
SE-FC-L2_ObjectBased_R32.pth,AlexNet,L2,ObjectBased,32,Full,19,0,0,0
SE-FC-L2_ObjectBased_R32.pth,AlexNet,L2,ObjectBased,32,Full,20,0,0,0.064547725
SE-FC-L2_ObjectBased_R32.pth,AlexNet,L2,ObjectBased,32,Full,21,0.018164096,0,0.075425453
SE-FC-L2_ObjectBased_R32.pth,AlexNet,L2,ObjectBased,32,M,1,0,0,0
SE-FC-L2_ObjectBased_R32.pth,AlexNet,L2,ObjectBased,32,M,2,0,0,0
SE-FC-L2_ObjectBased_R32.pth,AlexNet,L2,ObjectBased,32,M,3,0,0,0
SE-FC-L2_ObjectBased_R32.pth,AlexNet,L2,ObjectBased,32,M,4,0,0,0
SE-FC-L2_ObjectBased_R32.pth,AlexNet,L2,ObjectBased,32,M,5,0,0,0
SE-FC-L2_ObjectBased_R32.pth,AlexNet,L2,ObjectBased,32,M,6,0,0,0
SE-FC-L2_ObjectBased_R32.pth,AlexNet,L2,ObjectBased,32,M,7,0,0,0
SE-FC-L2_ObjectBased_R32.pth,AlexNet,L2,ObjectBased,32,M,8,0,0,0
SE-FC-L2_ObjectBased_R32.pth,AlexNet,L2,ObjectBased,32,M,9,0,0,0
SE-FC-L2_ObjectBased_R32.pth,AlexNet,L2,ObjectBased,32,M,10,0,8.57E-05,0.000989957
SE-FC-L2_ObjectBased_R32.pth,AlexNet,L2,ObjectBased,32,M,11,0,0,0
SE-FC-L2_ObjectBased_R32.pth,AlexNet,L2,ObjectBased,32,M,12,0,0,0
SE-FC-L2_ObjectBased_R32.pth,AlexNet,L2,ObjectBased,32,M,13,0,0,0
SE-FC-L2_ObjectBased_R32.pth,AlexNet,L2,ObjectBased,32,M,14,0,0,0
SE-FC-L2_ObjectBased_R32.pth,AlexNet,L2,ObjectBased,32,M,15,0,0,0
SE-FC-L2_ObjectBased_R32.pth,AlexNet,L2,ObjectBased,32,M,16,0,0,0
SE-FC-L2_ObjectBased_R32.pth,AlexNet,L2,ObjectBased,32,M,17,0,0.000322409,0.003723837
SE-FC-L2_ObjectBased_R32.pth,AlexNet,L2,ObjectBased,32,M,18,0,0.000567361,0.006553052
SE-FC-L2_ObjectBased_R32.pth,AlexNet,L2,ObjectBased,32,M,19,0,0.000471814,0.005449472
SE-FC-L2_ObjectBased_R32.pth,AlexNet,L2,ObjectBased,32,M,20,0,0.000244934,0.002829001
SE-FC-L2_ObjectBased_R32.pth,AlexNet,L2,ObjectBased,32,M,21,0.000880014,0.000399752,0.00461716
SE-FC-L2_ObjectBased_R32.pth,AlexNet,L2,ObjectBased,32,N,1,0.000454823,0.157457322,0.105357826
SE-FC-L2_ObjectBased_R32.pth,AlexNet,L2,ObjectBased,32,N,2,0.000322842,0.101167046,0.093139082
SE-FC-L2_ObjectBased_R32.pth,AlexNet,L2,ObjectBased,32,N,3,2.50E-05,0.016583867,0.095902331
SE-FC-L2_ObjectBased_R32.pth,AlexNet,L2,ObjectBased,32,N,4,0.000576239,0.111713558,0.084128931
SE-FC-L2_ObjectBased_R32.pth,AlexNet,L2,ObjectBased,32,N,5,0.000401926,0.131495327,0.142099559
SE-FC-L2_ObjectBased_R32.pth,AlexNet,L2,ObjectBased,32,N,6,0.000581043,0.015110182,0.158028841
SE-FC-L2_ObjectBased_R32.pth,AlexNet,L2,ObjectBased,32,N,7,0.001037218,0.097845443,0.091983914
SE-FC-L2_ObjectBased_R32.pth,AlexNet,L2,ObjectBased,32,N,8,0.001061109,0.050952777,0.103561558
SE-FC-L2_ObjectBased_R32.pth,AlexNet,L2,ObjectBased,32,N,9,0.001926297,0.067370802,0.143709108
SE-FC-L2_ObjectBased_R32.pth,AlexNet,L2,ObjectBased,32,N,10,0.003112899,0.109161846,0.130132228
SE-FC-L2_ObjectBased_R32.pth,AlexNet,L2,ObjectBased,32,N,11,0.002244537,0.11545065,0.136476085
SE-FC-L2_ObjectBased_R32.pth,AlexNet,L2,ObjectBased,32,N,12,0.00533967,0.082767464,0.113642007
SE-FC-L2_ObjectBased_R32.pth,AlexNet,L2,ObjectBased,32,N,13,0.008665415,0.11793986,0.08048857
SE-FC-L2_ObjectBased_R32.pth,AlexNet,L2,ObjectBased,32,N,14,0.007059289,0.075843282,0.072157905
SE-FC-L2_ObjectBased_R32.pth,AlexNet,L2,ObjectBased,32,N,15,0.008353797,0.103198528,0.060110312
SE-FC-L2_ObjectBased_R32.pth,AlexNet,L2,ObjectBased,32,N,16,0.009619826,0.122362196,0.055187389
SE-FC-L2_ObjectBased_R32.pth,AlexNet,L2,ObjectBased,32,N,17,0.006993121,0.095373787,0.051339027
SE-FC-L2_ObjectBased_R32.pth,AlexNet,L2,ObjectBased,32,N,18,0.003139518,0.056901176,0.08054626
SE-FC-L2_ObjectBased_R32.pth,AlexNet,L2,ObjectBased,32,N,19,0.004629849,0.120720558,0.047017127
SE-FC-L2_ObjectBased_R32.pth,AlexNet,L2,ObjectBased,32,N,20,0.000649469,0.088915356,0.06551829
SE-FC-L2_ObjectBased_R32.pth,AlexNet,L2,ObjectBased,32,N,21,0.00063574,0.089469269,0.044896726
SE-FC-L3_FaceBased_R2.pth,AlexNet,L3,FaceBased,2,E,1,0.056215502,0.066439845,0.130437404
SE-FC-L3_FaceBased_R2.pth,AlexNet,L3,FaceBased,2,E,2,0.058867779,0.048997067,0.150603846
SE-FC-L3_FaceBased_R2.pth,AlexNet,L3,FaceBased,2,E,3,0.053942919,0.072897591,0.150281891
SE-FC-L3_FaceBased_R2.pth,AlexNet,L3,FaceBased,2,E,4,0.065155081,0.057545513,0.16391471
SE-FC-L3_FaceBased_R2.pth,AlexNet,L3,FaceBased,2,E,5,0.031392738,0.050316669,0.211799562
SE-FC-L3_FaceBased_R2.pth,AlexNet,L3,FaceBased,2,E,6,0.024976404,0.039918579,0.243218571
SE-FC-L3_FaceBased_R2.pth,AlexNet,L3,FaceBased,2,E,7,0.019868754,0.065117948,0.256138653
SE-FC-L3_FaceBased_R2.pth,AlexNet,L3,FaceBased,2,E,8,0.059335902,0.015565963,0.209595755
SE-FC-L3_FaceBased_R2.pth,AlexNet,L3,FaceBased,2,E,9,0.049705997,0.017778952,0.183097079
SE-FC-L3_FaceBased_R2.pth,AlexNet,L3,FaceBased,2,E,10,0.037270121,0.009456846,0.250689656
SE-FC-L3_FaceBased_R2.pth,AlexNet,L3,FaceBased,2,E,11,0.080427475,0.036914285,0.172847494
SE-FC-L3_FaceBased_R2.pth,AlexNet,L3,FaceBased,2,E,12,0.064831287,0.008763468,0.137557939
SE-FC-L3_FaceBased_R2.pth,AlexNet,L3,FaceBased,2,E,13,0.171298444,0.082483009,0.00351575
SE-FC-L3_FaceBased_R2.pth,AlexNet,L3,FaceBased,2,E,14,0.101879686,0.063320257,0
SE-FC-L3_FaceBased_R2.pth,AlexNet,L3,FaceBased,2,E,15,0.356264949,0.022504466,0
SE-FC-L3_FaceBased_R2.pth,AlexNet,L3,FaceBased,2,E,16,0.04431824,0.019673085,0.07119263
SE-FC-L3_FaceBased_R2.pth,AlexNet,L3,FaceBased,2,E,17,0.051422991,0.069076762,0.109871842
SE-FC-L3_FaceBased_R2.pth,AlexNet,L3,FaceBased,2,E,18,0.042131253,0.108629838,0.122128956
SE-FC-L3_FaceBased_R2.pth,AlexNet,L3,FaceBased,2,E,19,0,0,0
SE-FC-L3_FaceBased_R2.pth,AlexNet,L3,FaceBased,2,E,20,0.000289925,0.030337501,0.289258987
SE-FC-L3_FaceBased_R2.pth,AlexNet,L3,FaceBased,2,E,21,0.009516606,0.037587322,0.182155281
SE-FC-L3_FaceBased_R2.pth,AlexNet,L3,FaceBased,2,Full,1,0.008032178,0.229695424,0.170885041
SE-FC-L3_FaceBased_R2.pth,AlexNet,L3,FaceBased,2,Full,2,0.020411272,0.148558885,0.105712928
SE-FC-L3_FaceBased_R2.pth,AlexNet,L3,FaceBased,2,Full,3,0.008315594,0.175302759,0.141552567
SE-FC-L3_FaceBased_R2.pth,AlexNet,L3,FaceBased,2,Full,4,0.034552336,0.164417148,0.136234179
SE-FC-L3_FaceBased_R2.pth,AlexNet,L3,FaceBased,2,Full,5,0.012439106,0.210579515,0.22081086
SE-FC-L3_FaceBased_R2.pth,AlexNet,L3,FaceBased,2,Full,6,0.156234354,0.098029681,0.005545883
SE-FC-L3_FaceBased_R2.pth,AlexNet,L3,FaceBased,2,Full,7,0.100344427,0.108254574,0.002966451
SE-FC-L3_FaceBased_R2.pth,AlexNet,L3,FaceBased,2,Full,8,0.345209092,0.227548331,0
SE-FC-L3_FaceBased_R2.pth,AlexNet,L3,FaceBased,2,Full,9,0.230224296,0.158312008,0.000531355
SE-FC-L3_FaceBased_R2.pth,AlexNet,L3,FaceBased,2,Full,10,0.251090586,0.178332433,0.000446284
SE-FC-L3_FaceBased_R2.pth,AlexNet,L3,FaceBased,2,Full,11,0.228562355,0.165840864,0.00225279
SE-FC-L3_FaceBased_R2.pth,AlexNet,L3,FaceBased,2,Full,12,0.301078111,0.154155836,0.000310714
SE-FC-L3_FaceBased_R2.pth,AlexNet,L3,FaceBased,2,Full,13,0.258295983,0.201196074,0.000368044
SE-FC-L3_FaceBased_R2.pth,AlexNet,L3,FaceBased,2,Full,14,0.265161991,0.227060512,2.30E-06
SE-FC-L3_FaceBased_R2.pth,AlexNet,L3,FaceBased,2,Full,15,0.299316764,0.27857694,0
SE-FC-L3_FaceBased_R2.pth,AlexNet,L3,FaceBased,2,Full,16,0.322667122,0.250677764,0
SE-FC-L3_FaceBased_R2.pth,AlexNet,L3,FaceBased,2,Full,17,0.275252789,0.301266432,0
SE-FC-L3_FaceBased_R2.pth,AlexNet,L3,FaceBased,2,Full,18,0.237775937,0.324289858,0
SE-FC-L3_FaceBased_R2.pth,AlexNet,L3,FaceBased,2,Full,19,0.330644608,0,0.468319923
SE-FC-L3_FaceBased_R2.pth,AlexNet,L3,FaceBased,2,Full,20,0.004812954,0.039972633,0.537034869
SE-FC-L3_FaceBased_R2.pth,AlexNet,L3,FaceBased,2,Full,21,0,0.240609303,0.336712599
SE-FC-L3_FaceBased_R2.pth,AlexNet,L3,FaceBased,2,M,1,0.132819608,0.024594208,0
SE-FC-L3_FaceBased_R2.pth,AlexNet,L3,FaceBased,2,M,2,0.07393682,0.01574122,0.01673376
SE-FC-L3_FaceBased_R2.pth,AlexNet,L3,FaceBased,2,M,3,0.011841978,0.03532226,0.012331779
SE-FC-L3_FaceBased_R2.pth,AlexNet,L3,FaceBased,2,M,4,0.015255554,0.016901542,0.060334366
SE-FC-L3_FaceBased_R2.pth,AlexNet,L3,FaceBased,2,M,5,0.040149651,0.008800115,0.016249305
SE-FC-L3_FaceBased_R2.pth,AlexNet,L3,FaceBased,2,M,6,0.070609771,0.021565681,0.069008768
SE-FC-L3_FaceBased_R2.pth,AlexNet,L3,FaceBased,2,M,7,0.086232647,0.009246559,0.012960243
SE-FC-L3_FaceBased_R2.pth,AlexNet,L3,FaceBased,2,M,8,0.02788485,0.018847384,0.110457093
SE-FC-L3_FaceBased_R2.pth,AlexNet,L3,FaceBased,2,M,9,0.02500787,0.024015728,0.089182258
SE-FC-L3_FaceBased_R2.pth,AlexNet,L3,FaceBased,2,M,10,0.073751979,0.011632464,0.074942186
SE-FC-L3_FaceBased_R2.pth,AlexNet,L3,FaceBased,2,M,11,0.185827777,5.12E-05,0
SE-FC-L3_FaceBased_R2.pth,AlexNet,L3,FaceBased,2,M,12,0.354161888,0.012373359,0.00125072
SE-FC-L3_FaceBased_R2.pth,AlexNet,L3,FaceBased,2,M,13,0.362863302,0.021910118,0.017128201
SE-FC-L3_FaceBased_R2.pth,AlexNet,L3,FaceBased,2,M,14,0.362919956,0.01120242,0.021661678
SE-FC-L3_FaceBased_R2.pth,AlexNet,L3,FaceBased,2,M,15,0.257824898,0.017856671,0.060858656
SE-FC-L3_FaceBased_R2.pth,AlexNet,L3,FaceBased,2,M,16,0.225161359,0.02610201,0.066716395
SE-FC-L3_FaceBased_R2.pth,AlexNet,L3,FaceBased,2,M,17,0.276994973,0.028418628,0.055149313
SE-FC-L3_FaceBased_R2.pth,AlexNet,L3,FaceBased,2,M,18,0.186797351,0.042295936,0.072893545
SE-FC-L3_FaceBased_R2.pth,AlexNet,L3,FaceBased,2,M,19,0.068908326,0.059175726,0.020151353
SE-FC-L3_FaceBased_R2.pth,AlexNet,L3,FaceBased,2,M,20,0.047223918,0.094718575,0.118867263
SE-FC-L3_FaceBased_R2.pth,AlexNet,L3,FaceBased,2,M,21,0.060944565,0.040457744,0.129367843
SE-FC-L3_FaceBased_R2.pth,AlexNet,L3,FaceBased,2,N,1,0.580846667,0.012284391,0
SE-FC-L3_FaceBased_R2.pth,AlexNet,L3,FaceBased,2,N,2,0.709893584,0.00528706,0
SE-FC-L3_FaceBased_R2.pth,AlexNet,L3,FaceBased,2,N,3,0.727942348,0.003132053,0
SE-FC-L3_FaceBased_R2.pth,AlexNet,L3,FaceBased,2,N,4,0.354354024,0.017380385,0.016096564
SE-FC-L3_FaceBased_R2.pth,AlexNet,L3,FaceBased,2,N,5,0.638487577,0.006405673,0
SE-FC-L3_FaceBased_R2.pth,AlexNet,L3,FaceBased,2,N,6,0.657436788,0.006628121,0
SE-FC-L3_FaceBased_R2.pth,AlexNet,L3,FaceBased,2,N,7,0.711568236,0.002170773,0
SE-FC-L3_FaceBased_R2.pth,AlexNet,L3,FaceBased,2,N,8,0.524570286,0.004976543,0.002888195
SE-FC-L3_FaceBased_R2.pth,AlexNet,L3,FaceBased,2,N,9,0.718406796,0.00152038,0
SE-FC-L3_FaceBased_R2.pth,AlexNet,L3,FaceBased,2,N,10,0.632849991,0.0182808,0
SE-FC-L3_FaceBased_R2.pth,AlexNet,L3,FaceBased,2,N,11,0.628986359,0.007983902,0
SE-FC-L3_FaceBased_R2.pth,AlexNet,L3,FaceBased,2,N,12,0.561880708,0.031130172,0.011586079
SE-FC-L3_FaceBased_R2.pth,AlexNet,L3,FaceBased,2,N,13,0.540894985,0.032227181,0.032712769
SE-FC-L3_FaceBased_R2.pth,AlexNet,L3,FaceBased,2,N,14,0.701277733,0.008116635,0
SE-FC-L3_FaceBased_R2.pth,AlexNet,L3,FaceBased,2,N,15,0.469460368,0.019780446,0.0491363
SE-FC-L3_FaceBased_R2.pth,AlexNet,L3,FaceBased,2,N,16,0.706112325,0.005641438,0.015923707
SE-FC-L3_FaceBased_R2.pth,AlexNet,L3,FaceBased,2,N,17,0.528605521,0.006620098,0.027946863
SE-FC-L3_FaceBased_R2.pth,AlexNet,L3,FaceBased,2,N,18,0.342728972,0.011778949,0.042098619
SE-FC-L3_FaceBased_R2.pth,AlexNet,L3,FaceBased,2,N,19,0.281052858,0.010402538,0.044354867
SE-FC-L3_FaceBased_R2.pth,AlexNet,L3,FaceBased,2,N,20,0.368952781,0.012952757,0.04998685
SE-FC-L3_FaceBased_R2.pth,AlexNet,L3,FaceBased,2,N,21,0.498926789,0.009166872,0.029575376
SE-FC-L3_ObjectBased_R2.pth,AlexNet,L3,ObjectBased,2,E,1,0.641638637,0,0
SE-FC-L3_ObjectBased_R2.pth,AlexNet,L3,ObjectBased,2,E,2,0.487488002,0,0
SE-FC-L3_ObjectBased_R2.pth,AlexNet,L3,ObjectBased,2,E,3,0.42344889,0,0.001212618
SE-FC-L3_ObjectBased_R2.pth,AlexNet,L3,ObjectBased,2,E,4,0.552558959,0,0.000819871
SE-FC-L3_ObjectBased_R2.pth,AlexNet,L3,ObjectBased,2,E,5,0.102376111,0,0.003187896
SE-FC-L3_ObjectBased_R2.pth,AlexNet,L3,ObjectBased,2,E,6,0.025256408,0,0.003693659
SE-FC-L3_ObjectBased_R2.pth,AlexNet,L3,ObjectBased,2,E,7,0.54000926,0,0.00141524
SE-FC-L3_ObjectBased_R2.pth,AlexNet,L3,ObjectBased,2,E,8,0.729126871,0,0
SE-FC-L3_ObjectBased_R2.pth,AlexNet,L3,ObjectBased,2,E,9,0.729126871,0,0
SE-FC-L3_ObjectBased_R2.pth,AlexNet,L3,ObjectBased,2,E,10,0,0,0
SE-FC-L3_ObjectBased_R2.pth,AlexNet,L3,ObjectBased,2,E,11,0,0,0
SE-FC-L3_ObjectBased_R2.pth,AlexNet,L3,ObjectBased,2,E,12,0.729126871,0,0
SE-FC-L3_ObjectBased_R2.pth,AlexNet,L3,ObjectBased,2,E,13,0.687349916,0,0
SE-FC-L3_ObjectBased_R2.pth,AlexNet,L3,ObjectBased,2,E,14,0.412073195,0,0
SE-FC-L3_ObjectBased_R2.pth,AlexNet,L3,ObjectBased,2,E,15,0.323293865,0,0
SE-FC-L3_ObjectBased_R2.pth,AlexNet,L3,ObjectBased,2,E,16,0.340250254,0,0.000102286
SE-FC-L3_ObjectBased_R2.pth,AlexNet,L3,ObjectBased,2,E,17,0.4264597,0,0
SE-FC-L3_ObjectBased_R2.pth,AlexNet,L3,ObjectBased,2,E,18,0.360737503,0,0
SE-FC-L3_ObjectBased_R2.pth,AlexNet,L3,ObjectBased,2,E,19,0.385761172,0,0.00065806
SE-FC-L3_ObjectBased_R2.pth,AlexNet,L3,ObjectBased,2,E,20,0.191177398,0,0.000798977
SE-FC-L3_ObjectBased_R2.pth,AlexNet,L3,ObjectBased,2,E,21,0.218616128,0,0.000233045
SE-FC-L3_ObjectBased_R2.pth,AlexNet,L3,ObjectBased,2,Full,1,0.159265324,0.077344604,0.081513554
SE-FC-L3_ObjectBased_R2.pth,AlexNet,L3,ObjectBased,2,Full,2,0.143679366,0.100042149,0.073417671
SE-FC-L3_ObjectBased_R2.pth,AlexNet,L3,ObjectBased,2,Full,3,0.198744088,0.140981197,0.108888835
SE-FC-L3_ObjectBased_R2.pth,AlexNet,L3,ObjectBased,2,Full,4,0.133894652,0.110561758,0.102080658
SE-FC-L3_ObjectBased_R2.pth,AlexNet,L3,ObjectBased,2,Full,5,0.139138654,0.126563236,0.08354041
SE-FC-L3_ObjectBased_R2.pth,AlexNet,L3,ObjectBased,2,Full,6,0.110763498,0.109528825,0.13222596
SE-FC-L3_ObjectBased_R2.pth,AlexNet,L3,ObjectBased,2,Full,7,0.187601939,0.137822524,0.0918677
SE-FC-L3_ObjectBased_R2.pth,AlexNet,L3,ObjectBased,2,Full,8,0.137010291,0.130289167,0.116165966
SE-FC-L3_ObjectBased_R2.pth,AlexNet,L3,ObjectBased,2,Full,9,0.129825473,0.122697137,0.131015956
SE-FC-L3_ObjectBased_R2.pth,AlexNet,L3,ObjectBased,2,Full,10,0.14802359,0.152580872,0.130999491
SE-FC-L3_ObjectBased_R2.pth,AlexNet,L3,ObjectBased,2,Full,11,0.1470595,0.151803389,0.155050308
SE-FC-L3_ObjectBased_R2.pth,AlexNet,L3,ObjectBased,2,Full,12,0.019425998,0,0.000392946
SE-FC-L3_ObjectBased_R2.pth,AlexNet,L3,ObjectBased,2,Full,13,0.139946669,0.126831934,0.099406011
SE-FC-L3_ObjectBased_R2.pth,AlexNet,L3,ObjectBased,2,Full,14,0.14485167,0.128967091,0.085211784
SE-FC-L3_ObjectBased_R2.pth,AlexNet,L3,ObjectBased,2,Full,15,0.232990474,0.204648033,0.067082122
SE-FC-L3_ObjectBased_R2.pth,AlexNet,L3,ObjectBased,2,Full,16,0.152471244,0.122897111,0.044191886
SE-FC-L3_ObjectBased_R2.pth,AlexNet,L3,ObjectBased,2,Full,17,0.000360171,0,4.82E-05
SE-FC-L3_ObjectBased_R2.pth,AlexNet,L3,ObjectBased,2,Full,18,0.199910432,0.18199417,0.092138849
SE-FC-L3_ObjectBased_R2.pth,AlexNet,L3,ObjectBased,2,Full,19,0.233064637,0.197543949,0.078343578
SE-FC-L3_ObjectBased_R2.pth,AlexNet,L3,ObjectBased,2,Full,20,0.236064494,0.207917154,0.088879786
SE-FC-L3_ObjectBased_R2.pth,AlexNet,L3,ObjectBased,2,Full,21,0.232112318,0.212262839,0.072403282
SE-FC-L3_ObjectBased_R2.pth,AlexNet,L3,ObjectBased,2,M,1,0.001027171,0.060430724,0.079623185
SE-FC-L3_ObjectBased_R2.pth,AlexNet,L3,ObjectBased,2,M,2,0.012413993,0.058507171,0.035732035
SE-FC-L3_ObjectBased_R2.pth,AlexNet,L3,ObjectBased,2,M,3,0.062707618,0.087538064,0.031133806
SE-FC-L3_ObjectBased_R2.pth,AlexNet,L3,ObjectBased,2,M,4,0.019825252,0.084878817,0.066977635
SE-FC-L3_ObjectBased_R2.pth,AlexNet,L3,ObjectBased,2,M,5,0.024346208,0.084440954,0.057281371
SE-FC-L3_ObjectBased_R2.pth,AlexNet,L3,ObjectBased,2,M,6,0.068845011,0.085576355,0.086386636
SE-FC-L3_ObjectBased_R2.pth,AlexNet,L3,ObjectBased,2,M,7,0.157712504,0.170380056,0.059302263
SE-FC-L3_ObjectBased_R2.pth,AlexNet,L3,ObjectBased,2,M,8,0.096840225,0.101834878,0.035470616
SE-FC-L3_ObjectBased_R2.pth,AlexNet,L3,ObjectBased,2,M,9,0.066193528,0.139543623,0.040471543
SE-FC-L3_ObjectBased_R2.pth,AlexNet,L3,ObjectBased,2,M,10,0.091234557,0.121916629,0.059517935
SE-FC-L3_ObjectBased_R2.pth,AlexNet,L3,ObjectBased,2,M,11,0.068924747,0.156770065,0.048911791
SE-FC-L3_ObjectBased_R2.pth,AlexNet,L3,ObjectBased,2,M,12,0.036163401,0.103102982,0.082771964
SE-FC-L3_ObjectBased_R2.pth,AlexNet,L3,ObjectBased,2,M,13,0.099321201,0.134853885,0.044745881
SE-FC-L3_ObjectBased_R2.pth,AlexNet,L3,ObjectBased,2,M,14,0.048916478,0.082628131,0.063114777
SE-FC-L3_ObjectBased_R2.pth,AlexNet,L3,ObjectBased,2,M,15,0.051176198,0.142935827,0.070942044
SE-FC-L3_ObjectBased_R2.pth,AlexNet,L3,ObjectBased,2,M,16,0.042273704,0.073366381,0.057352345
SE-FC-L3_ObjectBased_R2.pth,AlexNet,L3,ObjectBased,2,M,17,0.055054206,0.073583439,0.042419206
SE-FC-L3_ObjectBased_R2.pth,AlexNet,L3,ObjectBased,2,M,18,0.060632832,0.074339978,0.040619534
SE-FC-L3_ObjectBased_R2.pth,AlexNet,L3,ObjectBased,2,M,19,0.025363903,0.08674179,0.062269714
SE-FC-L3_ObjectBased_R2.pth,AlexNet,L3,ObjectBased,2,M,20,0.002323506,0.022001348,0.043661572
SE-FC-L3_ObjectBased_R2.pth,AlexNet,L3,ObjectBased,2,M,21,0.01259956,0.135592222,0.055050727
SE-FC-L3_ObjectBased_R2.pth,AlexNet,L3,ObjectBased,2,N,1,0.000930223,0,0
SE-FC-L3_ObjectBased_R2.pth,AlexNet,L3,ObjectBased,2,N,2,0.009716259,6.57E-05,0.000142065
SE-FC-L3_ObjectBased_R2.pth,AlexNet,L3,ObjectBased,2,N,3,0.013393633,0,0.000489275
SE-FC-L3_ObjectBased_R2.pth,AlexNet,L3,ObjectBased,2,N,4,0.006639961,0,0.000109557
SE-FC-L3_ObjectBased_R2.pth,AlexNet,L3,ObjectBased,2,N,5,0.004870476,0,0.000181637
SE-FC-L3_ObjectBased_R2.pth,AlexNet,L3,ObjectBased,2,N,6,0.001372617,0.064493038,0.001946541
SE-FC-L3_ObjectBased_R2.pth,AlexNet,L3,ObjectBased,2,N,7,0.00013334,0.052110936,0.003235745
SE-FC-L3_ObjectBased_R2.pth,AlexNet,L3,ObjectBased,2,N,8,0.030837437,0.065990604,0.003773951
SE-FC-L3_ObjectBased_R2.pth,AlexNet,L3,ObjectBased,2,N,9,0.03798354,0.066426471,0.006224629
SE-FC-L3_ObjectBased_R2.pth,AlexNet,L3,ObjectBased,2,N,10,0.083367079,0.000306975,0.004028913
SE-FC-L3_ObjectBased_R2.pth,AlexNet,L3,ObjectBased,2,N,11,0.095514476,0.001236146,0.005638193
SE-FC-L3_ObjectBased_R2.pth,AlexNet,L3,ObjectBased,2,N,12,0.044066776,0.041405953,0.006018251
SE-FC-L3_ObjectBased_R2.pth,AlexNet,L3,ObjectBased,2,N,13,0.113461681,0.088736951,0.013662802
SE-FC-L3_ObjectBased_R2.pth,AlexNet,L3,ObjectBased,2,N,14,0.169890672,0.038682491,0
SE-FC-L3_ObjectBased_R2.pth,AlexNet,L3,ObjectBased,2,N,15,0.270420849,0.239844814,0
SE-FC-L3_ObjectBased_R2.pth,AlexNet,L3,ObjectBased,2,N,16,0.705331266,0.031602591,0
SE-FC-L3_ObjectBased_R2.pth,AlexNet,L3,ObjectBased,2,N,17,0.591642916,0.169116899,0
SE-FC-L3_ObjectBased_R2.pth,AlexNet,L3,ObjectBased,2,N,18,0,0,0
SE-FC-L3_ObjectBased_R2.pth,AlexNet,L3,ObjectBased,2,N,19,0.510697961,0,0
SE-FC-L3_ObjectBased_R2.pth,AlexNet,L3,ObjectBased,2,N,20,0,0,0
SE-FC-L3_ObjectBased_R2.pth,AlexNet,L3,ObjectBased,2,N,21,0,0,0
SE-FC-L3_FaceBased_R4.pth,AlexNet,L3,FaceBased,4,E,1,0.002919511,0.007062755,0.152034461
SE-FC-L3_FaceBased_R4.pth,AlexNet,L3,FaceBased,4,E,2,0.004171096,0.001610354,0.169064656
SE-FC-L3_FaceBased_R4.pth,AlexNet,L3,FaceBased,4,E,3,0.002949908,0.002927188,0.127750397
SE-FC-L3_FaceBased_R4.pth,AlexNet,L3,FaceBased,4,E,4,0.016951477,0.002003332,0.096131936
SE-FC-L3_FaceBased_R4.pth,AlexNet,L3,FaceBased,4,E,5,0.029278405,0.000996655,0.089186572
SE-FC-L3_FaceBased_R4.pth,AlexNet,L3,FaceBased,4,E,6,0.02651752,0.001897841,0.09323366
SE-FC-L3_FaceBased_R4.pth,AlexNet,L3,FaceBased,4,E,7,0.046835002,0.004731269,0.085040189
SE-FC-L3_FaceBased_R4.pth,AlexNet,L3,FaceBased,4,E,8,0.055090077,0.005252494,0.059910491
SE-FC-L3_FaceBased_R4.pth,AlexNet,L3,FaceBased,4,E,9,0.047034297,0.007042508,0.066534892
SE-FC-L3_FaceBased_R4.pth,AlexNet,L3,FaceBased,4,E,10,0.061738107,0.009131413,0.052500401
SE-FC-L3_FaceBased_R4.pth,AlexNet,L3,FaceBased,4,E,11,0.072754011,0.008534528,0.052195493
SE-FC-L3_FaceBased_R4.pth,AlexNet,L3,FaceBased,4,E,12,0.013626535,0.01418483,0.052431483
SE-FC-L3_FaceBased_R4.pth,AlexNet,L3,FaceBased,4,E,13,0.002821988,0.007863426,0.03826936
SE-FC-L3_FaceBased_R4.pth,AlexNet,L3,FaceBased,4,E,14,0.025533441,0.004562747,0.031205118
SE-FC-L3_FaceBased_R4.pth,AlexNet,L3,FaceBased,4,E,15,0.009005491,0.003559378,0.027753124
SE-FC-L3_FaceBased_R4.pth,AlexNet,L3,FaceBased,4,E,16,0.017887939,0.019857811,0.035221655
SE-FC-L3_FaceBased_R4.pth,AlexNet,L3,FaceBased,4,E,17,0.014519963,0.009145283,0.080382928
SE-FC-L3_FaceBased_R4.pth,AlexNet,L3,FaceBased,4,E,18,0.061220795,0.006853483,0.071488567
SE-FC-L3_FaceBased_R4.pth,AlexNet,L3,FaceBased,4,E,19,0.016898399,0.015485454,0.011593142
SE-FC-L3_FaceBased_R4.pth,AlexNet,L3,FaceBased,4,E,20,0.03025225,0.034382012,0.029672161
SE-FC-L3_FaceBased_R4.pth,AlexNet,L3,FaceBased,4,E,21,0.02764684,0.073487088,0.082076326
SE-FC-L3_FaceBased_R4.pth,AlexNet,L3,FaceBased,4,Full,1,0.363562673,0.122252241,0.000220424
SE-FC-L3_FaceBased_R4.pth,AlexNet,L3,FaceBased,4,Full,2,0.269254982,0.144183889,0.003462864
SE-FC-L3_FaceBased_R4.pth,AlexNet,L3,FaceBased,4,Full,3,0.318167418,0.106857002,0.00305837
SE-FC-L3_FaceBased_R4.pth,AlexNet,L3,FaceBased,4,Full,4,0,0,0
SE-FC-L3_FaceBased_R4.pth,AlexNet,L3,FaceBased,4,Full,5,0,0.014763502,0
SE-FC-L3_FaceBased_R4.pth,AlexNet,L3,FaceBased,4,Full,6,0.000102749,0.001726389,0.003042676
SE-FC-L3_FaceBased_R4.pth,AlexNet,L3,FaceBased,4,Full,7,0,0.001417406,0.019827019
SE-FC-L3_FaceBased_R4.pth,AlexNet,L3,FaceBased,4,Full,8,0.000712713,0.005851603,0.091449074
SE-FC-L3_FaceBased_R4.pth,AlexNet,L3,FaceBased,4,Full,9,0.000268075,0.001499057,0.001079183
SE-FC-L3_FaceBased_R4.pth,AlexNet,L3,FaceBased,4,Full,10,0.000430175,0.003183494,0.000405373
SE-FC-L3_FaceBased_R4.pth,AlexNet,L3,FaceBased,4,Full,11,0,0.008026351,0.013155313
SE-FC-L3_FaceBased_R4.pth,AlexNet,L3,FaceBased,4,Full,12,0.393146366,0.122708805,9.43E-05
SE-FC-L3_FaceBased_R4.pth,AlexNet,L3,FaceBased,4,Full,13,0.509251058,0.118160985,0.003947835
SE-FC-L3_FaceBased_R4.pth,AlexNet,L3,FaceBased,4,Full,14,0.216337711,0.285653144,0.049121056
SE-FC-L3_FaceBased_R4.pth,AlexNet,L3,FaceBased,4,Full,15,0.305306733,0.016971994,0.004024738
SE-FC-L3_FaceBased_R4.pth,AlexNet,L3,FaceBased,4,Full,16,0.04599632,0.143431038,0
SE-FC-L3_FaceBased_R4.pth,AlexNet,L3,FaceBased,4,Full,17,0.020802708,0.091641881,0
SE-FC-L3_FaceBased_R4.pth,AlexNet,L3,FaceBased,4,Full,18,0,0.017255452,0.463139772
SE-FC-L3_FaceBased_R4.pth,AlexNet,L3,FaceBased,4,Full,19,0,0.017011963,0.3820104
SE-FC-L3_FaceBased_R4.pth,AlexNet,L3,FaceBased,4,Full,20,0.07135693,0.148865238,0.247971699
SE-FC-L3_FaceBased_R4.pth,AlexNet,L3,FaceBased,4,Full,21,0.046581116,0.184612259,0.241831526
SE-FC-L3_FaceBased_R4.pth,AlexNet,L3,FaceBased,4,M,1,0.074042007,0.066859677,0.172191218
SE-FC-L3_FaceBased_R4.pth,AlexNet,L3,FaceBased,4,M,2,0.03332381,0.073706098,0.146476656
SE-FC-L3_FaceBased_R4.pth,AlexNet,L3,FaceBased,4,M,3,0.056706592,0.081598662,0.132516623
SE-FC-L3_FaceBased_R4.pth,AlexNet,L3,FaceBased,4,M,4,0.01871413,0.077207528,0.157363772
SE-FC-L3_FaceBased_R4.pth,AlexNet,L3,FaceBased,4,M,5,0.164247185,0.113639317,0.098407343
SE-FC-L3_FaceBased_R4.pth,AlexNet,L3,FaceBased,4,M,6,0.181107908,0.298064321,0.085664064
SE-FC-L3_FaceBased_R4.pth,AlexNet,L3,FaceBased,4,M,7,0.204513907,0.111925691,0.157250047
SE-FC-L3_FaceBased_R4.pth,AlexNet,L3,FaceBased,4,M,8,0,0,0
SE-FC-L3_FaceBased_R4.pth,AlexNet,L3,FaceBased,4,M,9,0.042044207,0.104715973,0.267626405
SE-FC-L3_FaceBased_R4.pth,AlexNet,L3,FaceBased,4,M,10,0.0070397,0.19437252,0.023189984
SE-FC-L3_FaceBased_R4.pth,AlexNet,L3,FaceBased,4,M,11,0.04599632,0.143431038,0
SE-FC-L3_FaceBased_R4.pth,AlexNet,L3,FaceBased,4,M,12,0,0,0
SE-FC-L3_FaceBased_R4.pth,AlexNet,L3,FaceBased,4,M,13,0,0.081285395,0.217570171
SE-FC-L3_FaceBased_R4.pth,AlexNet,L3,FaceBased,4,M,14,0.000515088,0.244748414,0.225977734
SE-FC-L3_FaceBased_R4.pth,AlexNet,L3,FaceBased,4,M,15,0,0.128865808,0.196317703
SE-FC-L3_FaceBased_R4.pth,AlexNet,L3,FaceBased,4,M,16,0,0.227643073,0.193309382
SE-FC-L3_FaceBased_R4.pth,AlexNet,L3,FaceBased,4,M,17,1.64E-05,0.130794063,0.174809009
SE-FC-L3_FaceBased_R4.pth,AlexNet,L3,FaceBased,4,M,18,0.00066254,0.096856274,0.155102462
SE-FC-L3_FaceBased_R4.pth,AlexNet,L3,FaceBased,4,M,19,0.006221395,0.087710597,0.137469545
SE-FC-L3_FaceBased_R4.pth,AlexNet,L3,FaceBased,4,M,20,0.00528448,0.07461758,0.161488608
SE-FC-L3_FaceBased_R4.pth,AlexNet,L3,FaceBased,4,M,21,0.01146295,0.071531385,0.15304248
SE-FC-L3_FaceBased_R4.pth,AlexNet,L3,FaceBased,4,N,1,0.085845113,0.106939837,0.065136403
SE-FC-L3_FaceBased_R4.pth,AlexNet,L3,FaceBased,4,N,2,0.018409571,0.062971249,0.081506349
SE-FC-L3_FaceBased_R4.pth,AlexNet,L3,FaceBased,4,N,3,0.011626131,0.054070134,0.083649293
SE-FC-L3_FaceBased_R4.pth,AlexNet,L3,FaceBased,4,N,4,0.014992668,0.063135028,0.088631772
SE-FC-L3_FaceBased_R4.pth,AlexNet,L3,FaceBased,4,N,5,0.024589231,0.074945189,0.092673235
SE-FC-L3_FaceBased_R4.pth,AlexNet,L3,FaceBased,4,N,6,0.03010167,0.078184493,0.091288134
SE-FC-L3_FaceBased_R4.pth,AlexNet,L3,FaceBased,4,N,7,0.03054137,0.075545304,0.077754632
SE-FC-L3_FaceBased_R4.pth,AlexNet,L3,FaceBased,4,N,8,0.018185388,0.087703988,0.087179601
SE-FC-L3_FaceBased_R4.pth,AlexNet,L3,FaceBased,4,N,9,0.005940371,0.08139798,0.074087828
SE-FC-L3_FaceBased_R4.pth,AlexNet,L3,FaceBased,4,N,10,0.007353964,0.071981981,0.085251004
SE-FC-L3_FaceBased_R4.pth,AlexNet,L3,FaceBased,4,N,11,0.011734639,0.076171972,0.073450774
SE-FC-L3_FaceBased_R4.pth,AlexNet,L3,FaceBased,4,N,12,0.134141013,0.162883729,0.037486225
SE-FC-L3_FaceBased_R4.pth,AlexNet,L3,FaceBased,4,N,13,0.096559204,0.138554648,0.065723769
SE-FC-L3_FaceBased_R4.pth,AlexNet,L3,FaceBased,4,N,14,0.120932803,0.138443023,0.041437596
SE-FC-L3_FaceBased_R4.pth,AlexNet,L3,FaceBased,4,N,15,0.091014847,0.11759951,0.055463552
SE-FC-L3_FaceBased_R4.pth,AlexNet,L3,FaceBased,4,N,16,0.088887006,0.111227162,0.048704997
SE-FC-L3_FaceBased_R4.pth,AlexNet,L3,FaceBased,4,N,17,0.017618414,0.06838347,0.087250747
SE-FC-L3_FaceBased_R4.pth,AlexNet,L3,FaceBased,4,N,18,0.023814496,0.056281865,0.073037878
SE-FC-L3_FaceBased_R4.pth,AlexNet,L3,FaceBased,4,N,19,0.012903588,0.056697808,0.07829459
SE-FC-L3_FaceBased_R4.pth,AlexNet,L3,FaceBased,4,N,20,0.022918852,0.043734901,0.063105337
SE-FC-L3_FaceBased_R4.pth,AlexNet,L3,FaceBased,4,N,21,0.049706805,0.035490323,0.07154493
SE-FC-L3_ObjectBased_R4.pth,AlexNet,L3,ObjectBased,4,E,1,0.010972977,0.119835436,0.054217204
SE-FC-L3_ObjectBased_R4.pth,AlexNet,L3,ObjectBased,4,E,2,0.043092102,0.061147857,0
SE-FC-L3_ObjectBased_R4.pth,AlexNet,L3,ObjectBased,4,E,3,0.016143525,0.105361432,0
SE-FC-L3_ObjectBased_R4.pth,AlexNet,L3,ObjectBased,4,E,4,0.01550543,0.147095591,0.025863269
SE-FC-L3_ObjectBased_R4.pth,AlexNet,L3,ObjectBased,4,E,5,0.080833696,0.096832827,0.000472388
SE-FC-L3_ObjectBased_R4.pth,AlexNet,L3,ObjectBased,4,E,6,0.093783982,0.118329167,0
SE-FC-L3_ObjectBased_R4.pth,AlexNet,L3,ObjectBased,4,E,7,0.028708046,0.053228542,0
SE-FC-L3_ObjectBased_R4.pth,AlexNet,L3,ObjectBased,4,E,8,0.140955731,0.010038127,0
SE-FC-L3_ObjectBased_R4.pth,AlexNet,L3,ObjectBased,4,E,9,0.055441707,0.075817376,0
SE-FC-L3_ObjectBased_R4.pth,AlexNet,L3,ObjectBased,4,E,10,0.04917255,0.101888202,0
SE-FC-L3_ObjectBased_R4.pth,AlexNet,L3,ObjectBased,4,E,11,0.036156226,0.102598712,0
SE-FC-L3_ObjectBased_R4.pth,AlexNet,L3,ObjectBased,4,E,12,0.019579627,0.386590481,0.017421409
SE-FC-L3_ObjectBased_R4.pth,AlexNet,L3,ObjectBased,4,E,13,0.049449496,0.332741499,0.006936042
SE-FC-L3_ObjectBased_R4.pth,AlexNet,L3,ObjectBased,4,E,14,0.002881069,0,0
SE-FC-L3_ObjectBased_R4.pth,AlexNet,L3,ObjectBased,4,E,15,0.02104187,0.000262595,1.86E-05
SE-FC-L3_ObjectBased_R4.pth,AlexNet,L3,ObjectBased,4,E,16,0.073745333,0.1512734,0
SE-FC-L3_ObjectBased_R4.pth,AlexNet,L3,ObjectBased,4,E,17,0.036593623,0.113998212,0
SE-FC-L3_ObjectBased_R4.pth,AlexNet,L3,ObjectBased,4,E,18,0.017559534,0.444367617,0
SE-FC-L3_ObjectBased_R4.pth,AlexNet,L3,ObjectBased,4,E,19,0.026010636,0.157799914,0
SE-FC-L3_ObjectBased_R4.pth,AlexNet,L3,ObjectBased,4,E,20,0.0490053,0.345257938,0
SE-FC-L3_ObjectBased_R4.pth,AlexNet,L3,ObjectBased,4,E,21,0.024178045,0.202107295,0
SE-FC-L3_ObjectBased_R4.pth,AlexNet,L3,ObjectBased,4,Full,1,0.299193382,0.26760456,0.044362884
SE-FC-L3_ObjectBased_R4.pth,AlexNet,L3,ObjectBased,4,Full,2,0.548544466,0.141706049,0.006461193
SE-FC-L3_ObjectBased_R4.pth,AlexNet,L3,ObjectBased,4,Full,3,0.252832383,0.157006979,0.142152578
SE-FC-L3_ObjectBased_R4.pth,AlexNet,L3,ObjectBased,4,Full,4,0.232551977,0.246890604,0.120575406
SE-FC-L3_ObjectBased_R4.pth,AlexNet,L3,ObjectBased,4,Full,5,0.039833657,0.149020448,0.175647557
SE-FC-L3_ObjectBased_R4.pth,AlexNet,L3,ObjectBased,4,Full,6,0.161571845,0.190344632,0.129586071
SE-FC-L3_ObjectBased_R4.pth,AlexNet,L3,ObjectBased,4,Full,7,0.02925184,0.142398,0.114279896
SE-FC-L3_ObjectBased_R4.pth,AlexNet,L3,ObjectBased,4,Full,8,0.033822384,0.153190702,0.22762467
SE-FC-L3_ObjectBased_R4.pth,AlexNet,L3,ObjectBased,4,Full,9,0.072039828,0.250302762,0.167042673
SE-FC-L3_ObjectBased_R4.pth,AlexNet,L3,ObjectBased,4,Full,10,0.115182839,0.222325265,0.135947108
SE-FC-L3_ObjectBased_R4.pth,AlexNet,L3,ObjectBased,4,Full,11,0.097089224,0.264908582,0.151558384
SE-FC-L3_ObjectBased_R4.pth,AlexNet,L3,ObjectBased,4,Full,12,0.090019099,0.262623936,0.128593758
SE-FC-L3_ObjectBased_R4.pth,AlexNet,L3,ObjectBased,4,Full,13,0.105722606,0.168396831,0.087307513
SE-FC-L3_ObjectBased_R4.pth,AlexNet,L3,ObjectBased,4,Full,14,0.122208335,0.225584,0.085165799
SE-FC-L3_ObjectBased_R4.pth,AlexNet,L3,ObjectBased,4,Full,15,0.158794776,0.257281363,0.019162647
SE-FC-L3_ObjectBased_R4.pth,AlexNet,L3,ObjectBased,4,Full,16,0.159529835,0.255646586,0.017271606
SE-FC-L3_ObjectBased_R4.pth,AlexNet,L3,ObjectBased,4,Full,17,0.174089551,0.207558662,0.011269595
SE-FC-L3_ObjectBased_R4.pth,AlexNet,L3,ObjectBased,4,Full,18,0.086507723,0.106057525,0.200994149
SE-FC-L3_ObjectBased_R4.pth,AlexNet,L3,ObjectBased,4,Full,19,0.085842632,0.058283105,0.069594383
SE-FC-L3_ObjectBased_R4.pth,AlexNet,L3,ObjectBased,4,Full,20,0.252296299,0.07472802,0.036927458
SE-FC-L3_ObjectBased_R4.pth,AlexNet,L3,ObjectBased,4,Full,21,0.156462297,0.0548013,0.00114341
SE-FC-L3_ObjectBased_R4.pth,AlexNet,L3,ObjectBased,4,M,1,0.048789963,0.067312919,0.162834927
SE-FC-L3_ObjectBased_R4.pth,AlexNet,L3,ObjectBased,4,M,2,0.115362711,0.11828658,0.144795552
SE-FC-L3_ObjectBased_R4.pth,AlexNet,L3,ObjectBased,4,M,3,0.083671041,0.052063975,0.109394327
SE-FC-L3_ObjectBased_R4.pth,AlexNet,L3,ObjectBased,4,M,4,0.032110248,0.081468716,0.26307416
SE-FC-L3_ObjectBased_R4.pth,AlexNet,L3,ObjectBased,4,M,5,0.019192178,0.031363569,0.140998274
SE-FC-L3_ObjectBased_R4.pth,AlexNet,L3,ObjectBased,4,M,6,0.010367339,0.040671062,0.170188755
SE-FC-L3_ObjectBased_R4.pth,AlexNet,L3,ObjectBased,4,M,7,0.019141542,0.03107262,0.106003366
SE-FC-L3_ObjectBased_R4.pth,AlexNet,L3,ObjectBased,4,M,8,0.034097005,0.044093367,0.077946827
SE-FC-L3_ObjectBased_R4.pth,AlexNet,L3,ObjectBased,4,M,9,0.067209154,0.054655679,0.099417545
SE-FC-L3_ObjectBased_R4.pth,AlexNet,L3,ObjectBased,4,M,10,0.117117167,0.035051949,0.110893436
SE-FC-L3_ObjectBased_R4.pth,AlexNet,L3,ObjectBased,4,M,11,0.076286867,0.060128782,0.096052602
SE-FC-L3_ObjectBased_R4.pth,AlexNet,L3,ObjectBased,4,M,12,0.068449371,0.040480554,0.136136845
SE-FC-L3_ObjectBased_R4.pth,AlexNet,L3,ObjectBased,4,M,13,0.040608376,0.091768548,0.084394172
SE-FC-L3_ObjectBased_R4.pth,AlexNet,L3,ObjectBased,4,M,14,0.047747027,0.107274316,0.076766245
SE-FC-L3_ObjectBased_R4.pth,AlexNet,L3,ObjectBased,4,M,15,0.115144834,0.148039579,0.071766257
SE-FC-L3_ObjectBased_R4.pth,AlexNet,L3,ObjectBased,4,M,16,0.049816795,0.110185921,0.134085119
SE-FC-L3_ObjectBased_R4.pth,AlexNet,L3,ObjectBased,4,M,17,0.025319315,0.215014622,0.27380836
SE-FC-L3_ObjectBased_R4.pth,AlexNet,L3,ObjectBased,4,M,18,0.234824672,0.127695441,0.080128901
SE-FC-L3_ObjectBased_R4.pth,AlexNet,L3,ObjectBased,4,M,19,0.334548563,0.106322527,0.063892193
SE-FC-L3_ObjectBased_R4.pth,AlexNet,L3,ObjectBased,4,M,20,0.269521594,0.115998849,0.075945556
SE-FC-L3_ObjectBased_R4.pth,AlexNet,L3,ObjectBased,4,M,21,0.227180317,0.144545645,0.067796849
SE-FC-L3_ObjectBased_R4.pth,AlexNet,L3,ObjectBased,4,N,1,0.11389596,0.004276758,0.288248122
SE-FC-L3_ObjectBased_R4.pth,AlexNet,L3,ObjectBased,4,N,2,0.241289288,0.005183803,0.409963399
SE-FC-L3_ObjectBased_R4.pth,AlexNet,L3,ObjectBased,4,N,3,0.254020602,0.005594939,0.370036006
SE-FC-L3_ObjectBased_R4.pth,AlexNet,L3,ObjectBased,4,N,4,0.286334544,0.008031242,0.297996581
SE-FC-L3_ObjectBased_R4.pth,AlexNet,L3,ObjectBased,4,N,5,0.335795641,0.008266064,0.299399585
SE-FC-L3_ObjectBased_R4.pth,AlexNet,L3,ObjectBased,4,N,6,0.195710793,0.015041973,0.373191118
SE-FC-L3_ObjectBased_R4.pth,AlexNet,L3,ObjectBased,4,N,7,0.151233867,0.018953918,0.317957968
SE-FC-L3_ObjectBased_R4.pth,AlexNet,L3,ObjectBased,4,N,8,0.13483426,0.005780507,0.376883835
SE-FC-L3_ObjectBased_R4.pth,AlexNet,L3,ObjectBased,4,N,9,0.200722486,0.019341191,0.249519363
SE-FC-L3_ObjectBased_R4.pth,AlexNet,L3,ObjectBased,4,N,10,0.125299767,0.013345856,0.290361196
SE-FC-L3_ObjectBased_R4.pth,AlexNet,L3,ObjectBased,4,N,11,0.101419032,0.020200338,0.266900361
SE-FC-L3_ObjectBased_R4.pth,AlexNet,L3,ObjectBased,4,N,12,0.105353236,0.021392092,0.223000854
SE-FC-L3_ObjectBased_R4.pth,AlexNet,L3,ObjectBased,4,N,13,0.158441573,0.052627765,0.158482015
SE-FC-L3_ObjectBased_R4.pth,AlexNet,L3,ObjectBased,4,N,14,0.09408015,0.033643905,0.185533702
SE-FC-L3_ObjectBased_R4.pth,AlexNet,L3,ObjectBased,4,N,15,0.102612145,0.122292615,0.157302901
SE-FC-L3_ObjectBased_R4.pth,AlexNet,L3,ObjectBased,4,N,16,0.240043551,0.114952847,0.110645853
SE-FC-L3_ObjectBased_R4.pth,AlexNet,L3,ObjectBased,4,N,17,0.19491598,0.140705228,0.089150354
SE-FC-L3_ObjectBased_R4.pth,AlexNet,L3,ObjectBased,4,N,18,0.149477363,0.146789491,0.101373561
SE-FC-L3_ObjectBased_R4.pth,AlexNet,L3,ObjectBased,4,N,19,0.11725685,0.146282867,0.12713927
SE-FC-L3_ObjectBased_R4.pth,AlexNet,L3,ObjectBased,4,N,20,0.045156587,0.010860368,0.125742689
SE-FC-L3_ObjectBased_R4.pth,AlexNet,L3,ObjectBased,4,N,21,0.354881555,0.023559529,0.016813396
SE-FC-L3_FaceBased_R8.pth,AlexNet,L3,FaceBased,8,E,1,0,0.628422081,0.052514307
SE-FC-L3_FaceBased_R8.pth,AlexNet,L3,FaceBased,8,E,2,0.005312456,0.562644541,0.078574091
SE-FC-L3_FaceBased_R8.pth,AlexNet,L3,FaceBased,8,E,3,0.004298657,0.641748548,0.041279767
SE-FC-L3_FaceBased_R8.pth,AlexNet,L3,FaceBased,8,E,4,0.052274268,0.394750863,0.263566136
SE-FC-L3_FaceBased_R8.pth,AlexNet,L3,FaceBased,8,E,5,0.017768385,0.602950573,0
SE-FC-L3_FaceBased_R8.pth,AlexNet,L3,FaceBased,8,E,6,0.022935998,0.518827558,0
SE-FC-L3_FaceBased_R8.pth,AlexNet,L3,FaceBased,8,E,7,0.006638796,0.450134456,0.3354128
SE-FC-L3_FaceBased_R8.pth,AlexNet,L3,FaceBased,8,E,8,0,0,0
SE-FC-L3_FaceBased_R8.pth,AlexNet,L3,FaceBased,8,E,9,0.037749697,0.27767694,0
SE-FC-L3_FaceBased_R8.pth,AlexNet,L3,FaceBased,8,E,10,0.021386443,0.544052601,0
SE-FC-L3_FaceBased_R8.pth,AlexNet,L3,FaceBased,8,E,11,0.008927234,0.284242988,0.486430883
SE-FC-L3_FaceBased_R8.pth,AlexNet,L3,FaceBased,8,E,12,0.009538402,0.736925602,0
SE-FC-L3_FaceBased_R8.pth,AlexNet,L3,FaceBased,8,E,13,0.005989386,0.708181024,0.092386149
SE-FC-L3_FaceBased_R8.pth,AlexNet,L3,FaceBased,8,E,14,0,0,0
SE-FC-L3_FaceBased_R8.pth,AlexNet,L3,FaceBased,8,E,15,0,0,0
SE-FC-L3_FaceBased_R8.pth,AlexNet,L3,FaceBased,8,E,16,0,0,0
SE-FC-L3_FaceBased_R8.pth,AlexNet,L3,FaceBased,8,E,17,0.045996316,0.143431023,0
SE-FC-L3_FaceBased_R8.pth,AlexNet,L3,FaceBased,8,E,18,0.002311295,0.212736353,0.377186924
SE-FC-L3_FaceBased_R8.pth,AlexNet,L3,FaceBased,8,E,19,0.018042967,0.108898968,0.437174857
SE-FC-L3_FaceBased_R8.pth,AlexNet,L3,FaceBased,8,E,20,0.083105341,0.056251612,0.089973629
SE-FC-L3_FaceBased_R8.pth,AlexNet,L3,FaceBased,8,E,21,0,0,0
SE-FC-L3_FaceBased_R8.pth,AlexNet,L3,FaceBased,8,Full,1,0.245731056,0.304559112,0.138746142
SE-FC-L3_FaceBased_R8.pth,AlexNet,L3,FaceBased,8,Full,2,0.556238592,0.179983959,0
SE-FC-L3_FaceBased_R8.pth,AlexNet,L3,FaceBased,8,Full,3,0.38402307,0.217228547,0
SE-FC-L3_FaceBased_R8.pth,AlexNet,L3,FaceBased,8,Full,4,0.597199798,0.08900205,0
SE-FC-L3_FaceBased_R8.pth,AlexNet,L3,FaceBased,8,Full,5,0.004327889,0.444568664,0.204626739
SE-FC-L3_FaceBased_R8.pth,AlexNet,L3,FaceBased,8,Full,6,0.170865536,0.553578198,0
SE-FC-L3_FaceBased_R8.pth,AlexNet,L3,FaceBased,8,Full,7,0.374942303,0.337020606,0
SE-FC-L3_FaceBased_R8.pth,AlexNet,L3,FaceBased,8,Full,8,0,0.086865932,0
SE-FC-L3_FaceBased_R8.pth,AlexNet,L3,FaceBased,8,Full,9,0,0,0
SE-FC-L3_FaceBased_R8.pth,AlexNet,L3,FaceBased,8,Full,10,0,0,0
SE-FC-L3_FaceBased_R8.pth,AlexNet,L3,FaceBased,8,Full,11,0,0,0
SE-FC-L3_FaceBased_R8.pth,AlexNet,L3,FaceBased,8,Full,12,0,0,0
SE-FC-L3_FaceBased_R8.pth,AlexNet,L3,FaceBased,8,Full,13,0,0,0
SE-FC-L3_FaceBased_R8.pth,AlexNet,L3,FaceBased,8,Full,14,0,0,0
SE-FC-L3_FaceBased_R8.pth,AlexNet,L3,FaceBased,8,Full,15,0,0,0
SE-FC-L3_FaceBased_R8.pth,AlexNet,L3,FaceBased,8,Full,16,0.729126751,0,0
SE-FC-L3_FaceBased_R8.pth,AlexNet,L3,FaceBased,8,Full,17,0.570279419,0.018321864,0
SE-FC-L3_FaceBased_R8.pth,AlexNet,L3,FaceBased,8,Full,18,0.552017689,0,0.010145943
SE-FC-L3_FaceBased_R8.pth,AlexNet,L3,FaceBased,8,Full,19,0.387808204,0.08634986,0
SE-FC-L3_FaceBased_R8.pth,AlexNet,L3,FaceBased,8,Full,20,0.842030406,0,0
SE-FC-L3_FaceBased_R8.pth,AlexNet,L3,FaceBased,8,Full,21,0.269059122,0.439475656,0
SE-FC-L3_FaceBased_R8.pth,AlexNet,L3,FaceBased,8,M,1,0.56180501,0.008468863,0
SE-FC-L3_FaceBased_R8.pth,AlexNet,L3,FaceBased,8,M,2,0.425488204,0.035466805,0.012380401
SE-FC-L3_FaceBased_R8.pth,AlexNet,L3,FaceBased,8,M,3,0.413039565,0.069027387,0.009615701
SE-FC-L3_FaceBased_R8.pth,AlexNet,L3,FaceBased,8,M,4,0.396233767,0.058883,0.008760537
SE-FC-L3_FaceBased_R8.pth,AlexNet,L3,FaceBased,8,M,5,0.411938548,0.066876844,0.013865897
SE-FC-L3_FaceBased_R8.pth,AlexNet,L3,FaceBased,8,M,6,0.436973482,0.076263785,0.00116236
SE-FC-L3_FaceBased_R8.pth,AlexNet,L3,FaceBased,8,M,7,0.50321728,0.038885657,5.59E-05
SE-FC-L3_FaceBased_R8.pth,AlexNet,L3,FaceBased,8,M,8,0.477161318,0.08592391,4.29E-05
SE-FC-L3_FaceBased_R8.pth,AlexNet,L3,FaceBased,8,M,9,0.428403795,0.06933286,0.000962722
SE-FC-L3_FaceBased_R8.pth,AlexNet,L3,FaceBased,8,M,10,0.389956623,0.117316708,0.000454319
SE-FC-L3_FaceBased_R8.pth,AlexNet,L3,FaceBased,8,M,11,0.416197956,0.031450454,0
SE-FC-L3_FaceBased_R8.pth,AlexNet,L3,FaceBased,8,M,12,0.497740477,0.029118946,0
SE-FC-L3_FaceBased_R8.pth,AlexNet,L3,FaceBased,8,M,13,0.51146847,0.02169434,4.73E-06
SE-FC-L3_FaceBased_R8.pth,AlexNet,L3,FaceBased,8,M,14,0.46415019,0.0340041,0
SE-FC-L3_FaceBased_R8.pth,AlexNet,L3,FaceBased,8,M,15,0.555677652,0.028845765,5.42E-06
SE-FC-L3_FaceBased_R8.pth,AlexNet,L3,FaceBased,8,M,16,0.467408627,0.054031413,0.000548377
SE-FC-L3_FaceBased_R8.pth,AlexNet,L3,FaceBased,8,M,17,0.473602593,0.046864554,5.34E-06
SE-FC-L3_FaceBased_R8.pth,AlexNet,L3,FaceBased,8,M,18,0.503228724,0.039810888,0
SE-FC-L3_FaceBased_R8.pth,AlexNet,L3,FaceBased,8,M,19,0.571561754,0.031414494,5.55E-05
SE-FC-L3_FaceBased_R8.pth,AlexNet,L3,FaceBased,8,M,20,0.523442149,0.00454808,0
SE-FC-L3_FaceBased_R8.pth,AlexNet,L3,FaceBased,8,M,21,0.655887485,0,0
SE-FC-L3_FaceBased_R8.pth,AlexNet,L3,FaceBased,8,N,1,0.00715991,0.100425787,0.077522568
SE-FC-L3_FaceBased_R8.pth,AlexNet,L3,FaceBased,8,N,2,0.032398142,0.045373842,0.089762151
SE-FC-L3_FaceBased_R8.pth,AlexNet,L3,FaceBased,8,N,3,0.007193796,0.114633806,0.084144607
SE-FC-L3_FaceBased_R8.pth,AlexNet,L3,FaceBased,8,N,4,0.013939749,0.147378609,0.104436696
SE-FC-L3_FaceBased_R8.pth,AlexNet,L3,FaceBased,8,N,5,0.010415421,0.115396015,0.120111696
SE-FC-L3_FaceBased_R8.pth,AlexNet,L3,FaceBased,8,N,6,0.005613274,0.161597133,0.136072338
SE-FC-L3_FaceBased_R8.pth,AlexNet,L3,FaceBased,8,N,7,0.007819672,0.170703396,0.140679419
SE-FC-L3_FaceBased_R8.pth,AlexNet,L3,FaceBased,8,N,8,0.019680252,0.12828517,0.107257091
SE-FC-L3_FaceBased_R8.pth,AlexNet,L3,FaceBased,8,N,9,0.004603479,0.124758586,0.1549384
SE-FC-L3_FaceBased_R8.pth,AlexNet,L3,FaceBased,8,N,10,0.006609744,0.164809525,0.121842213
SE-FC-L3_FaceBased_R8.pth,AlexNet,L3,FaceBased,8,N,11,0.017288558,0.140855223,0.090800993
SE-FC-L3_FaceBased_R8.pth,AlexNet,L3,FaceBased,8,N,12,0.019331953,0.115628891,0.111899383
SE-FC-L3_FaceBased_R8.pth,AlexNet,L3,FaceBased,8,N,13,0.013179122,0.115752764,0.077093631
SE-FC-L3_FaceBased_R8.pth,AlexNet,L3,FaceBased,8,N,14,0.009711199,0.147402927,0.087530099
SE-FC-L3_FaceBased_R8.pth,AlexNet,L3,FaceBased,8,N,15,0.018042158,0.097796254,0.083823688
SE-FC-L3_FaceBased_R8.pth,AlexNet,L3,FaceBased,8,N,16,0.000846676,0.128128171,0.117508419
SE-FC-L3_FaceBased_R8.pth,AlexNet,L3,FaceBased,8,N,17,0,0.122780718,0.208593622
SE-FC-L3_FaceBased_R8.pth,AlexNet,L3,FaceBased,8,N,18,0.001012476,0.21942836,0.09745232
SE-FC-L3_FaceBased_R8.pth,AlexNet,L3,FaceBased,8,N,19,0,0.244139418,0.182759091
SE-FC-L3_FaceBased_R8.pth,AlexNet,L3,FaceBased,8,N,20,0,0.451649249,0.084003016
SE-FC-L3_FaceBased_R8.pth,AlexNet,L3,FaceBased,8,N,21,8.35E-05,0.203304321,0.19105579
SE-FC-L3_ObjectBased_R8.pth,AlexNet,L3,ObjectBased,8,E,1,0.049171552,0.041183021,0.000280583
SE-FC-L3_ObjectBased_R8.pth,AlexNet,L3,ObjectBased,8,E,2,0.060054328,0.085796773,8.99E-05
SE-FC-L3_ObjectBased_R8.pth,AlexNet,L3,ObjectBased,8,E,3,0.045782465,0.129825205,0.00016581
SE-FC-L3_ObjectBased_R8.pth,AlexNet,L3,ObjectBased,8,E,4,0.054575615,0.10552223,0
SE-FC-L3_ObjectBased_R8.pth,AlexNet,L3,ObjectBased,8,E,5,0.062276676,0.068700328,0.000149282
SE-FC-L3_ObjectBased_R8.pth,AlexNet,L3,ObjectBased,8,E,6,0.043368034,0.157854065,0.000231693
SE-FC-L3_ObjectBased_R8.pth,AlexNet,L3,ObjectBased,8,E,7,0.053952068,0.088027388,0.000217656
SE-FC-L3_ObjectBased_R8.pth,AlexNet,L3,ObjectBased,8,E,8,0.069061354,0.083943523,0
SE-FC-L3_ObjectBased_R8.pth,AlexNet,L3,ObjectBased,8,E,9,0.057879906,0.082609162,0
SE-FC-L3_ObjectBased_R8.pth,AlexNet,L3,ObjectBased,8,E,10,0.067931727,0.098561645,0
SE-FC-L3_ObjectBased_R8.pth,AlexNet,L3,ObjectBased,8,E,11,0.088942669,0.016773185,0
SE-FC-L3_ObjectBased_R8.pth,AlexNet,L3,ObjectBased,8,E,12,0.086832903,0.009251208,0
SE-FC-L3_ObjectBased_R8.pth,AlexNet,L3,ObjectBased,8,E,13,0.095349185,0,0
SE-FC-L3_ObjectBased_R8.pth,AlexNet,L3,ObjectBased,8,E,14,0.095349178,0,0
SE-FC-L3_ObjectBased_R8.pth,AlexNet,L3,ObjectBased,8,E,15,0.095349193,0,0
SE-FC-L3_ObjectBased_R8.pth,AlexNet,L3,ObjectBased,8,E,16,0.095349193,0,0
SE-FC-L3_ObjectBased_R8.pth,AlexNet,L3,ObjectBased,8,E,17,0.074056119,0.018751146,0
SE-FC-L3_ObjectBased_R8.pth,AlexNet,L3,ObjectBased,8,E,18,0,0,0
SE-FC-L3_ObjectBased_R8.pth,AlexNet,L3,ObjectBased,8,E,19,0.020642206,0.207228363,0
SE-FC-L3_ObjectBased_R8.pth,AlexNet,L3,ObjectBased,8,E,20,0.086243071,0.009891948,0
SE-FC-L3_ObjectBased_R8.pth,AlexNet,L3,ObjectBased,8,E,21,0.042626966,0.074740507,0
SE-FC-L3_ObjectBased_R8.pth,AlexNet,L3,ObjectBased,8,Full,1,0,0,0
SE-FC-L3_ObjectBased_R8.pth,AlexNet,L3,ObjectBased,8,Full,2,0,0.103577413,0
SE-FC-L3_ObjectBased_R8.pth,AlexNet,L3,ObjectBased,8,Full,3,0,0.046496283,0.377723724
SE-FC-L3_ObjectBased_R8.pth,AlexNet,L3,ObjectBased,8,Full,4,0,0,0.23742795
SE-FC-L3_ObjectBased_R8.pth,AlexNet,L3,ObjectBased,8,Full,5,0,0.00025871,0.558334351
SE-FC-L3_ObjectBased_R8.pth,AlexNet,L3,ObjectBased,8,Full,6,0.025029182,4.27E-05,0.505417943
SE-FC-L3_ObjectBased_R8.pth,AlexNet,L3,ObjectBased,8,Full,7,0.199744001,0.02023801,0.381206632
SE-FC-L3_ObjectBased_R8.pth,AlexNet,L3,ObjectBased,8,Full,8,0.151225105,0.017316898,0.4482342
SE-FC-L3_ObjectBased_R8.pth,AlexNet,L3,ObjectBased,8,Full,9,0.047119629,0.032088652,0.573524237
SE-FC-L3_ObjectBased_R8.pth,AlexNet,L3,ObjectBased,8,Full,10,0.223394394,0.026794773,0.349461555
SE-FC-L3_ObjectBased_R8.pth,AlexNet,L3,ObjectBased,8,Full,11,0.155766189,0.017415602,0.435011148
SE-FC-L3_ObjectBased_R8.pth,AlexNet,L3,ObjectBased,8,Full,12,0,0,0
SE-FC-L3_ObjectBased_R8.pth,AlexNet,L3,ObjectBased,8,Full,13,0,0,0.000192011
SE-FC-L3_ObjectBased_R8.pth,AlexNet,L3,ObjectBased,8,Full,14,0,0.464201212,0.072064884
SE-FC-L3_ObjectBased_R8.pth,AlexNet,L3,ObjectBased,8,Full,15,0,0.007839786,0.490250826
SE-FC-L3_ObjectBased_R8.pth,AlexNet,L3,ObjectBased,8,Full,16,0.513721824,0.113145486,0
SE-FC-L3_ObjectBased_R8.pth,AlexNet,L3,ObjectBased,8,Full,17,0.53218329,0.042506438,0
SE-FC-L3_ObjectBased_R8.pth,AlexNet,L3,ObjectBased,8,Full,18,0.169612631,0.175857648,0.095109098
SE-FC-L3_ObjectBased_R8.pth,AlexNet,L3,ObjectBased,8,Full,19,0.295603782,0.174468592,0.023122352
SE-FC-L3_ObjectBased_R8.pth,AlexNet,L3,ObjectBased,8,Full,20,0.287161857,0.168944001,0.009530333
SE-FC-L3_ObjectBased_R8.pth,AlexNet,L3,ObjectBased,8,Full,21,0.241068825,0.17571266,0.027245255
SE-FC-L3_ObjectBased_R8.pth,AlexNet,L3,ObjectBased,8,M,1,0.000258104,0.32375434,0.07162673
SE-FC-L3_ObjectBased_R8.pth,AlexNet,L3,ObjectBased,8,M,2,0,0,0.472229421
SE-FC-L3_ObjectBased_R8.pth,AlexNet,L3,ObjectBased,8,M,3,0,0.000932449,0.536946952
SE-FC-L3_ObjectBased_R8.pth,AlexNet,L3,ObjectBased,8,M,4,0,0.000363725,0.518308699
SE-FC-L3_ObjectBased_R8.pth,AlexNet,L3,ObjectBased,8,M,5,0,0.001564903,0.45044449
SE-FC-L3_ObjectBased_R8.pth,AlexNet,L3,ObjectBased,8,M,6,0,0.000190263,0.434390545
SE-FC-L3_ObjectBased_R8.pth,AlexNet,L3,ObjectBased,8,M,7,0,0.000265011,0.470362127
SE-FC-L3_ObjectBased_R8.pth,AlexNet,L3,ObjectBased,8,M,8,0,0,0.433927745
SE-FC-L3_ObjectBased_R8.pth,AlexNet,L3,ObjectBased,8,M,9,0.000243923,0.000440899,0.405155748
SE-FC-L3_ObjectBased_R8.pth,AlexNet,L3,ObjectBased,8,M,10,0,0,0.387227178
SE-FC-L3_ObjectBased_R8.pth,AlexNet,L3,ObjectBased,8,M,11,0,0.000181399,0.435907811
SE-FC-L3_ObjectBased_R8.pth,AlexNet,L3,ObjectBased,8,M,12,0,0.000477598,0.455367446
SE-FC-L3_ObjectBased_R8.pth,AlexNet,L3,ObjectBased,8,M,13,0,0.000471137,0.418435574
SE-FC-L3_ObjectBased_R8.pth,AlexNet,L3,ObjectBased,8,M,14,0,0.000691862,0.418861568
SE-FC-L3_ObjectBased_R8.pth,AlexNet,L3,ObjectBased,8,M,15,0,0.001309844,0.370456547
SE-FC-L3_ObjectBased_R8.pth,AlexNet,L3,ObjectBased,8,M,16,0,0.000941501,0.42131111
SE-FC-L3_ObjectBased_R8.pth,AlexNet,L3,ObjectBased,8,M,17,0,0.000610697,0.475054383
SE-FC-L3_ObjectBased_R8.pth,AlexNet,L3,ObjectBased,8,M,18,6.82E-05,0.002150927,0.363091052
SE-FC-L3_ObjectBased_R8.pth,AlexNet,L3,ObjectBased,8,M,19,0.005560529,0.006263181,0.208137766
SE-FC-L3_ObjectBased_R8.pth,AlexNet,L3,ObjectBased,8,M,20,0.004183371,0.001200905,0.175266981
SE-FC-L3_ObjectBased_R8.pth,AlexNet,L3,ObjectBased,8,M,21,0.005906228,0.000496598,0.134914562
SE-FC-L3_ObjectBased_R8.pth,AlexNet,L3,ObjectBased,8,N,1,0,0.001417972,0.626051307
SE-FC-L3_ObjectBased_R8.pth,AlexNet,L3,ObjectBased,8,N,2,0,0.005511947,0.645455241
SE-FC-L3_ObjectBased_R8.pth,AlexNet,L3,ObjectBased,8,N,3,0,0.004187884,0.716682255
SE-FC-L3_ObjectBased_R8.pth,AlexNet,L3,ObjectBased,8,N,4,0.053200629,0.007886568,0.613941073
SE-FC-L3_ObjectBased_R8.pth,AlexNet,L3,ObjectBased,8,N,5,0.034366097,0.00298876,0.642504573
SE-FC-L3_ObjectBased_R8.pth,AlexNet,L3,ObjectBased,8,N,6,0,0.003903556,0.818377495
SE-FC-L3_ObjectBased_R8.pth,AlexNet,L3,ObjectBased,8,N,7,0.098044813,0.006836601,0.594125569
SE-FC-L3_ObjectBased_R8.pth,AlexNet,L3,ObjectBased,8,N,8,0.020967308,0.002014477,0.437877029
SE-FC-L3_ObjectBased_R8.pth,AlexNet,L3,ObjectBased,8,N,9,0.035947058,0.004766486,0.615133166
SE-FC-L3_ObjectBased_R8.pth,AlexNet,L3,ObjectBased,8,N,10,0,0.003329304,0.76409322
SE-FC-L3_ObjectBased_R8.pth,AlexNet,L3,ObjectBased,8,N,11,0,0.000915431,0.819640279
SE-FC-L3_ObjectBased_R8.pth,AlexNet,L3,ObjectBased,8,N,12,0,0.005179852,0.537654698
SE-FC-L3_ObjectBased_R8.pth,AlexNet,L3,ObjectBased,8,N,13,0,0,0.824964523
SE-FC-L3_ObjectBased_R8.pth,AlexNet,L3,ObjectBased,8,N,14,0,0,0.824964523
SE-FC-L3_ObjectBased_R8.pth,AlexNet,L3,ObjectBased,8,N,15,0,0.004501633,0.670052767
SE-FC-L3_ObjectBased_R8.pth,AlexNet,L3,ObjectBased,8,N,16,0,0.006193653,0.546012819
SE-FC-L3_ObjectBased_R8.pth,AlexNet,L3,ObjectBased,8,N,17,0,0.004907508,0.517038882
SE-FC-L3_ObjectBased_R8.pth,AlexNet,L3,ObjectBased,8,N,18,0,0.005471653,0.438580692
SE-FC-L3_ObjectBased_R8.pth,AlexNet,L3,ObjectBased,8,N,19,0,0.006592345,0.469471812
SE-FC-L3_ObjectBased_R8.pth,AlexNet,L3,ObjectBased,8,N,20,0,0.008174008,0.441133916
SE-FC-L3_ObjectBased_R8.pth,AlexNet,L3,ObjectBased,8,N,21,0,0.009617604,0.373758048
SE-FC-L3_FaceBased_R16.pth,AlexNet,L3,FaceBased,16,E,1,0.074715398,0.101680368,0.068436854
SE-FC-L3_FaceBased_R16.pth,AlexNet,L3,FaceBased,16,E,2,0.00156213,0.238618717,0.129745781
SE-FC-L3_FaceBased_R16.pth,AlexNet,L3,FaceBased,16,E,3,0.058579501,0.010880358,0.092984878
SE-FC-L3_FaceBased_R16.pth,AlexNet,L3,FaceBased,16,E,4,0.032358456,0.009635346,0.004490485
SE-FC-L3_FaceBased_R16.pth,AlexNet,L3,FaceBased,16,E,5,0.004227675,0.015489805,0.000735757
SE-FC-L3_FaceBased_R16.pth,AlexNet,L3,FaceBased,16,E,6,0.002399257,0.013830842,0.00024229
SE-FC-L3_FaceBased_R16.pth,AlexNet,L3,FaceBased,16,E,7,0.057063252,0.007207232,0.000789859
SE-FC-L3_FaceBased_R16.pth,AlexNet,L3,FaceBased,16,E,8,0.033913471,0.05965323,0.002100465
SE-FC-L3_FaceBased_R16.pth,AlexNet,L3,FaceBased,16,E,9,0.018904818,0.011132387,0.000373244
SE-FC-L3_FaceBased_R16.pth,AlexNet,L3,FaceBased,16,E,10,0.018050078,0.030648345,0.004505315
SE-FC-L3_FaceBased_R16.pth,AlexNet,L3,FaceBased,16,E,11,0.022071768,0.022679474,0.002299912
SE-FC-L3_FaceBased_R16.pth,AlexNet,L3,FaceBased,16,E,12,0.026997669,0.016593279,0.0075337
SE-FC-L3_FaceBased_R16.pth,AlexNet,L3,FaceBased,16,E,13,0.037658777,0.015416552,0.096554518
SE-FC-L3_FaceBased_R16.pth,AlexNet,L3,FaceBased,16,E,14,0.039582923,0.043638911,0.19273968
SE-FC-L3_FaceBased_R16.pth,AlexNet,L3,FaceBased,16,E,15,0.087336257,0.045800775,0.137741014
SE-FC-L3_FaceBased_R16.pth,AlexNet,L3,FaceBased,16,E,16,0.071738943,0.000893206,0.008179675
SE-FC-L3_FaceBased_R16.pth,AlexNet,L3,FaceBased,16,E,17,0,0,0
SE-FC-L3_FaceBased_R16.pth,AlexNet,L3,FaceBased,16,E,18,0,0,0
SE-FC-L3_FaceBased_R16.pth,AlexNet,L3,FaceBased,16,E,19,0,0,0
SE-FC-L3_FaceBased_R16.pth,AlexNet,L3,FaceBased,16,E,20,0,0,0
SE-FC-L3_FaceBased_R16.pth,AlexNet,L3,FaceBased,16,E,21,0,0,0
SE-FC-L3_FaceBased_R16.pth,AlexNet,L3,FaceBased,16,Full,1,0.521569669,0.00613995,0
SE-FC-L3_FaceBased_R16.pth,AlexNet,L3,FaceBased,16,Full,2,0.409043491,0.036663096,0
SE-FC-L3_FaceBased_R16.pth,AlexNet,L3,FaceBased,16,Full,3,0.030541293,0.054017872,0
SE-FC-L3_FaceBased_R16.pth,AlexNet,L3,FaceBased,16,Full,4,0.05063311,0.001006249,0
SE-FC-L3_FaceBased_R16.pth,AlexNet,L3,FaceBased,16,Full,5,0.09425997,0.001882363,0
SE-FC-L3_FaceBased_R16.pth,AlexNet,L3,FaceBased,16,Full,6,0.063899875,0,0
SE-FC-L3_FaceBased_R16.pth,AlexNet,L3,FaceBased,16,Full,7,0.158903748,0,0
SE-FC-L3_FaceBased_R16.pth,AlexNet,L3,FaceBased,16,Full,8,0.102067746,0,0
SE-FC-L3_FaceBased_R16.pth,AlexNet,L3,FaceBased,16,Full,9,0.212916419,0,0
SE-FC-L3_FaceBased_R16.pth,AlexNet,L3,FaceBased,16,Full,10,0.011243811,0,0
SE-FC-L3_FaceBased_R16.pth,AlexNet,L3,FaceBased,16,Full,11,0.10602995,0.001013194,0.18014656
SE-FC-L3_FaceBased_R16.pth,AlexNet,L3,FaceBased,16,Full,12,0.058748934,0.024660114,0.185945183
SE-FC-L3_FaceBased_R16.pth,AlexNet,L3,FaceBased,16,Full,13,0.037974492,0.001653261,0.153088555
SE-FC-L3_FaceBased_R16.pth,AlexNet,L3,FaceBased,16,Full,14,0.063385591,0.050910391,0.166494817
SE-FC-L3_FaceBased_R16.pth,AlexNet,L3,FaceBased,16,Full,15,0.277472675,0.000553916,0.001399618
SE-FC-L3_FaceBased_R16.pth,AlexNet,L3,FaceBased,16,Full,16,0.363289595,0.000591332,0.012158033
SE-FC-L3_FaceBased_R16.pth,AlexNet,L3,FaceBased,16,Full,17,0.729126811,0,0
SE-FC-L3_FaceBased_R16.pth,AlexNet,L3,FaceBased,16,Full,18,0.249367088,0,0
SE-FC-L3_FaceBased_R16.pth,AlexNet,L3,FaceBased,16,Full,19,0.082564324,0,0
SE-FC-L3_FaceBased_R16.pth,AlexNet,L3,FaceBased,16,Full,20,0.112730771,0,0
SE-FC-L3_FaceBased_R16.pth,AlexNet,L3,FaceBased,16,Full,21,0.729127049,0,0
SE-FC-L3_FaceBased_R16.pth,AlexNet,L3,FaceBased,16,M,1,0.55979085,0.047328949,0
SE-FC-L3_FaceBased_R16.pth,AlexNet,L3,FaceBased,16,M,2,0.518772423,0.089017875,0
SE-FC-L3_FaceBased_R16.pth,AlexNet,L3,FaceBased,16,M,3,0.430592328,0.155493289,0.001520053
SE-FC-L3_FaceBased_R16.pth,AlexNet,L3,FaceBased,16,M,4,0.516073823,0.000806939,0
SE-FC-L3_FaceBased_R16.pth,AlexNet,L3,FaceBased,16,M,5,0.349751264,0.200274125,3.10E-05
SE-FC-L3_FaceBased_R16.pth,AlexNet,L3,FaceBased,16,M,6,0.257597178,0.19210276,0.006425893
SE-FC-L3_FaceBased_R16.pth,AlexNet,L3,FaceBased,16,M,7,0.142932862,0.34068054,0.008789296
SE-FC-L3_FaceBased_R16.pth,AlexNet,L3,FaceBased,16,M,8,0.225790694,0.216272503,0.010300146
SE-FC-L3_FaceBased_R16.pth,AlexNet,L3,FaceBased,16,M,9,0.021045892,0.003223076,0
SE-FC-L3_FaceBased_R16.pth,AlexNet,L3,FaceBased,16,M,10,0.039686397,0.025525624,0
SE-FC-L3_FaceBased_R16.pth,AlexNet,L3,FaceBased,16,M,11,0.015670924,0,0
SE-FC-L3_FaceBased_R16.pth,AlexNet,L3,FaceBased,16,M,12,0,0,0
SE-FC-L3_FaceBased_R16.pth,AlexNet,L3,FaceBased,16,M,13,0,0,0
SE-FC-L3_FaceBased_R16.pth,AlexNet,L3,FaceBased,16,M,14,0.26151213,0,0.005792355
SE-FC-L3_FaceBased_R16.pth,AlexNet,L3,FaceBased,16,M,15,0.443838209,0,0
SE-FC-L3_FaceBased_R16.pth,AlexNet,L3,FaceBased,16,M,16,0.272492111,7.75E-06,0.010633938
SE-FC-L3_FaceBased_R16.pth,AlexNet,L3,FaceBased,16,M,17,0.416261017,0,0
SE-FC-L3_FaceBased_R16.pth,AlexNet,L3,FaceBased,16,M,18,0.311929613,0,0
SE-FC-L3_FaceBased_R16.pth,AlexNet,L3,FaceBased,16,M,19,0.192896873,0,0.01694575
SE-FC-L3_FaceBased_R16.pth,AlexNet,L3,FaceBased,16,M,20,0.305038899,0,0
SE-FC-L3_FaceBased_R16.pth,AlexNet,L3,FaceBased,16,M,21,0.311859965,0,0
SE-FC-L3_FaceBased_R16.pth,AlexNet,L3,FaceBased,16,N,1,0,0,0
SE-FC-L3_FaceBased_R16.pth,AlexNet,L3,FaceBased,16,N,2,0,0,0
SE-FC-L3_FaceBased_R16.pth,AlexNet,L3,FaceBased,16,N,3,0,0,0
SE-FC-L3_FaceBased_R16.pth,AlexNet,L3,FaceBased,16,N,4,0,0,0
SE-FC-L3_FaceBased_R16.pth,AlexNet,L3,FaceBased,16,N,5,0,0,0
SE-FC-L3_FaceBased_R16.pth,AlexNet,L3,FaceBased,16,N,6,0,0,0
SE-FC-L3_FaceBased_R16.pth,AlexNet,L3,FaceBased,16,N,7,0,0,0
SE-FC-L3_FaceBased_R16.pth,AlexNet,L3,FaceBased,16,N,8,0,0,0
SE-FC-L3_FaceBased_R16.pth,AlexNet,L3,FaceBased,16,N,9,0,0,0
SE-FC-L3_FaceBased_R16.pth,AlexNet,L3,FaceBased,16,N,10,0,0,0
SE-FC-L3_FaceBased_R16.pth,AlexNet,L3,FaceBased,16,N,11,0,0,0
SE-FC-L3_FaceBased_R16.pth,AlexNet,L3,FaceBased,16,N,12,0,0,0
SE-FC-L3_FaceBased_R16.pth,AlexNet,L3,FaceBased,16,N,13,0,0,0
SE-FC-L3_FaceBased_R16.pth,AlexNet,L3,FaceBased,16,N,14,0,0,0
SE-FC-L3_FaceBased_R16.pth,AlexNet,L3,FaceBased,16,N,15,0,0,0
SE-FC-L3_FaceBased_R16.pth,AlexNet,L3,FaceBased,16,N,16,0,0,0
SE-FC-L3_FaceBased_R16.pth,AlexNet,L3,FaceBased,16,N,17,0,0,0
SE-FC-L3_FaceBased_R16.pth,AlexNet,L3,FaceBased,16,N,18,0,0,0
SE-FC-L3_FaceBased_R16.pth,AlexNet,L3,FaceBased,16,N,19,0,0,0
SE-FC-L3_FaceBased_R16.pth,AlexNet,L3,FaceBased,16,N,20,0.095349185,0,0
SE-FC-L3_FaceBased_R16.pth,AlexNet,L3,FaceBased,16,N,21,0,0,0
SE-FC-L3_ObjectBased_R16.pth,AlexNet,L3,ObjectBased,16,E,1,0.008589328,0.134341806,0.099122211
SE-FC-L3_ObjectBased_R16.pth,AlexNet,L3,ObjectBased,16,E,2,0.012011858,0.218425319,0.122448079
SE-FC-L3_ObjectBased_R16.pth,AlexNet,L3,ObjectBased,16,E,3,0.034197815,0.163410157,0.073363207
SE-FC-L3_ObjectBased_R16.pth,AlexNet,L3,ObjectBased,16,E,4,0.041012999,0.257692456,0.108248189
SE-FC-L3_ObjectBased_R16.pth,AlexNet,L3,ObjectBased,16,E,5,0.031736877,0.235690057,0.130465984
SE-FC-L3_ObjectBased_R16.pth,AlexNet,L3,ObjectBased,16,E,6,0.093191527,0.249121964,0.082181811
SE-FC-L3_ObjectBased_R16.pth,AlexNet,L3,ObjectBased,16,E,7,0.091415182,0.190583855,0.081142612
SE-FC-L3_ObjectBased_R16.pth,AlexNet,L3,ObjectBased,16,E,8,0.063849866,0.148990393,0.081886567
SE-FC-L3_ObjectBased_R16.pth,AlexNet,L3,ObjectBased,16,E,9,0.057733454,0.199516952,0.12819767
SE-FC-L3_ObjectBased_R16.pth,AlexNet,L3,ObjectBased,16,E,10,0.140044332,0.057938077,0.003453945
SE-FC-L3_ObjectBased_R16.pth,AlexNet,L3,ObjectBased,16,E,11,0.108724646,0.071785271,0.004344674
SE-FC-L3_ObjectBased_R16.pth,AlexNet,L3,ObjectBased,16,E,12,0.071492679,0.152533546,0.048495878
SE-FC-L3_ObjectBased_R16.pth,AlexNet,L3,ObjectBased,16,E,13,0.128920004,0.075647883,0.007828494
SE-FC-L3_ObjectBased_R16.pth,AlexNet,L3,ObjectBased,16,E,14,0.15364787,0.094209842,0.003536945
SE-FC-L3_ObjectBased_R16.pth,AlexNet,L3,ObjectBased,16,E,15,0.049717337,0.192080066,0.159200549
SE-FC-L3_ObjectBased_R16.pth,AlexNet,L3,ObjectBased,16,E,16,0.070464402,0.391417921,0.039486274
SE-FC-L3_ObjectBased_R16.pth,AlexNet,L3,ObjectBased,16,E,17,0.236507282,0.057728089,6.81E-05
SE-FC-L3_ObjectBased_R16.pth,AlexNet,L3,ObjectBased,16,E,18,0.091037162,0.304275602,0.077292427
SE-FC-L3_ObjectBased_R16.pth,AlexNet,L3,ObjectBased,16,E,19,0.079793118,0.225862503,0.184802175
SE-FC-L3_ObjectBased_R16.pth,AlexNet,L3,ObjectBased,16,E,20,0.022595683,0.307899624,0.228197664
SE-FC-L3_ObjectBased_R16.pth,AlexNet,L3,ObjectBased,16,E,21,0.016118366,0.287735432,0.261204094
SE-FC-L3_ObjectBased_R16.pth,AlexNet,L3,ObjectBased,16,Full,1,0.033262331,0.007839241,0.024912346
SE-FC-L3_ObjectBased_R16.pth,AlexNet,L3,ObjectBased,16,Full,2,0.160941228,0.014185676,0.005609579
SE-FC-L3_ObjectBased_R16.pth,AlexNet,L3,ObjectBased,16,Full,3,0.082609884,0.001334735,0
SE-FC-L3_ObjectBased_R16.pth,AlexNet,L3,ObjectBased,16,Full,4,0.052991576,0.002216679,3.49E-06
SE-FC-L3_ObjectBased_R16.pth,AlexNet,L3,ObjectBased,16,Full,5,0.035191923,0.00211581,7.61E-05
SE-FC-L3_ObjectBased_R16.pth,AlexNet,L3,ObjectBased,16,Full,6,0.036038041,0.007531363,0.021932617
SE-FC-L3_ObjectBased_R16.pth,AlexNet,L3,ObjectBased,16,Full,7,0.070348792,0.041505396,0.132136017
SE-FC-L3_ObjectBased_R16.pth,AlexNet,L3,ObjectBased,16,Full,8,0.045627646,0.05874015,0.137418121
SE-FC-L3_ObjectBased_R16.pth,AlexNet,L3,ObjectBased,16,Full,9,0.075110823,0.033075653,0.07780984
SE-FC-L3_ObjectBased_R16.pth,AlexNet,L3,ObjectBased,16,Full,10,0.022495128,0.027005482,0.074999988
SE-FC-L3_ObjectBased_R16.pth,AlexNet,L3,ObjectBased,16,Full,11,0.060934771,0.075583614,0.142771393
SE-FC-L3_ObjectBased_R16.pth,AlexNet,L3,ObjectBased,16,Full,12,0.057115015,0.134737387,0.217214555
SE-FC-L3_ObjectBased_R16.pth,AlexNet,L3,ObjectBased,16,Full,13,0.034921966,0.09581697,0.177739814
SE-FC-L3_ObjectBased_R16.pth,AlexNet,L3,ObjectBased,16,Full,14,0.07868439,0.131059155,0.163652241
SE-FC-L3_ObjectBased_R16.pth,AlexNet,L3,ObjectBased,16,Full,15,0.098024495,0.170210317,0.178050086
SE-FC-L3_ObjectBased_R16.pth,AlexNet,L3,ObjectBased,16,Full,16,0.067670301,0.083189808,0.132213131
SE-FC-L3_ObjectBased_R16.pth,AlexNet,L3,ObjectBased,16,Full,17,0.116005667,0.174979642,0.203562319
SE-FC-L3_ObjectBased_R16.pth,AlexNet,L3,ObjectBased,16,Full,18,0.069457345,0.22998628,0.194310889
SE-FC-L3_ObjectBased_R16.pth,AlexNet,L3,ObjectBased,16,Full,19,0.108785689,0.163260445,0.221587896
SE-FC-L3_ObjectBased_R16.pth,AlexNet,L3,ObjectBased,16,Full,20,0.006755612,0.025178611,0.145299911
SE-FC-L3_ObjectBased_R16.pth,AlexNet,L3,ObjectBased,16,Full,21,0.047936317,0.09754055,0.187332794
SE-FC-L3_ObjectBased_R16.pth,AlexNet,L3,ObjectBased,16,M,1,0.03873026,0.072510175,0.075994231
SE-FC-L3_ObjectBased_R16.pth,AlexNet,L3,ObjectBased,16,M,2,0.04912224,0.072298132,0.071805313
SE-FC-L3_ObjectBased_R16.pth,AlexNet,L3,ObjectBased,16,M,3,0.028536521,0.053270537,0.070334978
SE-FC-L3_ObjectBased_R16.pth,AlexNet,L3,ObjectBased,16,M,4,0.018074159,0.049454927,0.066926308
SE-FC-L3_ObjectBased_R16.pth,AlexNet,L3,ObjectBased,16,M,5,0.025744252,0.057019144,0.071540795
SE-FC-L3_ObjectBased_R16.pth,AlexNet,L3,ObjectBased,16,M,6,0.003886463,0.039709762,0.063658945
SE-FC-L3_ObjectBased_R16.pth,AlexNet,L3,ObjectBased,16,M,7,0.001269341,0.034516517,0.071242258
SE-FC-L3_ObjectBased_R16.pth,AlexNet,L3,ObjectBased,16,M,8,0.001450712,0.031928256,0.061643381
SE-FC-L3_ObjectBased_R16.pth,AlexNet,L3,ObjectBased,16,M,9,0.006036021,0.02340628,0.049847048
SE-FC-L3_ObjectBased_R16.pth,AlexNet,L3,ObjectBased,16,M,10,0.00777232,0.022722589,0.055807617
SE-FC-L3_ObjectBased_R16.pth,AlexNet,L3,ObjectBased,16,M,11,0.008696596,0.019326527,0.043167368
SE-FC-L3_ObjectBased_R16.pth,AlexNet,L3,ObjectBased,16,M,12,0.007373375,0.032707538,0.048770383
SE-FC-L3_ObjectBased_R16.pth,AlexNet,L3,ObjectBased,16,M,13,0.005241802,0.024348609,0.049961306
SE-FC-L3_ObjectBased_R16.pth,AlexNet,L3,ObjectBased,16,M,14,0.005021866,0.02919752,0.045736749
SE-FC-L3_ObjectBased_R16.pth,AlexNet,L3,ObjectBased,16,M,15,0.003884322,0.018810961,0.068028867
SE-FC-L3_ObjectBased_R16.pth,AlexNet,L3,ObjectBased,16,M,16,0.018875916,0.028750831,0.050151296
SE-FC-L3_ObjectBased_R16.pth,AlexNet,L3,ObjectBased,16,M,17,0.016436592,0.022292269,0.039487589
SE-FC-L3_ObjectBased_R16.pth,AlexNet,L3,ObjectBased,16,M,18,0.010670026,0.024849966,0.043785874
SE-FC-L3_ObjectBased_R16.pth,AlexNet,L3,ObjectBased,16,M,19,0.03155145,0.0359932,0.064135306
SE-FC-L3_ObjectBased_R16.pth,AlexNet,L3,ObjectBased,16,M,20,0.017440943,0.041879985,0.062337968
SE-FC-L3_ObjectBased_R16.pth,AlexNet,L3,ObjectBased,16,M,21,0.079831526,0.048443116,0.053358756
SE-FC-L3_ObjectBased_R16.pth,AlexNet,L3,ObjectBased,16,N,1,0.023492653,0.055798467,0.016555855
SE-FC-L3_ObjectBased_R16.pth,AlexNet,L3,ObjectBased,16,N,2,0.036752496,0.052710973,0.016099567
SE-FC-L3_ObjectBased_R16.pth,AlexNet,L3,ObjectBased,16,N,3,0.053054396,0.043804992,0.011810163
SE-FC-L3_ObjectBased_R16.pth,AlexNet,L3,ObjectBased,16,N,4,0.029351117,0.025786662,0.018703958
SE-FC-L3_ObjectBased_R16.pth,AlexNet,L3,ObjectBased,16,N,5,0.044101033,0.052907132,0.017097199
SE-FC-L3_ObjectBased_R16.pth,AlexNet,L3,ObjectBased,16,N,6,0.020860977,0.041110501,0.023350587
SE-FC-L3_ObjectBased_R16.pth,AlexNet,L3,ObjectBased,16,N,7,0.028684074,0.036155853,0.013408478
SE-FC-L3_ObjectBased_R16.pth,AlexNet,L3,ObjectBased,16,N,8,0.026554832,0.034587722,0.017262872
SE-FC-L3_ObjectBased_R16.pth,AlexNet,L3,ObjectBased,16,N,9,0.013477266,0.05540679,0.026364146
SE-FC-L3_ObjectBased_R16.pth,AlexNet,L3,ObjectBased,16,N,10,0.015518594,0.048884433,0.020632653
SE-FC-L3_ObjectBased_R16.pth,AlexNet,L3,ObjectBased,16,N,11,0.014930059,0.033439588,0.025157889
SE-FC-L3_ObjectBased_R16.pth,AlexNet,L3,ObjectBased,16,N,12,0.018933205,0.030528946,0.030063068
SE-FC-L3_ObjectBased_R16.pth,AlexNet,L3,ObjectBased,16,N,13,0.026974428,0.032275397,0.029223431
SE-FC-L3_ObjectBased_R16.pth,AlexNet,L3,ObjectBased,16,N,14,0.033898674,0.041268729,0.025270563
SE-FC-L3_ObjectBased_R16.pth,AlexNet,L3,ObjectBased,16,N,15,0.000424313,0.007987083,0.027288686
SE-FC-L3_ObjectBased_R16.pth,AlexNet,L3,ObjectBased,16,N,16,0.008554432,0.015074329,0.090346992
SE-FC-L3_ObjectBased_R16.pth,AlexNet,L3,ObjectBased,16,N,17,0.013214403,0.038704809,0.071093284
SE-FC-L3_ObjectBased_R16.pth,AlexNet,L3,ObjectBased,16,N,18,0.013059397,0.033286553,0.087596744
SE-FC-L3_ObjectBased_R16.pth,AlexNet,L3,ObjectBased,16,N,19,0.000613033,0.021134179,0.058800936
SE-FC-L3_ObjectBased_R16.pth,AlexNet,L3,ObjectBased,16,N,20,0.011292281,0.023921568,0.106862128
SE-FC-L3_ObjectBased_R16.pth,AlexNet,L3,ObjectBased,16,N,21,0.020326475,0.025779562,0.091946416
SE-FC-L3_FaceBased_R32.pth,AlexNet,L3,FaceBased,32,E,1,0.062471136,0.06144483,0.174184874
SE-FC-L3_FaceBased_R32.pth,AlexNet,L3,FaceBased,32,E,2,0.052586686,0.016319724,0.249241754
SE-FC-L3_FaceBased_R32.pth,AlexNet,L3,FaceBased,32,E,3,0.103970855,0.062009018,0.137220129
SE-FC-L3_FaceBased_R32.pth,AlexNet,L3,FaceBased,32,E,4,0.114560075,0.010331363,0.18831411
SE-FC-L3_FaceBased_R32.pth,AlexNet,L3,FaceBased,32,E,5,0.081655785,0.011801319,0.197470665
SE-FC-L3_FaceBased_R32.pth,AlexNet,L3,FaceBased,32,E,6,0,0.017948691,0.207308292
SE-FC-L3_FaceBased_R32.pth,AlexNet,L3,FaceBased,32,E,7,0,0.017948689,0.207308292
SE-FC-L3_FaceBased_R32.pth,AlexNet,L3,FaceBased,32,E,8,0.239673615,0.234007284,0.008925693
SE-FC-L3_FaceBased_R32.pth,AlexNet,L3,FaceBased,32,E,9,0.244238198,0.273214608,0.000758244
SE-FC-L3_FaceBased_R32.pth,AlexNet,L3,FaceBased,32,E,10,0.052192859,0.216578454,0.00011553
SE-FC-L3_FaceBased_R32.pth,AlexNet,L3,FaceBased,32,E,11,0.095349193,0,0
SE-FC-L3_FaceBased_R32.pth,AlexNet,L3,FaceBased,32,E,12,0.067552209,0.205494568,0
SE-FC-L3_FaceBased_R32.pth,AlexNet,L3,FaceBased,32,E,13,0,0.06000432,0
SE-FC-L3_FaceBased_R32.pth,AlexNet,L3,FaceBased,32,E,14,0.061162576,0.003709219,0.071653061
SE-FC-L3_FaceBased_R32.pth,AlexNet,L3,FaceBased,32,E,15,0.015969947,0.003958383,0.224990249
SE-FC-L3_FaceBased_R32.pth,AlexNet,L3,FaceBased,32,E,16,0.045442734,0.016060576,0.162295029
SE-FC-L3_FaceBased_R32.pth,AlexNet,L3,FaceBased,32,E,17,0.018022398,0.05334305,0.24883987
SE-FC-L3_FaceBased_R32.pth,AlexNet,L3,FaceBased,32,E,18,0.061166666,0.108291857,0.117813177
SE-FC-L3_FaceBased_R32.pth,AlexNet,L3,FaceBased,32,E,19,0.05614233,0.125212595,0.142744049
SE-FC-L3_FaceBased_R32.pth,AlexNet,L3,FaceBased,32,E,20,0.045734163,0.114763558,0.150351539
SE-FC-L3_FaceBased_R32.pth,AlexNet,L3,FaceBased,32,E,21,0.029844323,0.097323805,0.298186809
SE-FC-L3_FaceBased_R32.pth,AlexNet,L3,FaceBased,32,Full,1,0.031995114,0.107437477,0.000930729
SE-FC-L3_FaceBased_R32.pth,AlexNet,L3,FaceBased,32,Full,2,0.045497667,0.209012881,0
SE-FC-L3_FaceBased_R32.pth,AlexNet,L3,FaceBased,32,Full,3,0.004380188,0.160238281,0
SE-FC-L3_FaceBased_R32.pth,AlexNet,L3,FaceBased,32,Full,4,0,0,0
SE-FC-L3_FaceBased_R32.pth,AlexNet,L3,FaceBased,32,Full,5,0,0,0
SE-FC-L3_FaceBased_R32.pth,AlexNet,L3,FaceBased,32,Full,6,0.21427834,0.12124823,0
SE-FC-L3_FaceBased_R32.pth,AlexNet,L3,FaceBased,32,Full,7,0.149554253,0.283990622,0
SE-FC-L3_FaceBased_R32.pth,AlexNet,L3,FaceBased,32,Full,8,0.344320208,0.166021138,0.048217494
SE-FC-L3_FaceBased_R32.pth,AlexNet,L3,FaceBased,32,Full,9,0.278866678,0.011986339,0.138442844
SE-FC-L3_FaceBased_R32.pth,AlexNet,L3,FaceBased,32,Full,10,0.507610261,0.033331219,0.014815243
SE-FC-L3_FaceBased_R32.pth,AlexNet,L3,FaceBased,32,Full,11,0.703161955,0.004816227,0.010058524
SE-FC-L3_FaceBased_R32.pth,AlexNet,L3,FaceBased,32,Full,12,0.643040955,0.006545796,0
SE-FC-L3_FaceBased_R32.pth,AlexNet,L3,FaceBased,32,Full,13,0.317051679,0.075935416,0.107154824
SE-FC-L3_FaceBased_R32.pth,AlexNet,L3,FaceBased,32,Full,14,0.05320321,0.107378848,0.257877767
SE-FC-L3_FaceBased_R32.pth,AlexNet,L3,FaceBased,32,Full,15,0,0,0
SE-FC-L3_FaceBased_R32.pth,AlexNet,L3,FaceBased,32,Full,16,0,0,0
SE-FC-L3_FaceBased_R32.pth,AlexNet,L3,FaceBased,32,Full,17,0.131689459,0.073155142,0.002824501
SE-FC-L3_FaceBased_R32.pth,AlexNet,L3,FaceBased,32,Full,18,0.168584377,0.18507956,0.001855055
SE-FC-L3_FaceBased_R32.pth,AlexNet,L3,FaceBased,32,Full,19,0.052249391,0.311031759,0.000277641
SE-FC-L3_FaceBased_R32.pth,AlexNet,L3,FaceBased,32,Full,20,0.019575851,0.313405305,0
SE-FC-L3_FaceBased_R32.pth,AlexNet,L3,FaceBased,32,Full,21,0.033490799,0.160690829,0
SE-FC-L3_FaceBased_R32.pth,AlexNet,L3,FaceBased,32,M,1,0.133144304,0.070148945,0.000589385
SE-FC-L3_FaceBased_R32.pth,AlexNet,L3,FaceBased,32,M,2,0.029262593,0.020585962,0.154960483
SE-FC-L3_FaceBased_R32.pth,AlexNet,L3,FaceBased,32,M,3,0,0,0
SE-FC-L3_FaceBased_R32.pth,AlexNet,L3,FaceBased,32,M,4,0,0,0
SE-FC-L3_FaceBased_R32.pth,AlexNet,L3,FaceBased,32,M,5,0,0,0
SE-FC-L3_FaceBased_R32.pth,AlexNet,L3,FaceBased,32,M,6,0,0,0
SE-FC-L3_FaceBased_R32.pth,AlexNet,L3,FaceBased,32,M,7,0,0,0
SE-FC-L3_FaceBased_R32.pth,AlexNet,L3,FaceBased,32,M,8,0,0,0
SE-FC-L3_FaceBased_R32.pth,AlexNet,L3,FaceBased,32,M,9,0.011344815,0.707519114,0
SE-FC-L3_FaceBased_R32.pth,AlexNet,L3,FaceBased,32,M,10,0,0.892200112,0
SE-FC-L3_FaceBased_R32.pth,AlexNet,L3,FaceBased,32,M,11,0,0,0
SE-FC-L3_FaceBased_R32.pth,AlexNet,L3,FaceBased,32,M,12,0,0,0
SE-FC-L3_FaceBased_R32.pth,AlexNet,L3,FaceBased,32,M,13,0,0,0
SE-FC-L3_FaceBased_R32.pth,AlexNet,L3,FaceBased,32,M,14,0,0,0
SE-FC-L3_FaceBased_R32.pth,AlexNet,L3,FaceBased,32,M,15,0.005339811,0.016651217,0
SE-FC-L3_FaceBased_R32.pth,AlexNet,L3,FaceBased,32,M,16,0,0.892200232,0
SE-FC-L3_FaceBased_R32.pth,AlexNet,L3,FaceBased,32,M,17,0,0,0
SE-FC-L3_FaceBased_R32.pth,AlexNet,L3,FaceBased,32,M,18,0.005339811,0.016651217,0
SE-FC-L3_FaceBased_R32.pth,AlexNet,L3,FaceBased,32,M,19,0.005339811,0.016651215,0
SE-FC-L3_FaceBased_R32.pth,AlexNet,L3,FaceBased,32,M,20,0.004223145,0.051425565,0
SE-FC-L3_FaceBased_R32.pth,AlexNet,L3,FaceBased,32,M,21,0.039828911,0.124199115,0
SE-FC-L3_FaceBased_R32.pth,AlexNet,L3,FaceBased,32,N,1,0.039803054,0.123588651,0.080516852
SE-FC-L3_FaceBased_R32.pth,AlexNet,L3,FaceBased,32,N,2,0.069491632,0.142605186,0.078404389
SE-FC-L3_FaceBased_R32.pth,AlexNet,L3,FaceBased,32,N,3,0.071300253,0.152840748,0.064642265
SE-FC-L3_FaceBased_R32.pth,AlexNet,L3,FaceBased,32,N,4,0.051551171,0.151708752,0.064400904
SE-FC-L3_FaceBased_R32.pth,AlexNet,L3,FaceBased,32,N,5,0.03213007,0.177631602,0.015805598
SE-FC-L3_FaceBased_R32.pth,AlexNet,L3,FaceBased,32,N,6,0.05267613,0.111312605,0.028063234
SE-FC-L3_FaceBased_R32.pth,AlexNet,L3,FaceBased,32,N,7,0.0573139,0.078119218,0.050267618
SE-FC-L3_FaceBased_R32.pth,AlexNet,L3,FaceBased,32,N,8,0.06277784,0.071362607,0.024871703
SE-FC-L3_FaceBased_R32.pth,AlexNet,L3,FaceBased,32,N,9,0.045830559,0.067900173,0.052891459
SE-FC-L3_FaceBased_R32.pth,AlexNet,L3,FaceBased,32,N,10,0.033219989,0.039324649,0.033157643
SE-FC-L3_FaceBased_R32.pth,AlexNet,L3,FaceBased,32,N,11,0.045532439,0.05873948,0.049754869
SE-FC-L3_FaceBased_R32.pth,AlexNet,L3,FaceBased,32,N,12,0.058020342,0.053701755,0.032184493
SE-FC-L3_FaceBased_R32.pth,AlexNet,L3,FaceBased,32,N,13,0.031699587,0.033516157,0.014810667
SE-FC-L3_FaceBased_R32.pth,AlexNet,L3,FaceBased,32,N,14,0.043894038,0.053345885,0.023838159
SE-FC-L3_FaceBased_R32.pth,AlexNet,L3,FaceBased,32,N,15,0.054754138,0.034307335,0.02876565
SE-FC-L3_FaceBased_R32.pth,AlexNet,L3,FaceBased,32,N,16,0.000713688,0.08733815,0.061612833
SE-FC-L3_FaceBased_R32.pth,AlexNet,L3,FaceBased,32,N,17,0.003556402,0.056445967,0.045001019
SE-FC-L3_FaceBased_R32.pth,AlexNet,L3,FaceBased,32,N,18,0.00251932,0.008690543,0.010885322
SE-FC-L3_FaceBased_R32.pth,AlexNet,L3,FaceBased,32,N,19,0.00369722,0.046248015,0.044732418
SE-FC-L3_FaceBased_R32.pth,AlexNet,L3,FaceBased,32,N,20,0,0.033721082,0.025156885
SE-FC-L3_FaceBased_R32.pth,AlexNet,L3,FaceBased,32,N,21,0.00498968,0.025408192,0.038522299
SE-FC-L3_ObjectBased_R32.pth,AlexNet,L3,ObjectBased,32,E,1,0.020592945,0.063088067,0.203534156
SE-FC-L3_ObjectBased_R32.pth,AlexNet,L3,ObjectBased,32,E,2,0.034353413,0.061952587,0.188813388
SE-FC-L3_ObjectBased_R32.pth,AlexNet,L3,ObjectBased,32,E,3,0.032375265,0.076018885,0.18872942
SE-FC-L3_ObjectBased_R32.pth,AlexNet,L3,ObjectBased,32,E,4,0.021259438,0.06293758,0.200230569
SE-FC-L3_ObjectBased_R32.pth,AlexNet,L3,ObjectBased,32,E,5,0.026016569,0.078438692,0.189931124
SE-FC-L3_ObjectBased_R32.pth,AlexNet,L3,ObjectBased,32,E,6,0.019426242,0.05819428,0.201372236
SE-FC-L3_ObjectBased_R32.pth,AlexNet,L3,ObjectBased,32,E,7,0.012889898,0.050801471,0.222743079
SE-FC-L3_ObjectBased_R32.pth,AlexNet,L3,ObjectBased,32,E,8,0.004714954,0.048123606,0.227652058
SE-FC-L3_ObjectBased_R32.pth,AlexNet,L3,ObjectBased,32,E,9,0.009097155,0.057942979,0.253123105
SE-FC-L3_ObjectBased_R32.pth,AlexNet,L3,ObjectBased,32,E,10,0.012385569,0.052105587,0.225829422
SE-FC-L3_ObjectBased_R32.pth,AlexNet,L3,ObjectBased,32,E,11,0.006172786,0.069963232,0.261622071
SE-FC-L3_ObjectBased_R32.pth,AlexNet,L3,ObjectBased,32,E,12,0.008282601,0.082874462,0.254751414
SE-FC-L3_ObjectBased_R32.pth,AlexNet,L3,ObjectBased,32,E,13,0.008662326,0.06553334,0.206629261
SE-FC-L3_ObjectBased_R32.pth,AlexNet,L3,ObjectBased,32,E,14,0.01371198,0.082159683,0.215249971
SE-FC-L3_ObjectBased_R32.pth,AlexNet,L3,ObjectBased,32,E,15,0.028701911,0.075184941,0.170726657
SE-FC-L3_ObjectBased_R32.pth,AlexNet,L3,ObjectBased,32,E,16,0.028706096,0.078854069,0.179332599
SE-FC-L3_ObjectBased_R32.pth,AlexNet,L3,ObjectBased,32,E,17,0.011902913,0.092190877,0.244407624
SE-FC-L3_ObjectBased_R32.pth,AlexNet,L3,ObjectBased,32,E,18,0.005888145,0.08276315,0.246446341
SE-FC-L3_ObjectBased_R32.pth,AlexNet,L3,ObjectBased,32,E,19,0.003029249,0.07248687,0.30449003
SE-FC-L3_ObjectBased_R32.pth,AlexNet,L3,ObjectBased,32,E,20,0.007227577,0.062074263,0.241730347
SE-FC-L3_ObjectBased_R32.pth,AlexNet,L3,ObjectBased,32,E,21,0.030130131,0.069088824,0.120974615
SE-FC-L3_ObjectBased_R32.pth,AlexNet,L3,ObjectBased,32,Full,1,0.023904614,0.047969446,0.094913833
SE-FC-L3_ObjectBased_R32.pth,AlexNet,L3,ObjectBased,32,Full,2,0.009462627,0.034919675,0.044086613
SE-FC-L3_ObjectBased_R32.pth,AlexNet,L3,ObjectBased,32,Full,3,0.042678669,0.089428261,0.035740077
SE-FC-L3_ObjectBased_R32.pth,AlexNet,L3,ObjectBased,32,Full,4,0.013001804,0.028707495,0.064881608
SE-FC-L3_ObjectBased_R32.pth,AlexNet,L3,ObjectBased,32,Full,5,0.026983554,0.053225491,0.069585629
SE-FC-L3_ObjectBased_R32.pth,AlexNet,L3,ObjectBased,32,Full,6,0.014442553,0.066425733,0.113904044
SE-FC-L3_ObjectBased_R32.pth,AlexNet,L3,ObjectBased,32,Full,7,0.012822412,0.103904769,0.103860699
SE-FC-L3_ObjectBased_R32.pth,AlexNet,L3,ObjectBased,32,Full,8,0.001165463,0.090504646,0.106142163
SE-FC-L3_ObjectBased_R32.pth,AlexNet,L3,ObjectBased,32,Full,9,0.01084606,0.059211306,0.093423486
SE-FC-L3_ObjectBased_R32.pth,AlexNet,L3,ObjectBased,32,Full,10,0.025145996,0.047719926,0.071120866
SE-FC-L3_ObjectBased_R32.pth,AlexNet,L3,ObjectBased,32,Full,11,0.045547288,0.046096869,0.046319835
SE-FC-L3_ObjectBased_R32.pth,AlexNet,L3,ObjectBased,32,Full,12,0.046199188,0.080856532,0.110642441
SE-FC-L3_ObjectBased_R32.pth,AlexNet,L3,ObjectBased,32,Full,13,0.029062714,0.055414692,0.041881777
SE-FC-L3_ObjectBased_R32.pth,AlexNet,L3,ObjectBased,32,Full,14,0.009244208,0.057643745,0.033536892
SE-FC-L3_ObjectBased_R32.pth,AlexNet,L3,ObjectBased,32,Full,15,0.016436299,0.162963614,0.044328012
SE-FC-L3_ObjectBased_R32.pth,AlexNet,L3,ObjectBased,32,Full,16,0.014586844,0.149909243,0.069969498
SE-FC-L3_ObjectBased_R32.pth,AlexNet,L3,ObjectBased,32,Full,17,0.001953235,0.077795751,0.032322299
SE-FC-L3_ObjectBased_R32.pth,AlexNet,L3,ObjectBased,32,Full,18,0.001545886,0.114490978,0.032975096
SE-FC-L3_ObjectBased_R32.pth,AlexNet,L3,ObjectBased,32,Full,19,0.008510067,0.079083882,0.031739905
SE-FC-L3_ObjectBased_R32.pth,AlexNet,L3,ObjectBased,32,Full,20,0.00815273,0.058292482,0.002796073
SE-FC-L3_ObjectBased_R32.pth,AlexNet,L3,ObjectBased,32,Full,21,0.037714634,0.044741925,0.053018365
SE-FC-L3_ObjectBased_R32.pth,AlexNet,L3,ObjectBased,32,M,1,0.014637046,0.023337753,0.089522503
SE-FC-L3_ObjectBased_R32.pth,AlexNet,L3,ObjectBased,32,M,2,0.016125621,0.02778722,0.091588065
SE-FC-L3_ObjectBased_R32.pth,AlexNet,L3,ObjectBased,32,M,3,0.015075142,0.037823353,0.105034679
SE-FC-L3_ObjectBased_R32.pth,AlexNet,L3,ObjectBased,32,M,4,0.000843729,0.039115608,0.141435355
SE-FC-L3_ObjectBased_R32.pth,AlexNet,L3,ObjectBased,32,M,5,0.011767959,0.029621234,0.136193305
SE-FC-L3_ObjectBased_R32.pth,AlexNet,L3,ObjectBased,32,M,6,6.49E-05,0.020561231,0.08075317
SE-FC-L3_ObjectBased_R32.pth,AlexNet,L3,ObjectBased,32,M,7,0.000114982,0.035483755,0.091524087
SE-FC-L3_ObjectBased_R32.pth,AlexNet,L3,ObjectBased,32,M,8,0.000363673,0.0413302,0.145344645
SE-FC-L3_ObjectBased_R32.pth,AlexNet,L3,ObjectBased,32,M,9,0.000169971,0.0402884,0.077505685
SE-FC-L3_ObjectBased_R32.pth,AlexNet,L3,ObjectBased,32,M,10,0.000127269,0.02783413,0.167634517
SE-FC-L3_ObjectBased_R32.pth,AlexNet,L3,ObjectBased,32,M,11,2.55E-05,0.016965428,0.095964104
SE-FC-L3_ObjectBased_R32.pth,AlexNet,L3,ObjectBased,32,M,12,0.000415165,0.013092226,0.06648282
SE-FC-L3_ObjectBased_R32.pth,AlexNet,L3,ObjectBased,32,M,13,0.018604165,0.070184104,0.126408592
SE-FC-L3_ObjectBased_R32.pth,AlexNet,L3,ObjectBased,32,M,14,0.003311231,0.068150453,0.162719965
SE-FC-L3_ObjectBased_R32.pth,AlexNet,L3,ObjectBased,32,M,15,0.006296426,0.055393979,0.102623329
SE-FC-L3_ObjectBased_R32.pth,AlexNet,L3,ObjectBased,32,M,16,0.009184785,0.044970244,0.089765683
SE-FC-L3_ObjectBased_R32.pth,AlexNet,L3,ObjectBased,32,M,17,0.009832396,0.051498301,0.127628163
SE-FC-L3_ObjectBased_R32.pth,AlexNet,L3,ObjectBased,32,M,18,0.000278983,0.030575322,0.107435755
SE-FC-L3_ObjectBased_R32.pth,AlexNet,L3,ObjectBased,32,M,19,0.000106668,0.025330178,0.175295964
SE-FC-L3_ObjectBased_R32.pth,AlexNet,L3,ObjectBased,32,M,20,0.000249787,0.077274099,0.129686981
SE-FC-L3_ObjectBased_R32.pth,AlexNet,L3,ObjectBased,32,M,21,0.003409672,0.08161369,0.126963422
SE-FC-L3_ObjectBased_R32.pth,AlexNet,L3,ObjectBased,32,N,1,0.004895152,0.040262029,0.049231749
SE-FC-L3_ObjectBased_R32.pth,AlexNet,L3,ObjectBased,32,N,2,0.006427058,0.027203729,0.064289138
SE-FC-L3_ObjectBased_R32.pth,AlexNet,L3,ObjectBased,32,N,3,0.003776119,0.024517169,0.059713632
SE-FC-L3_ObjectBased_R32.pth,AlexNet,L3,ObjectBased,32,N,4,0.004172864,0.039278943,0.067128837
SE-FC-L3_ObjectBased_R32.pth,AlexNet,L3,ObjectBased,32,N,5,0.002518451,0.026023839,0.049787764
SE-FC-L3_ObjectBased_R32.pth,AlexNet,L3,ObjectBased,32,N,6,0.002975253,0.028594056,0.038942095
SE-FC-L3_ObjectBased_R32.pth,AlexNet,L3,ObjectBased,32,N,7,0.003790986,0.022133559,0.042358309
SE-FC-L3_ObjectBased_R32.pth,AlexNet,L3,ObjectBased,32,N,8,0.006156411,0.044558641,0.046609513
SE-FC-L3_ObjectBased_R32.pth,AlexNet,L3,ObjectBased,32,N,9,0.003794562,0.051487308,0.046747569
SE-FC-L3_ObjectBased_R32.pth,AlexNet,L3,ObjectBased,32,N,10,0.01101478,0.06046382,0.059520599
SE-FC-L3_ObjectBased_R32.pth,AlexNet,L3,ObjectBased,32,N,11,0.013841841,0.053961042,0.048110947
SE-FC-L3_ObjectBased_R32.pth,AlexNet,L3,ObjectBased,32,N,12,0.00951426,0.068069153,0.056155983
SE-FC-L3_ObjectBased_R32.pth,AlexNet,L3,ObjectBased,32,N,13,0.009565895,0.053695254,0.058847535
SE-FC-L3_ObjectBased_R32.pth,AlexNet,L3,ObjectBased,32,N,14,0.005314617,0.03803888,0.044423722
SE-FC-L3_ObjectBased_R32.pth,AlexNet,L3,ObjectBased,32,N,15,0.006033466,0.033034116,0.047383267
SE-FC-L3_ObjectBased_R32.pth,AlexNet,L3,ObjectBased,32,N,16,0.006342644,0.046516612,0.059168436
SE-FC-L3_ObjectBased_R32.pth,AlexNet,L3,ObjectBased,32,N,17,0.008126808,0.047187775,0.049562033
SE-FC-L3_ObjectBased_R32.pth,AlexNet,L3,ObjectBased,32,N,18,0.003929124,0.052177738,0.044871237
SE-FC-L3_ObjectBased_R32.pth,AlexNet,L3,ObjectBased,32,N,19,0.001947779,0.054993775,0.057631351
SE-FC-L3_ObjectBased_R32.pth,AlexNet,L3,ObjectBased,32,N,20,0.002141626,0.069731362,0.068560511
SE-FC-L3_ObjectBased_R32.pth,AlexNet,L3,ObjectBased,32,N,21,0.007534311,0.056458931,0.097655989