ModelFile,Condition,ImageID,Reduction,Peak_Y,Peak_Value,Lowest_Y,Peak_Region
Baseline_AlexNet_FaceBased.pth,E,1,4,215,107.069824,0,Background
Baseline_AlexNet_FaceBased.pth,E,2,4,146,17.676315,0,Nose
Baseline_AlexNet_FaceBased.pth,E,3,4,163,48.341805,0,Background
Baseline_AlexNet_FaceBased.pth,E,4,4,146,17.670252,0,Nose
Baseline_AlexNet_FaceBased.pth,E,5,4,163,57.53051,0,Background
Baseline_AlexNet_FaceBased.pth,E,6,4,163,68.36358,0,Background
Baseline_AlexNet_FaceBased.pth,E,7,4,163,88.70563,0,Background
Baseline_AlexNet_FaceBased.pth,E,8,4,164,73.91255,0,Background
Baseline_AlexNet_FaceBased.pth,E,9,4,180,81.35626,26,Mouth
Baseline_AlexNet_FaceBased.pth,E,10,4,164,74.45308,0,Background
Baseline_AlexNet_FaceBased.pth,E,11,4,180,90.30347,215,Mouth
Baseline_AlexNet_FaceBased.pth,E,12,4,164,75.198456,215,Background
Baseline_AlexNet_FaceBased.pth,E,13,4,215,141.8943,112,Background
Baseline_AlexNet_FaceBased.pth,E,14,4,197,80.642166,146,Mouth
Baseline_AlexNet_FaceBased.pth,E,15,4,0,22.71726,26,Background
Baseline_AlexNet_FaceBased.pth,E,16,4,198,130.33989,215,Mouth
Baseline_AlexNet_FaceBased.pth,E,17,4,197,81.075676,129,Mouth
Baseline_AlexNet_FaceBased.pth,E,18,4,181,84.15079,215,Mouth
Baseline_AlexNet_FaceBased.pth,E,19,4,180,89.65086,77,Mouth
Baseline_AlexNet_FaceBased.pth,E,20,4,180,88.84266,215,Mouth
Baseline_AlexNet_FaceBased.pth,E,21,4,164,96.2333,26,Background
Baseline_AlexNet_FaceBased.pth,Full,1,4,94,47.592983,0,Eyes
Baseline_AlexNet_FaceBased.pth,Full,2,4,94,67.41194,0,Eyes
Baseline_AlexNet_FaceBased.pth,Full,3,4,77,72.17182,0,Eyes
Baseline_AlexNet_FaceBased.pth,Full,4,4,94,63.74992,0,Eyes
Baseline_AlexNet_FaceBased.pth,Full,5,4,94,97.4386,26,Eyes
Baseline_AlexNet_FaceBased.pth,Full,6,4,94,71.96965,0,Eyes
Baseline_AlexNet_FaceBased.pth,Full,7,4,94,49.5468,26,Eyes
Baseline_AlexNet_FaceBased.pth,Full,8,4,94,66.42027,164,Eyes
Baseline_AlexNet_FaceBased.pth,Full,9,4,77,103.033714,25,Eyes
Baseline_AlexNet_FaceBased.pth,Full,10,4,77,104.34526,163,Eyes
Baseline_AlexNet_FaceBased.pth,Full,11,4,77,114.957214,129,Eyes
Baseline_AlexNet_FaceBased.pth,Full,12,4,77,118.27408,129,Eyes
Baseline_AlexNet_FaceBased.pth,Full,13,4,77,101.34789,163,Eyes
Baseline_AlexNet_FaceBased.pth,Full,14,4,60,78.11859,146,Background
Baseline_AlexNet_FaceBased.pth,Full,15,4,146,27.540955,0,Nose
Baseline_AlexNet_FaceBased.pth,Full,16,4,146,62.149803,0,Nose
Baseline_AlexNet_FaceBased.pth,Full,17,4,60,88.93146,146,Background
Baseline_AlexNet_FaceBased.pth,Full,18,4,60,104.471466,145,Background
Baseline_AlexNet_FaceBased.pth,Full,19,4,181,114.56558,129,Mouth
Baseline_AlexNet_FaceBased.pth,Full,20,4,181,107.7631,128,Mouth
Baseline_AlexNet_FaceBased.pth,Full,21,4,180,107.979004,215,Mouth
Baseline_AlexNet_FaceBased.pth,M,1,4,129,32.469906,26,Nose
Baseline_AlexNet_FaceBased.pth,M,2,4,128,42.986645,26,Nose
Baseline_AlexNet_FaceBased.pth,M,3,4,129,36.944153,78,Nose
Baseline_AlexNet_FaceBased.pth,M,4,4,60,45.301914,0,Background
Baseline_AlexNet_FaceBased.pth,M,5,4,129,66.283966,0,Nose
Baseline_AlexNet_FaceBased.pth,M,6,4,129,83.604485,78,Nose
Baseline_AlexNet_FaceBased.pth,M,7,4,129,89.528625,0,Nose
Baseline_AlexNet_FaceBased.pth,M,8,4,112,72.80426,0,Background
Baseline_AlexNet_FaceBased.pth,M,9,4,129,27.652754,0,Nose
Baseline_AlexNet_FaceBased.pth,M,10,4,112,32.18873,0,Background
Baseline_AlexNet_FaceBased.pth,M,11,4,129,55.3635,0,Nose
Baseline_AlexNet_FaceBased.pth,M,12,4,128,38.08875,0,Nose
Baseline_AlexNet_FaceBased.pth,M,13,4,112,48.608322,0,Background
Baseline_AlexNet_FaceBased.pth,M,14,4,128,43.023384,0,Nose
Baseline_AlexNet_FaceBased.pth,M,15,4,112,23.404085,0,Background
Baseline_AlexNet_FaceBased.pth,M,16,4,112,21.170685,0,Background
Baseline_AlexNet_FaceBased.pth,M,17,4,129,25.50959,0,Nose
Baseline_AlexNet_FaceBased.pth,M,18,4,128,41.57617,0,Nose
Baseline_AlexNet_FaceBased.pth,M,19,4,112,17.424377,0,Background
Baseline_AlexNet_FaceBased.pth,M,20,4,0,0,0,Background
Baseline_AlexNet_FaceBased.pth,M,21,4,112,18.481962,0,Background
Baseline_AlexNet_FaceBased.pth,N,1,4,163,17.424377,0,Background
Baseline_AlexNet_FaceBased.pth,N,2,4,25,137.04086,215,Background
Baseline_AlexNet_FaceBased.pth,N,3,4,43,93.72981,215,Background
Baseline_AlexNet_FaceBased.pth,N,4,4,163,86.63061,60,Background
Baseline_AlexNet_FaceBased.pth,N,5,4,129,63.173073,0,Nose
Baseline_AlexNet_FaceBased.pth,N,6,4,112,28.849064,0,Background
Baseline_AlexNet_FaceBased.pth,N,7,4,112,19.785221,0,Background
Baseline_AlexNet_FaceBased.pth,N,8,4,215,17.234375,0,Background
Baseline_AlexNet_FaceBased.pth,N,9,4,77,24.101261,0,Eyes
Baseline_AlexNet_FaceBased.pth,N,10,4,129,25.072952,0,Nose
Baseline_AlexNet_FaceBased.pth,N,11,4,94,17.742523,0,Eyes
Baseline_AlexNet_FaceBased.pth,N,12,4,0,0,0,Background
Baseline_AlexNet_FaceBased.pth,N,13,4,0,0,0,Background
Baseline_AlexNet_FaceBased.pth,N,14,4,0,0,0,Background
Baseline_AlexNet_FaceBased.pth,N,15,4,0,0,0,Background
Baseline_AlexNet_FaceBased.pth,N,16,4,0,0,0,Background
Baseline_AlexNet_FaceBased.pth,N,17,4,0,0,0,Background
Baseline_AlexNet_FaceBased.pth,N,18,4,0,0,0,Background
Baseline_AlexNet_FaceBased.pth,N,19,4,77,19.878033,0,Eyes
Baseline_AlexNet_FaceBased.pth,N,20,4,94,28.81195,0,Eyes
Baseline_AlexNet_FaceBased.pth,N,21,4,94,17.742523,0,Eyes
Baseline_AlexNet_ObjectBased.pth,E,1,4,43,36.483246,0,Background
Baseline_AlexNet_ObjectBased.pth,E,2,4,146,44.257812,0,Nose
Baseline_AlexNet_ObjectBased.pth,E,3,4,146,53.64488,0,Nose
Baseline_AlexNet_ObjectBased.pth,E,4,4,146,48.53379,0,Nose
Baseline_AlexNet_ObjectBased.pth,E,5,4,146,35.235622,0,Nose
Baseline_AlexNet_ObjectBased.pth,E,6,4,146,43.42483,0,Nose
Baseline_AlexNet_ObjectBased.pth,E,7,4,146,38.925453,0,Nose
Baseline_AlexNet_ObjectBased.pth,E,8,4,146,41.939415,0,Nose
Baseline_AlexNet_ObjectBased.pth,E,9,4,146,46.750637,0,Nose
Baseline_AlexNet_ObjectBased.pth,E,10,4,129,39.010147,0,Nose
Baseline_AlexNet_ObjectBased.pth,E,11,4,129,39.774345,0,Nose
Baseline_AlexNet_ObjectBased.pth,E,12,4,163,50.708027,0,Background
Baseline_AlexNet_ObjectBased.pth,E,13,4,146,49.945755,0,Nose
Baseline_AlexNet_ObjectBased.pth,E,14,4,163,58.212616,0,Background
Baseline_AlexNet_ObjectBased.pth,E,15,4,146,52.63629,0,Nose
Baseline_AlexNet_ObjectBased.pth,E,16,4,129,48.966698,0,Nose
Baseline_AlexNet_ObjectBased.pth,E,17,4,180,62.433926,0,Mouth
Baseline_AlexNet_ObjectBased.pth,E,18,4,146,64.39386,0,Nose
Baseline_AlexNet_ObjectBased.pth,E,19,4,129,50.330723,0,Nose
Baseline_AlexNet_ObjectBased.pth,E,20,4,129,47.085648,0,Nose
Baseline_AlexNet_ObjectBased.pth,E,21,4,43,65.84435,0,Background
Baseline_AlexNet_ObjectBased.pth,Full,1,4,198,63.651646,25,Mouth
Baseline_AlexNet_ObjectBased.pth,Full,2,4,198,94.383545,25,Mouth
Baseline_AlexNet_ObjectBased.pth,Full,3,4,198,90.93333,25,Mouth
Baseline_AlexNet_ObjectBased.pth,Full,4,4,198,86.744125,77,Mouth
Baseline_AlexNet_ObjectBased.pth,Full,5,4,198,85.13438,25,Mouth
Baseline_AlexNet_ObjectBased.pth,Full,6,4,197,104.348785,25,Mouth
Baseline_AlexNet_ObjectBased.pth,Full,7,4,197,90.19564,0,Mouth
Baseline_AlexNet_ObjectBased.pth,Full,8,4,197,104.18197,25,Mouth
Baseline_AlexNet_ObjectBased.pth,Full,9,4,198,91.85896,25,Mouth
Baseline_AlexNet_ObjectBased.pth,Full,10,4,197,97.27617,25,Mouth
Baseline_AlexNet_ObjectBased.pth,Full,11,4,197,84.73668,0,Mouth
Baseline_AlexNet_ObjectBased.pth,Full,12,4,197,73.93474,0,Mouth
Baseline_AlexNet_ObjectBased.pth,Full,13,4,197,75.86636,0,Mouth
Baseline_AlexNet_ObjectBased.pth,Full,14,4,197,82.188194,0,Mouth
Baseline_AlexNet_ObjectBased.pth,Full,15,4,197,98.211296,25,Mouth
Baseline_AlexNet_ObjectBased.pth,Full,16,4,198,82.959305,25,Mouth
Baseline_AlexNet_ObjectBased.pth,Full,17,4,197,101.09833,25,Mouth
Baseline_AlexNet_ObjectBased.pth,Full,18,4,146,80.85426,25,Nose
Baseline_AlexNet_ObjectBased.pth,Full,19,4,146,88.14334,25,Nose
Baseline_AlexNet_ObjectBased.pth,Full,20,4,146,104.040215,25,Nose
Baseline_AlexNet_ObjectBased.pth,Full,21,4,129,81.12285,25,Nose
Baseline_AlexNet_ObjectBased.pth,M,1,4,94,102.7426,0,Eyes
Baseline_AlexNet_ObjectBased.pth,M,2,4,94,60.050137,0,Eyes
Baseline_AlexNet_ObjectBased.pth,M,3,4,94,50.461422,0,Eyes
Baseline_AlexNet_ObjectBased.pth,M,4,4,94,52.576736,0,Eyes
Baseline_AlexNet_ObjectBased.pth,M,5,4,94,72.03487,0,Eyes
Baseline_AlexNet_ObjectBased.pth,M,6,4,94,88.27377,0,Eyes
Baseline_AlexNet_ObjectBased.pth,M,7,4,43,61.14144,25,Background
Baseline_AlexNet_ObjectBased.pth,M,8,4,60,69.23931,25,Background
Baseline_AlexNet_ObjectBased.pth,M,9,4,111,34.536522,0,Background
Baseline_AlexNet_ObjectBased.pth,M,10,4,95,72.510765,0,Eyes
Baseline_AlexNet_ObjectBased.pth,M,11,4,111,44.22314,0,Background
Baseline_AlexNet_ObjectBased.pth,M,12,4,95,55.666733,0,Eyes
Baseline_AlexNet_ObjectBased.pth,M,13,4,94,100.27738,0,Eyes
Baseline_AlexNet_ObjectBased.pth,M,14,4,95,44.41336,0,Eyes
Baseline_AlexNet_ObjectBased.pth,M,15,4,95,72.680824,0,Eyes
Baseline_AlexNet_ObjectBased.pth,M,16,4,111,58.43251,0,Background
Baseline_AlexNet_ObjectBased.pth,M,17,4,94,99.911896,0,Eyes
Baseline_AlexNet_ObjectBased.pth,M,18,4,94,112.330124,0,Eyes
Baseline_AlexNet_ObjectBased.pth,M,19,4,95,117.82291,0,Eyes
Baseline_AlexNet_ObjectBased.pth,M,20,4,111,113.36609,0,Background
Baseline_AlexNet_ObjectBased.pth,M,21,4,111,128.89508,0,Background
Baseline_AlexNet_ObjectBased.pth,N,1,4,77,87.84851,25,Eyes
Baseline_AlexNet_ObjectBased.pth,N,2,4,77,79.79907,0,Eyes
Baseline_AlexNet_ObjectBased.pth,N,3,4,77,82.80417,0,Eyes
Baseline_AlexNet_ObjectBased.pth,N,4,4,77,86.06697,0,Eyes
Baseline_AlexNet_ObjectBased.pth,N,5,4,77,88.16293,0,Eyes
Baseline_AlexNet_ObjectBased.pth,N,6,4,197,57.89461,0,Mouth
Baseline_AlexNet_ObjectBased.pth,N,7,4,197,79.17526,0,Mouth
Baseline_AlexNet_ObjectBased.pth,N,8,4,197,98.411194,25,Mouth
Baseline_AlexNet_ObjectBased.pth,N,9,4,197,86.89801,0,Mouth
Baseline_AlexNet_ObjectBased.pth,N,10,4,197,85.28345,0,Mouth
Baseline_AlexNet_ObjectBased.pth,N,11,4,197,85.65796,0,Mouth
Baseline_AlexNet_ObjectBased.pth,N,12,4,197,101.713486,25,Mouth
Baseline_AlexNet_ObjectBased.pth,N,13,4,197,92.30611,0,Mouth
Baseline_AlexNet_ObjectBased.pth,N,14,4,197,92.63281,0,Mouth
Baseline_AlexNet_ObjectBased.pth,N,15,4,197,79.09377,0,Mouth
Baseline_AlexNet_ObjectBased.pth,N,16,4,163,56.000496,0,Background
Baseline_AlexNet_ObjectBased.pth,N,17,4,163,63.88255,0,Background
Baseline_AlexNet_ObjectBased.pth,N,18,4,77,74.90726,0,Eyes
Baseline_AlexNet_ObjectBased.pth,N,19,4,77,86.43039,0,Eyes
Baseline_AlexNet_ObjectBased.pth,N,20,4,77,79.23834,0,Eyes
Baseline_AlexNet_ObjectBased.pth,N,21,4,77,88.02846,0,Eyes
SE-Conv-L1_FaceBased_R16.pth,E,1,16,180,86.54968,215,Mouth
SE-Conv-L1_FaceBased_R16.pth,E,2,16,163,80.36456,215,Background
SE-Conv-L1_FaceBased_R16.pth,E,3,16,180,84.843994,215,Mouth
SE-Conv-L1_FaceBased_R16.pth,E,4,16,180,77.88112,215,Mouth
SE-Conv-L1_FaceBased_R16.pth,E,5,16,180,82.309845,215,Mouth
SE-Conv-L1_FaceBased_R16.pth,E,6,16,180,84.487785,215,Mouth
SE-Conv-L1_FaceBased_R16.pth,E,7,16,180,73.65068,215,Mouth
SE-Conv-L1_FaceBased_R16.pth,E,8,16,180,70.019394,215,Mouth
SE-Conv-L1_FaceBased_R16.pth,E,9,16,180,74.13562,26,Mouth
SE-Conv-L1_FaceBased_R16.pth,E,10,16,180,72.71836,26,Mouth
SE-Conv-L1_FaceBased_R16.pth,E,11,16,180,62.27982,215,Mouth
SE-Conv-L1_FaceBased_R16.pth,E,12,16,164,75.48161,215,Background
SE-Conv-L1_FaceBased_R16.pth,E,13,16,164,82.4341,26,Background
SE-Conv-L1_FaceBased_R16.pth,E,14,16,180,86.31984,26,Mouth
SE-Conv-L1_FaceBased_R16.pth,E,15,16,180,90.30136,26,Mouth
SE-Conv-L1_FaceBased_R16.pth,E,16,16,163,91.78882,215,Background
SE-Conv-L1_FaceBased_R16.pth,E,17,16,164,109.46852,215,Background
SE-Conv-L1_FaceBased_R16.pth,E,18,16,180,110.15757,215,Mouth
SE-Conv-L1_FaceBased_R16.pth,E,19,16,164,102.4072,78,Background
SE-Conv-L1_FaceBased_R16.pth,E,20,16,164,90.60756,219,Background
SE-Conv-L1_FaceBased_R16.pth,E,21,16,163,107.59525,215,Background
SE-Conv-L1_FaceBased_R16.pth,Full,1,16,180,81.192184,215,Mouth
SE-Conv-L1_FaceBased_R16.pth,Full,2,16,77,85.71875,215,Eyes
SE-Conv-L1_FaceBased_R16.pth,Full,3,16,180,80.12305,112,Mouth
SE-Conv-L1_FaceBased_R16.pth,Full,4,16,180,98.05863,215,Mouth
SE-Conv-L1_FaceBased_R16.pth,Full,5,16,180,94.89242,215,Mouth
SE-Conv-L1_FaceBased_R16.pth,Full,6,16,180,90.36129,221,Mouth
SE-Conv-L1_FaceBased_R16.pth,Full,7,16,180,84.21593,111,Mouth
SE-Conv-L1_FaceBased_R16.pth,Full,8,16,180,82.40143,215,Mouth
SE-Conv-L1_FaceBased_R16.pth,Full,9,16,180,87.844185,215,Mouth
SE-Conv-L1_FaceBased_R16.pth,Full,10,16,180,85.343094,215,Mouth
SE-Conv-L1_FaceBased_R16.pth,Full,11,16,164,87.98147,111,Background
SE-Conv-L1_FaceBased_R16.pth,Full,12,16,180,94.48729,215,Mouth
SE-Conv-L1_FaceBased_R16.pth,Full,13,16,180,98.67784,216,Mouth
SE-Conv-L1_FaceBased_R16.pth,Full,14,16,180,98.745445,215,Mouth
SE-Conv-L1_FaceBased_R16.pth,Full,15,16,180,100.34564,215,Mouth
SE-Conv-L1_FaceBased_R16.pth,Full,16,16,180,105.75687,215,Mouth
SE-Conv-L1_FaceBased_R16.pth,Full,17,16,180,103.45415,215,Mouth
SE-Conv-L1_FaceBased_R16.pth,Full,18,16,180,115.97957,215,Mouth
SE-Conv-L1_FaceBased_R16.pth,Full,19,16,180,92.97706,215,Mouth
SE-Conv-L1_FaceBased_R16.pth,Full,20,16,180,59.381294,0,Mouth
SE-Conv-L1_FaceBased_R16.pth,Full,21,16,180,59.910812,112,Mouth
SE-Conv-L1_FaceBased_R16.pth,M,1,16,43,50.83428,0,Background
SE-Conv-L1_FaceBased_R16.pth,M,2,16,43,60.47894,198,Background
SE-Conv-L1_FaceBased_R16.pth,M,3,16,60,72.96612,198,Background
SE-Conv-L1_FaceBased_R16.pth,M,4,16,60,82.753494,198,Background
SE-Conv-L1_FaceBased_R16.pth,M,5,16,60,89.898346,198,Background
SE-Conv-L1_FaceBased_R16.pth,M,6,16,60,76.226265,0,Background
SE-Conv-L1_FaceBased_R16.pth,M,7,16,60,75.83629,0,Background
SE-Conv-L1_FaceBased_R16.pth,M,8,16,60,60.984806,0,Background
SE-Conv-L1_FaceBased_R16.pth,M,9,16,59,52.058273,198,Background
SE-Conv-L1_FaceBased_R16.pth,M,10,16,59,65.713646,198,Background
SE-Conv-L1_FaceBased_R16.pth,M,11,16,59,59.042416,198,Background
SE-Conv-L1_FaceBased_R16.pth,M,12,16,43,40.252293,0,Background
SE-Conv-L1_FaceBased_R16.pth,M,13,16,60,61.787563,0,Background
SE-Conv-L1_FaceBased_R16.pth,M,14,16,60,53.117203,198,Background
SE-Conv-L1_FaceBased_R16.pth,M,15,16,59,49.444458,198,Background
SE-Conv-L1_FaceBased_R16.pth,M,16,16,43,55.30139,198,Background
SE-Conv-L1_FaceBased_R16.pth,M,17,16,59,64.19928,198,Background
SE-Conv-L1_FaceBased_R16.pth,M,18,16,60,78.098335,215,Background
SE-Conv-L1_FaceBased_R16.pth,M,19,16,77,84.93269,215,Eyes
SE-Conv-L1_FaceBased_R16.pth,M,20,16,60,72.61828,215,Background
SE-Conv-L1_FaceBased_R16.pth,M,21,16,77,69.86093,215,Eyes
SE-Conv-L1_FaceBased_R16.pth,N,1,16,60,88.31919,0,Background
SE-Conv-L1_FaceBased_R16.pth,N,2,16,60,55.865234,146,Background
SE-Conv-L1_FaceBased_R16.pth,N,3,16,60,64.20065,0,Background
SE-Conv-L1_FaceBased_R16.pth,N,4,16,43,86.78967,146,Background
SE-Conv-L1_FaceBased_R16.pth,N,5,16,60,78.31987,198,Background
SE-Conv-L1_FaceBased_R16.pth,N,6,16,60,85.92933,198,Background
SE-Conv-L1_FaceBased_R16.pth,N,7,16,59,96.343124,163,Background
SE-Conv-L1_FaceBased_R16.pth,N,8,16,43,95.78412,163,Background
SE-Conv-L1_FaceBased_R16.pth,N,9,16,43,70.23632,146,Background
SE-Conv-L1_FaceBased_R16.pth,N,10,16,60,62.064293,0,Background
SE-Conv-L1_FaceBased_R16.pth,N,11,16,60,64.76865,215,Background
SE-Conv-L1_FaceBased_R16.pth,N,12,16,94,79.770355,215,Eyes
SE-Conv-L1_FaceBased_R16.pth,N,13,16,94,100.02078,146,Eyes
SE-Conv-L1_FaceBased_R16.pth,N,14,16,95,108.35734,163,Eyes
SE-Conv-L1_FaceBased_R16.pth,N,15,16,94,81.10463,215,Eyes
SE-Conv-L1_FaceBased_R16.pth,N,16,16,94,46.65698,198,Eyes
SE-Conv-L1_FaceBased_R16.pth,N,17,16,43,20.450705,0,Background
SE-Conv-L1_FaceBased_R16.pth,N,18,16,43,48.169224,0,Background
SE-Conv-L1_FaceBased_R16.pth,N,19,16,43,55.75451,0,Background
SE-Conv-L1_FaceBased_R16.pth,N,20,16,43,56.37921,146,Background
SE-Conv-L1_FaceBased_R16.pth,N,21,16,43,36.80825,0,Background
SE-Conv-L1_FaceBased_R2.pth,E,1,2,215,17.424381,0,Background
SE-Conv-L1_FaceBased_R2.pth,E,2,2,215,62.55377,0,Background
SE-Conv-L1_FaceBased_R2.pth,E,3,2,60,87.66366,0,Background
SE-Conv-L1_FaceBased_R2.pth,E,4,2,60,61.298023,0,Background
SE-Conv-L1_FaceBased_R2.pth,E,5,2,215,91.79066,0,Background
SE-Conv-L1_FaceBased_R2.pth,E,6,2,215,69.04136,0,Background
SE-Conv-L1_FaceBased_R2.pth,E,7,2,215,80.95025,26,Background
SE-Conv-L1_FaceBased_R2.pth,E,8,2,215,76.692764,26,Background
SE-Conv-L1_FaceBased_R2.pth,E,9,2,215,28.68719,0,Background
SE-Conv-L1_FaceBased_R2.pth,E,10,2,215,38.586514,0,Background
SE-Conv-L1_FaceBased_R2.pth,E,11,2,215,41.00935,0,Background
SE-Conv-L1_FaceBased_R2.pth,E,12,2,215,58.268417,0,Background
SE-Conv-L1_FaceBased_R2.pth,E,13,2,0,0,0,Background
SE-Conv-L1_FaceBased_R2.pth,E,14,2,215,39.095673,0,Background
SE-Conv-L1_FaceBased_R2.pth,E,15,2,60,19.339931,0,Background
SE-Conv-L1_FaceBased_R2.pth,E,16,2,60,47.122383,0,Background
SE-Conv-L1_FaceBased_R2.pth,E,17,2,163,17.493639,0,Background
SE-Conv-L1_FaceBased_R2.pth,E,18,2,163,17.424381,0,Background
SE-Conv-L1_FaceBased_R2.pth,E,19,2,163,17.424381,0,Background
SE-Conv-L1_FaceBased_R2.pth,E,20,2,163,17.424381,0,Background
SE-Conv-L1_FaceBased_R2.pth,E,21,2,0,0,0,Background
SE-Conv-L1_FaceBased_R2.pth,Full,1,2,0,17.742523,26,Background
SE-Conv-L1_FaceBased_R2.pth,Full,2,2,0,0,0,Background
SE-Conv-L1_FaceBased_R2.pth,Full,3,2,0,0,0,Background
SE-Conv-L1_FaceBased_R2.pth,Full,4,2,60,17.424377,0,Background
SE-Conv-L1_FaceBased_R2.pth,Full,5,2,0,0,0,Background
SE-Conv-L1_FaceBased_R2.pth,Full,6,2,0,0,0,Background
SE-Conv-L1_FaceBased_R2.pth,Full,7,2,0,0,0,Background
SE-Conv-L1_FaceBased_R2.pth,Full,8,2,0,0,0,Background
SE-Conv-L1_FaceBased_R2.pth,Full,9,2,0,0,0,Background
SE-Conv-L1_FaceBased_R2.pth,Full,10,2,0,0,0,Background
SE-Conv-L1_FaceBased_R2.pth,Full,11,2,0,0,0,Background
SE-Conv-L1_FaceBased_R2.pth,Full,12,2,0,0,0,Background
SE-Conv-L1_FaceBased_R2.pth,Full,13,2,215,17.424381,0,Background
SE-Conv-L1_FaceBased_R2.pth,Full,14,2,0,0,0,Background
SE-Conv-L1_FaceBased_R2.pth,Full,15,2,60,25.874405,0,Background
SE-Conv-L1_FaceBased_R2.pth,Full,16,2,217,93.509834,111,Background
SE-Conv-L1_FaceBased_R2.pth,Full,17,2,217,74.17686,197,Background
SE-Conv-L1_FaceBased_R2.pth,Full,18,2,215,34.39914,0,Background
SE-Conv-L1_FaceBased_R2.pth,Full,19,2,60,39.280113,0,Background
SE-Conv-L1_FaceBased_R2.pth,Full,20,2,129,57.497536,78,Nose
SE-Conv-L1_FaceBased_R2.pth,Full,21,2,0,0,0,Background
SE-Conv-L1_FaceBased_R2.pth,M,1,2,77,17.441717,0,Eyes
SE-Conv-L1_FaceBased_R2.pth,M,2,2,60,20.72656,0,Background
SE-Conv-L1_FaceBased_R2.pth,M,3,2,60,32.773373,0,Background
SE-Conv-L1_FaceBased_R2.pth,M,4,2,77,17.424381,0,Eyes
SE-Conv-L1_FaceBased_R2.pth,M,5,2,77,17.424381,0,Eyes
SE-Conv-L1_FaceBased_R2.pth,M,6,2,77,17.424381,0,Eyes
SE-Conv-L1_FaceBased_R2.pth,M,7,2,77,17.424381,0,Eyes
SE-Conv-L1_FaceBased_R2.pth,M,8,2,0,0,0,Background
SE-Conv-L1_FaceBased_R2.pth,M,9,2,0,0,0,Background
SE-Conv-L1_FaceBased_R2.pth,M,10,2,0,0,0,Background
SE-Conv-L1_FaceBased_R2.pth,M,11,2,0,0,0,Background
SE-Conv-L1_FaceBased_R2.pth,M,12,2,0,0,0,Background
SE-Conv-L1_FaceBased_R2.pth,M,13,2,0,0,0,Background
SE-Conv-L1_FaceBased_R2.pth,M,14,2,0,0,0,Background
SE-Conv-L1_FaceBased_R2.pth,M,15,2,0,0,0,Background
SE-Conv-L1_FaceBased_R2.pth,M,16,2,0,0,0,Background
SE-Conv-L1_FaceBased_R2.pth,M,17,2,0,0,0,Background
SE-Conv-L1_FaceBased_R2.pth,M,18,2,0,0,0,Background
SE-Conv-L1_FaceBased_R2.pth,M,19,2,0,0,0,Background
SE-Conv-L1_FaceBased_R2.pth,M,20,2,60,26.506176,0,Background
SE-Conv-L1_FaceBased_R2.pth,M,21,2,60,17.277405,0,Background
SE-Conv-L1_FaceBased_R2.pth,N,1,2,42,105.77797,163,Background
SE-Conv-L1_FaceBased_R2.pth,N,2,2,26,115.978836,94,Background
SE-Conv-L1_FaceBased_R2.pth,N,3,2,26,133.01921,77,Background
SE-Conv-L1_FaceBased_R2.pth,N,4,2,112,116.26364,77,Background
SE-Conv-L1_FaceBased_R2.pth,N,5,2,215,97.1086,60,Background
SE-Conv-L1_FaceBased_R2.pth,N,6,2,215,92.71188,146,Background
SE-Conv-L1_FaceBased_R2.pth,N,7,2,215,109.078,163,Background
SE-Conv-L1_FaceBased_R2.pth,N,8,2,221,113.83223,0,Background
SE-Conv-L1_FaceBased_R2.pth,N,9,2,77,67.57416,25,Eyes
SE-Conv-L1_FaceBased_R2.pth,N,10,2,111,103.54926,26,Background
SE-Conv-L1_FaceBased_R2.pth,N,11,2,77,72.52792,42,Eyes
SE-Conv-L1_FaceBased_R2.pth,N,12,2,43,107.690796,163,Background
SE-Conv-L1_FaceBased_R2.pth,N,13,2,216,121.53979,163,Background
SE-Conv-L1_FaceBased_R2.pth,N,14,2,112,100.30993,26,Background
SE-Conv-L1_FaceBased_R2.pth,N,15,2,112,110.48155,26,Background
SE-Conv-L1_FaceBased_R2.pth,N,16,2,215,114.08395,25,Background
SE-Conv-L1_FaceBased_R2.pth,N,17,2,215,110.88742,59,Background
SE-Conv-L1_FaceBased_R2.pth,N,18,2,215,100.93762,42,Background
SE-Conv-L1_FaceBased_R2.pth,N,19,2,95,27.780596,0,Eyes
SE-Conv-L1_FaceBased_R2.pth,N,20,2,112,41.850124,0,Background
SE-Conv-L1_FaceBased_R2.pth,N,21,2,112,27.046356,0,Background
SE-Conv-L1_FaceBased_R32.pth,E,1,32,129,95.816154,26,Nose
SE-Conv-L1_FaceBased_R32.pth,E,2,32,129,101.79703,26,Nose
SE-Conv-L1_FaceBased_R32.pth,E,3,32,129,109.94295,26,Nose
SE-Conv-L1_FaceBased_R32.pth,E,4,32,145,105.0183,26,Nose
SE-Conv-L1_FaceBased_R32.pth,E,5,32,129,88.37748,0,Nose
SE-Conv-L1_FaceBased_R32.pth,E,6,32,129,99.78859,0,Nose
SE-Conv-L1_FaceBased_R32.pth,E,7,32,129,99.54172,0,Nose
SE-Conv-L1_FaceBased_R32.pth,E,8,32,129,104.22099,26,Nose
SE-Conv-L1_FaceBased_R32.pth,E,9,32,129,99.444046,26,Nose
SE-Conv-L1_FaceBased_R32.pth,E,10,32,129,106.415054,26,Nose
SE-Conv-L1_FaceBased_R32.pth,E,11,32,129,108.7142,42,Nose
SE-Conv-L1_FaceBased_R32.pth,E,12,32,129,104.29013,26,Nose
SE-Conv-L1_FaceBased_R32.pth,E,13,32,215,95.94365,164,Background
SE-Conv-L1_FaceBased_R32.pth,E,14,32,215,130.68445,164,Background
SE-Conv-L1_FaceBased_R32.pth,E,15,32,129,111.952286,164,Nose
SE-Conv-L1_FaceBased_R32.pth,E,16,32,129,103.72276,164,Nose
SE-Conv-L1_FaceBased_R32.pth,E,17,32,129,86.28183,180,Nose
SE-Conv-L1_FaceBased_R32.pth,E,18,32,25,106.00188,164,Background
SE-Conv-L1_FaceBased_R32.pth,E,19,32,26,151.07846,163,Background
SE-Conv-L1_FaceBased_R32.pth,E,20,32,25,110.489624,164,Background
SE-Conv-L1_FaceBased_R32.pth,E,21,32,25,107.83031,180,Background
SE-Conv-L1_FaceBased_R32.pth,Full,1,32,112,106.08179,60,Background
SE-Conv-L1_FaceBased_R32.pth,Full,2,32,111,108.95532,180,Background
SE-Conv-L1_FaceBased_R32.pth,Full,3,32,111,117.562454,164,Background
SE-Conv-L1_FaceBased_R32.pth,Full,4,32,111,115.40787,164,Background
SE-Conv-L1_FaceBased_R32.pth,Full,5,32,111,114.64094,164,Background
SE-Conv-L1_FaceBased_R32.pth,Full,6,32,111,96.13592,181,Background
SE-Conv-L1_FaceBased_R32.pth,Full,7,32,111,114.823715,43,Background
SE-Conv-L1_FaceBased_R32.pth,Full,8,32,95,103.38263,197,Eyes
SE-Conv-L1_FaceBased_R32.pth,Full,9,32,95,99.966644,197,Eyes
SE-Conv-L1_FaceBased_R32.pth,Full,10,32,95,96.9413,197,Eyes
SE-Conv-L1_FaceBased_R32.pth,Full,11,32,95,91.29193,0,Eyes
SE-Conv-L1_FaceBased_R32.pth,Full,12,32,95,84.761314,164,Eyes
SE-Conv-L1_FaceBased_R32.pth,Full,13,32,95,96.74417,146,Eyes
SE-Conv-L1_FaceBased_R32.pth,Full,14,32,111,94.101944,180,Background
SE-Conv-L1_FaceBased_R32.pth,Full,15,32,111,78.99083,60,Background
SE-Conv-L1_FaceBased_R32.pth,Full,16,32,111,76.50697,164,Background
SE-Conv-L1_FaceBased_R32.pth,Full,17,32,112,75.48737,60,Background
SE-Conv-L1_FaceBased_R32.pth,Full,18,32,0,0,0,Background
SE-Conv-L1_FaceBased_R32.pth,Full,19,32,94,17.424377,0,Eyes
SE-Conv-L1_FaceBased_R32.pth,Full,20,32,0,0,0,Background
SE-Conv-L1_FaceBased_R32.pth,Full,21,32,95,91.40985,215,Eyes
SE-Conv-L1_FaceBased_R32.pth,M,1,32,198,33.62793,215,Mouth
SE-Conv-L1_FaceBased_R32.pth,M,2,32,77,23.120401,0,Eyes
SE-Conv-L1_FaceBased_R32.pth,M,3,32,77,55.087257,0,Eyes
SE-Conv-L1_FaceBased_R32.pth,M,4,32,77,33.64063,0,Eyes
SE-Conv-L1_FaceBased_R32.pth,M,5,32,198,20.859587,0,Mouth
SE-Conv-L1_FaceBased_R32.pth,M,6,32,198,34.890343,78,Mouth
SE-Conv-L1_FaceBased_R32.pth,M,7,32,0,0,0,Background
SE-Conv-L1_FaceBased_R32.pth,M,8,32,0,0,0,Background
SE-Conv-L1_FaceBased_R32.pth,M,9,32,0,0,0,Background
SE-Conv-L1_FaceBased_R32.pth,M,10,32,0,0,0,Background
SE-Conv-L1_FaceBased_R32.pth,M,11,32,0,0,0,Background
SE-Conv-L1_FaceBased_R32.pth,M,12,32,0,0,0,Background
SE-Conv-L1_FaceBased_R32.pth,M,13,32,0,0,0,Background
SE-Conv-L1_FaceBased_R32.pth,M,14,32,0,0,0,Background
SE-Conv-L1_FaceBased_R32.pth,M,15,32,0,0,0,Background
SE-Conv-L1_FaceBased_R32.pth,M,16,32,0,0,0,Background
SE-Conv-L1_FaceBased_R32.pth,M,17,32,0,0,0,Background
SE-Conv-L1_FaceBased_R32.pth,M,18,32,198,53.5117,26,Mouth
SE-Conv-L1_FaceBased_R32.pth,M,19,32,94,24.74555,0,Eyes
SE-Conv-L1_FaceBased_R32.pth,M,20,32,0,0,0,Background
SE-Conv-L1_FaceBased_R32.pth,M,21,32,94,33.016068,0,Eyes
SE-Conv-L1_FaceBased_R32.pth,N,1,32,0,128.63269,60,Background
SE-Conv-L1_FaceBased_R32.pth,N,2,32,0,118.71242,163,Background
SE-Conv-L1_FaceBased_R32.pth,N,3,32,0,133.14876,163,Background
SE-Conv-L1_FaceBased_R32.pth,N,4,32,0,171.827,60,Background
SE-Conv-L1_FaceBased_R32.pth,N,5,32,0,156.51088,77,Background
SE-Conv-L1_FaceBased_R32.pth,N,6,32,0,144.60376,60,Background
SE-Conv-L1_FaceBased_R32.pth,N,7,32,0,137.47078,60,Background
SE-Conv-L1_FaceBased_R32.pth,N,8,32,0,112.064575,43,Background
SE-Conv-L1_FaceBased_R32.pth,N,9,32,94,29.289103,26,Eyes
SE-Conv-L1_FaceBased_R32.pth,N,10,32,215,32.49031,26,Background
SE-Conv-L1_FaceBased_R32.pth,N,11,32,94,51.090042,43,Eyes
SE-Conv-L1_FaceBased_R32.pth,N,12,32,215,68.18823,43,Background
SE-Conv-L1_FaceBased_R32.pth,N,13,32,94,17.3785,26,Eyes
SE-Conv-L1_FaceBased_R32.pth,N,14,32,0,33.06958,26,Background
SE-Conv-L1_FaceBased_R32.pth,N,15,32,0,133.01797,112,Background
SE-Conv-L1_FaceBased_R32.pth,N,16,32,0,176.63892,60,Background
SE-Conv-L1_FaceBased_R32.pth,N,17,32,0,115.516685,43,Background
SE-Conv-L1_FaceBased_R32.pth,N,18,32,77,36.46663,26,Eyes
SE-Conv-L1_FaceBased_R32.pth,N,19,32,77,24.540026,0,Eyes
SE-Conv-L1_FaceBased_R32.pth,N,20,32,215,29.13982,26,Background
SE-Conv-L1_FaceBased_R32.pth,N,21,32,77,17.742521,0,Eyes
SE-Conv-L1_FaceBased_R4.pth,E,1,4,146,71.68405,26,Nose
SE-Conv-L1_FaceBased_R4.pth,E,2,4,146,80.087746,42,Nose
SE-Conv-L1_FaceBased_R4.pth,E,3,4,146,81.3669,42,Nose
SE-Conv-L1_FaceBased_R4.pth,E,4,4,146,78.71689,26,Nose
SE-Conv-L1_FaceBased_R4.pth,E,5,4,146,82.469734,60,Nose
SE-Conv-L1_FaceBased_R4.pth,E,6,4,146,74.63678,60,Nose
SE-Conv-L1_FaceBased_R4.pth,E,7,4,146,61.105938,60,Nose
SE-Conv-L1_FaceBased_R4.pth,E,8,4,146,82.918884,60,Nose
SE-Conv-L1_FaceBased_R4.pth,E,9,4,163,77.35617,94,Background
SE-Conv-L1_FaceBased_R4.pth,E,10,4,164,81.85986,94,Background
SE-Conv-L1_FaceBased_R4.pth,E,11,4,163,85.73125,94,Background
SE-Conv-L1_FaceBased_R4.pth,E,12,4,163,81.7953,95,Background
SE-Conv-L1_FaceBased_R4.pth,E,13,4,163,79.098434,94,Background
SE-Conv-L1_FaceBased_R4.pth,E,14,4,180,76.08194,95,Mouth
SE-Conv-L1_FaceBased_R4.pth,E,15,4,146,62.73166,0,Nose
SE-Conv-L1_FaceBased_R4.pth,E,16,4,163,83.39777,215,Background
SE-Conv-L1_FaceBased_R4.pth,E,17,4,146,89.44193,215,Nose
SE-Conv-L1_FaceBased_R4.pth,E,18,4,163,93.46701,94,Background
SE-Conv-L1_FaceBased_R4.pth,E,19,4,146,87.75827,198,Nose
SE-Conv-L1_FaceBased_R4.pth,E,20,4,164,87.76927,215,Background
SE-Conv-L1_FaceBased_R4.pth,E,21,4,146,93.088776,215,Nose
SE-Conv-L1_FaceBased_R4.pth,Full,1,4,95,89.16134,0,Eyes
SE-Conv-L1_FaceBased_R4.pth,Full,2,4,94,86.33992,0,Eyes
SE-Conv-L1_FaceBased_R4.pth,Full,3,4,94,99.03372,0,Eyes
SE-Conv-L1_FaceBased_R4.pth,Full,4,4,111,49.17489,0,Background
SE-Conv-L1_FaceBased_R4.pth,Full,5,4,0,0,0,Background
SE-Conv-L1_FaceBased_R4.pth,Full,6,4,0,0,0,Background
SE-Conv-L1_FaceBased_R4.pth,Full,7,4,0,0,0,Background
SE-Conv-L1_FaceBased_R4.pth,Full,8,4,0,0,0,Background
SE-Conv-L1_FaceBased_R4.pth,Full,9,4,0,0,0,Background
SE-Conv-L1_FaceBased_R4.pth,Full,10,4,0,0,0,Background
SE-Conv-L1_FaceBased_R4.pth,Full,11,4,0,0,0,Background
SE-Conv-L1_FaceBased_R4.pth,Full,12,4,0,0,0,Background
SE-Conv-L1_FaceBased_R4.pth,Full,13,4,129,56.157883,0,Nose
SE-Conv-L1_FaceBased_R4.pth,Full,14,4,112,56.963882,0,Background
SE-Conv-L1_FaceBased_R4.pth,Full,15,4,128,87.47073,0,Nose
SE-Conv-L1_FaceBased_R4.pth,Full,16,4,129,90.76121,26,Nose
SE-Conv-L1_FaceBased_R4.pth,Full,17,4,129,96.490105,26,Nose
SE-Conv-L1_FaceBased_R4.pth,Full,18,4,129,92.739876,198,Nose
SE-Conv-L1_FaceBased_R4.pth,Full,19,4,112,73.68419,0,Background
SE-Conv-L1_FaceBased_R4.pth,Full,20,4,129,72.0578,0,Nose
SE-Conv-L1_FaceBased_R4.pth,Full,21,4,129,91.12457,60,Nose
SE-Conv-L1_FaceBased_R4.pth,M,1,4,129,35.36117,0,Nose
SE-Conv-L1_FaceBased_R4.pth,M,2,4,129,39.685795,0,Nose
SE-Conv-L1_FaceBased_R4.pth,M,3,4,163,57.74467,0,Background
SE-Conv-L1_FaceBased_R4.pth,M,4,4,163,55.74122,0,Background
SE-Conv-L1_FaceBased_R4.pth,M,5,4,129,59.161877,26,Nose
SE-Conv-L1_FaceBased_R4.pth,M,6,4,180,17.23437,0,Mouth
SE-Conv-L1_FaceBased_R4.pth,M,7,4,129,76.56575,0,Nose
SE-Conv-L1_FaceBased_R4.pth,M,8,4,129,60.077892,0,Nose
SE-Conv-L1_FaceBased_R4.pth,M,9,4,129,37.642056,0,Nose
SE-Conv-L1_FaceBased_R4.pth,M,10,4,112,32.094765,0,Background
SE-Conv-L1_FaceBased_R4.pth,M,11,4,128,25.599728,0,Nose
SE-Conv-L1_FaceBased_R4.pth,M,12,4,0,0,0,Background
SE-Conv-L1_FaceBased_R4.pth,M,13,4,129,17.424381,0,Nose
SE-Conv-L1_FaceBased_R4.pth,M,14,4,0,0,0,Background
SE-Conv-L1_FaceBased_R4.pth,M,15,4,0,0,0,Background
SE-Conv-L1_FaceBased_R4.pth,M,16,4,129,17.501133,0,Nose
SE-Conv-L1_FaceBased_R4.pth,M,17,4,95,67.85597,26,Eyes
SE-Conv-L1_FaceBased_R4.pth,M,18,4,95,59.505978,26,Eyes
SE-Conv-L1_FaceBased_R4.pth,M,19,4,111,36.702866,0,Background
SE-Conv-L1_FaceBased_R4.pth,M,20,4,112,36.571625,26,Background
SE-Conv-L1_FaceBased_R4.pth,M,21,4,111,38.440346,181,Background
SE-Conv-L1_FaceBased_R4.pth,N,1,4,215,74.44151,164,Background
SE-Conv-L1_FaceBased_R4.pth,N,2,4,0,93.112045,164,Background
SE-Conv-L1_FaceBased_R4.pth,N,3,4,0,135.42795,60,Background
SE-Conv-L1_FaceBased_R4.pth,N,4,4,129,122.66721,197,Nose
SE-Conv-L1_FaceBased_R4.pth,N,5,4,215,103.1375,197,Background
SE-Conv-L1_FaceBased_R4.pth,N,6,4,146,89.208244,197,Nose
SE-Conv-L1_FaceBased_R4.pth,N,7,4,0,65.36497,164,Background
SE-Conv-L1_FaceBased_R4.pth,N,8,4,25,90.57094,197,Background
SE-Conv-L1_FaceBased_R4.pth,N,9,4,25,90.8004,197,Background
SE-Conv-L1_FaceBased_R4.pth,N,10,4,25,69.50332,197,Background
SE-Conv-L1_FaceBased_R4.pth,N,11,4,26,84.52644,164,Background
SE-Conv-L1_FaceBased_R4.pth,N,12,4,25,48.275314,197,Background
SE-Conv-L1_FaceBased_R4.pth,N,13,4,26,91.5694,111,Background
SE-Conv-L1_FaceBased_R4.pth,N,14,4,26,67.91145,197,Background
SE-Conv-L1_FaceBased_R4.pth,N,15,4,215,42.99427,0,Background
SE-Conv-L1_FaceBased_R4.pth,N,16,4,215,88.39379,43,Background
SE-Conv-L1_FaceBased_R4.pth,N,17,4,180,42.8276,0,Mouth
SE-Conv-L1_FaceBased_R4.pth,N,18,4,180,32.25232,0,Mouth
SE-Conv-L1_FaceBased_R4.pth,N,19,4,180,27.873371,0,Mouth
SE-Conv-L1_FaceBased_R4.pth,N,20,4,94,38.2189,0,Eyes
SE-Conv-L1_FaceBased_R4.pth,N,21,4,94,17.277397,0,Eyes
SE-Conv-L1_FaceBased_R8.pth,E,1,8,94,49.594517,0,Eyes
SE-Conv-L1_FaceBased_R8.pth,E,2,8,94,56.635704,0,Eyes
SE-Conv-L1_FaceBased_R8.pth,E,3,8,94,52.699154,0,Eyes
SE-Conv-L1_FaceBased_R8.pth,E,4,8,94,48.237854,0,Eyes
SE-Conv-L1_FaceBased_R8.pth,E,5,8,94,39.293587,0,Eyes
SE-Conv-L1_FaceBased_R8.pth,E,6,8,163,64.45278,0,Background
SE-Conv-L1_FaceBased_R8.pth,E,7,8,94,30.105917,0,Eyes
SE-Conv-L1_FaceBased_R8.pth,E,8,8,215,17.234375,0,Background
SE-Conv-L1_FaceBased_R8.pth,E,9,8,163,56.528812,0,Background
SE-Conv-L1_FaceBased_R8.pth,E,10,8,163,74.39841,0,Background
SE-Conv-L1_FaceBased_R8.pth,E,11,8,215,17.234375,0,Background
SE-Conv-L1_FaceBased_R8.pth,E,12,8,146,67.064545,198,Nose
SE-Conv-L1_FaceBased_R8.pth,E,13,8,146,81.87133,197,Nose
SE-Conv-L1_FaceBased_R8.pth,E,14,8,129,97.24407,197,Nose
SE-Conv-L1_FaceBased_R8.pth,E,15,8,163,73.446434,0,Background
SE-Conv-L1_FaceBased_R8.pth,E,16,8,128,94.256996,197,Nose
SE-Conv-L1_FaceBased_R8.pth,E,17,8,163,83.652374,111,Background
SE-Conv-L1_FaceBased_R8.pth,E,18,8,163,92.54033,112,Background
SE-Conv-L1_FaceBased_R8.pth,E,19,8,163,88.30773,0,Background
SE-Conv-L1_FaceBased_R8.pth,E,20,8,163,84.21675,111,Background
SE-Conv-L1_FaceBased_R8.pth,E,21,8,163,79.34304,43,Background
SE-Conv-L1_FaceBased_R8.pth,Full,1,8,180,43.285408,26,Mouth
SE-Conv-L1_FaceBased_R8.pth,Full,2,8,94,42.884277,181,Eyes
SE-Conv-L1_FaceBased_R8.pth,Full,3,8,180,67.06998,43,Mouth
SE-Conv-L1_FaceBased_R8.pth,Full,4,8,180,71.99472,26,Mouth
SE-Conv-L1_FaceBased_R8.pth,Full,5,8,0,0,0,Background
SE-Conv-L1_FaceBased_R8.pth,Full,6,8,180,31.063738,95,Mouth
SE-Conv-L1_FaceBased_R8.pth,Full,7,8,77,17.424377,0,Eyes
SE-Conv-L1_FaceBased_R8.pth,Full,8,8,215,27.1045,26,Background
SE-Conv-L1_FaceBased_R8.pth,Full,9,8,215,88.43616,60,Background
SE-Conv-L1_FaceBased_R8.pth,Full,10,8,180,70.35889,43,Mouth
SE-Conv-L1_FaceBased_R8.pth,Full,11,8,180,77.27629,60,Mouth
SE-Conv-L1_FaceBased_R8.pth,Full,12,8,180,69.137596,60,Mouth
SE-Conv-L1_FaceBased_R8.pth,Full,13,8,180,73.244705,0,Mouth
SE-Conv-L1_FaceBased_R8.pth,Full,14,8,180,85.8883,94,Mouth
SE-Conv-L1_FaceBased_R8.pth,Full,15,8,180,70.64088,0,Mouth
SE-Conv-L1_FaceBased_R8.pth,Full,16,8,217,118.60504,180,Background
SE-Conv-L1_FaceBased_R8.pth,Full,17,8,215,111.33763,0,Background
SE-Conv-L1_FaceBased_R8.pth,Full,18,8,217,127.65502,197,Background
SE-Conv-L1_FaceBased_R8.pth,Full,19,8,215,171.28166,0,Background
SE-Conv-L1_FaceBased_R8.pth,Full,20,8,215,161.64432,146,Background
SE-Conv-L1_FaceBased_R8.pth,Full,21,8,215,78.676056,0,Background
SE-Conv-L1_FaceBased_R8.pth,M,1,8,215,64.78566,181,Background
SE-Conv-L1_FaceBased_R8.pth,M,2,8,60,64.571045,181,Background
SE-Conv-L1_FaceBased_R8.pth,M,3,8,60,102.64188,197,Background
SE-Conv-L1_FaceBased_R8.pth,M,4,8,60,85.55174,197,Background
SE-Conv-L1_FaceBased_R8.pth,M,5,8,60,127.59415,112,Background
SE-Conv-L1_FaceBased_R8.pth,M,6,8,215,107.77713,197,Background
SE-Conv-L1_FaceBased_R8.pth,M,7,8,60,33.312134,181,Background
SE-Conv-L1_FaceBased_R8.pth,M,8,8,215,85.236565,197,Background
SE-Conv-L1_FaceBased_R8.pth,M,9,8,215,73.50433,197,Background
SE-Conv-L1_FaceBased_R8.pth,M,10,8,60,89.62907,197,Background
SE-Conv-L1_FaceBased_R8.pth,M,11,8,60,110.13807,181,Background
SE-Conv-L1_FaceBased_R8.pth,M,12,8,60,78.23693,181,Background
SE-Conv-L1_FaceBased_R8.pth,M,13,8,59,105.24376,181,Background
SE-Conv-L1_FaceBased_R8.pth,M,14,8,215,103.53157,181,Background
SE-Conv-L1_FaceBased_R8.pth,M,15,8,215,111.43608,180,Background
SE-Conv-L1_FaceBased_R8.pth,M,16,8,215,122.539215,112,Background
SE-Conv-L1_FaceBased_R8.pth,M,17,8,215,133.1705,164,Background
SE-Conv-L1_FaceBased_R8.pth,M,18,8,215,137.56592,164,Background
SE-Conv-L1_FaceBased_R8.pth,M,19,8,215,132.82,0,Background
SE-Conv-L1_FaceBased_R8.pth,M,20,8,215,120.155304,0,Background
SE-Conv-L1_FaceBased_R8.pth,M,21,8,215,109.10589,0,Background
SE-Conv-L1_FaceBased_R8.pth,N,1,8,25,24.046492,0,Background
SE-Conv-L1_FaceBased_R8.pth,N,2,8,0,0,0,Background
SE-Conv-L1_FaceBased_R8.pth,N,3,8,25,26.070679,0,Background
SE-Conv-L1_FaceBased_R8.pth,N,4,8,25,22.692873,0,Background
SE-Conv-L1_FaceBased_R8.pth,N,5,8,94,17.53052,0,Eyes
SE-Conv-L1_FaceBased_R8.pth,N,6,8,77,34.488445,0,Eyes
SE-Conv-L1_FaceBased_R8.pth,N,7,8,26,33.932262,0,Background
SE-Conv-L1_FaceBased_R8.pth,N,8,8,94,20.284029,0,Eyes
SE-Conv-L1_FaceBased_R8.pth,N,9,8,94,20.660297,0,Eyes
SE-Conv-L1_FaceBased_R8.pth,N,10,8,77,30.974606,0,Eyes
SE-Conv-L1_FaceBased_R8.pth,N,11,8,77,17.433517,0,Eyes
SE-Conv-L1_FaceBased_R8.pth,N,12,8,77,17.424377,0,Eyes
SE-Conv-L1_FaceBased_R8.pth,N,13,8,77,44.367985,0,Eyes
SE-Conv-L1_FaceBased_R8.pth,N,14,8,43,31.477695,0,Background
SE-Conv-L1_FaceBased_R8.pth,N,15,8,43,29.22499,0,Background
SE-Conv-L1_FaceBased_R8.pth,N,16,8,43,30.963333,0,Background
SE-Conv-L1_FaceBased_R8.pth,N,17,8,26,27.61132,95,Background
SE-Conv-L1_FaceBased_R8.pth,N,18,8,25,27.260895,95,Background
SE-Conv-L1_FaceBased_R8.pth,N,19,8,0,0,0,Background
SE-Conv-L1_FaceBased_R8.pth,N,20,8,0,17.742523,43,Background
SE-Conv-L1_FaceBased_R8.pth,N,21,8,0,0,0,Background
SE-Conv-L1_ObjectBased_R16.pth,E,1,16,0,0,0,Background
SE-Conv-L1_ObjectBased_R16.pth,E,2,16,146,17.501135,0,Nose
SE-Conv-L1_ObjectBased_R16.pth,E,3,16,112,53.70243,0,Background
SE-Conv-L1_ObjectBased_R16.pth,E,4,16,129,55.868393,0,Nose
SE-Conv-L1_ObjectBased_R16.pth,E,5,16,215,17.234371,0,Background
SE-Conv-L1_ObjectBased_R16.pth,E,6,16,0,0,0,Background
SE-Conv-L1_ObjectBased_R16.pth,E,7,16,215,17.234371,0,Background
SE-Conv-L1_ObjectBased_R16.pth,E,8,16,0,0,0,Background
SE-Conv-L1_ObjectBased_R16.pth,E,9,16,0,0,0,Background
SE-Conv-L1_ObjectBased_R16.pth,E,10,16,0,0,0,Background
SE-Conv-L1_ObjectBased_R16.pth,E,11,16,0,0,0,Background
SE-Conv-L1_ObjectBased_R16.pth,E,12,16,146,17.501133,0,Nose
SE-Conv-L1_ObjectBased_R16.pth,E,13,16,0,0,0,Background
SE-Conv-L1_ObjectBased_R16.pth,E,14,16,0,0,0,Background
SE-Conv-L1_ObjectBased_R16.pth,E,15,16,146,17.501133,0,Nose
SE-Conv-L1_ObjectBased_R16.pth,E,16,16,146,33.775314,0,Nose
SE-Conv-L1_ObjectBased_R16.pth,E,17,16,146,40.29094,0,Nose
SE-Conv-L1_ObjectBased_R16.pth,E,18,16,43,42.963356,0,Background
SE-Conv-L1_ObjectBased_R16.pth,E,19,16,43,40.80713,0,Background
SE-Conv-L1_ObjectBased_R16.pth,E,20,16,146,48.465874,0,Nose
SE-Conv-L1_ObjectBased_R16.pth,E,21,16,146,52.601517,0,Nose
SE-Conv-L1_ObjectBased_R16.pth,Full,1,16,60,53.9955,0,Background
SE-Conv-L1_ObjectBased_R16.pth,Full,2,16,60,43.276833,0,Background
SE-Conv-L1_ObjectBased_R16.pth,Full,3,16,60,42.398453,0,Background
SE-Conv-L1_ObjectBased_R16.pth,Full,4,16,60,40.77854,0,Background
SE-Conv-L1_ObjectBased_R16.pth,Full,5,16,60,21.71038,0,Background
SE-Conv-L1_ObjectBased_R16.pth,Full,6,16,60,25.769556,0,Background
SE-Conv-L1_ObjectBased_R16.pth,Full,7,16,163,17.501135,0,Background
SE-Conv-L1_ObjectBased_R16.pth,Full,8,16,163,17.501135,0,Background
SE-Conv-L1_ObjectBased_R16.pth,Full,9,16,77,17.762873,0,Eyes
SE-Conv-L1_ObjectBased_R16.pth,Full,10,16,60,34.101765,0,Background
SE-Conv-L1_ObjectBased_R16.pth,Full,11,16,77,19.927938,26,Eyes
SE-Conv-L1_ObjectBased_R16.pth,Full,12,16,77,45.698013,26,Eyes
SE-Conv-L1_ObjectBased_R16.pth,Full,13,16,77,17.742523,0,Eyes
SE-Conv-L1_ObjectBased_R16.pth,Full,14,16,0,0,0,Background
SE-Conv-L1_ObjectBased_R16.pth,Full,15,16,0,0,0,Background
SE-Conv-L1_ObjectBased_R16.pth,Full,16,16,163,17.742523,0,Background
SE-Conv-L1_ObjectBased_R16.pth,Full,17,16,60,17.277397,0,Background
SE-Conv-L1_ObjectBased_R16.pth,Full,18,16,0,0,0,Background
SE-Conv-L1_ObjectBased_R16.pth,Full,19,16,0,17.501133,26,Background
SE-Conv-L1_ObjectBased_R16.pth,Full,20,16,0,0,0,Background
SE-Conv-L1_ObjectBased_R16.pth,Full,21,16,0,27.18702,26,Background
SE-Conv-L1_ObjectBased_R16.pth,M,1,16,43,56.313114,95,Background
SE-Conv-L1_ObjectBased_R16.pth,M,2,16,59,64.813965,95,Background
SE-Conv-L1_ObjectBased_R16.pth,M,3,16,59,55.838707,95,Background
SE-Conv-L1_ObjectBased_R16.pth,M,4,16,43,69.54724,181,Background
SE-Conv-L1_ObjectBased_R16.pth,M,5,16,59,39.80159,78,Background
SE-Conv-L1_ObjectBased_R16.pth,M,6,16,59,51.23854,146,Background
SE-Conv-L1_ObjectBased_R16.pth,M,7,16,59,41.20546,146,Background
SE-Conv-L1_ObjectBased_R16.pth,M,8,16,59,50.340073,146,Background
SE-Conv-L1_ObjectBased_R16.pth,M,9,16,60,56.424225,181,Background
SE-Conv-L1_ObjectBased_R16.pth,M,10,16,129,26.033733,0,Nose
SE-Conv-L1_ObjectBased_R16.pth,M,11,16,94,40.540264,0,Eyes
SE-Conv-L1_ObjectBased_R16.pth,M,12,16,128,40.091087,0,Nose
SE-Conv-L1_ObjectBased_R16.pth,M,13,16,94,39.123356,146,Eyes
SE-Conv-L1_ObjectBased_R16.pth,M,14,16,94,26.973267,146,Eyes
SE-Conv-L1_ObjectBased_R16.pth,M,15,16,128,51.07644,146,Nose
SE-Conv-L1_ObjectBased_R16.pth,M,16,16,129,53.231014,164,Nose
SE-Conv-L1_ObjectBased_R16.pth,M,17,16,129,38.691795,43,Nose
SE-Conv-L1_ObjectBased_R16.pth,M,18,16,128,55.030228,181,Nose
SE-Conv-L1_ObjectBased_R16.pth,M,19,16,129,53.832645,181,Nose
SE-Conv-L1_ObjectBased_R16.pth,M,20,16,129,52.260815,181,Nose
SE-Conv-L1_ObjectBased_R16.pth,M,21,16,129,36.158653,146,Nose
SE-Conv-L1_ObjectBased_R16.pth,N,1,16,60,42.0157,95,Background
SE-Conv-L1_ObjectBased_R16.pth,N,2,16,60,36.91342,78,Background
SE-Conv-L1_ObjectBased_R16.pth,N,3,16,60,32.17547,26,Background
SE-Conv-L1_ObjectBased_R16.pth,N,4,16,60,36.908535,95,Background
SE-Conv-L1_ObjectBased_R16.pth,N,5,16,60,57.8591,0,Background
SE-Conv-L1_ObjectBased_R16.pth,N,6,16,60,44.62079,0,Background
SE-Conv-L1_ObjectBased_R16.pth,N,7,16,60,33.652397,26,Background
SE-Conv-L1_ObjectBased_R16.pth,N,8,16,60,61.459015,26,Background
SE-Conv-L1_ObjectBased_R16.pth,N,9,16,26,71.56796,146,Background
SE-Conv-L1_ObjectBased_R16.pth,N,10,16,26,60.210495,198,Background
SE-Conv-L1_ObjectBased_R16.pth,N,11,16,26,61.53612,215,Background
SE-Conv-L1_ObjectBased_R16.pth,N,12,16,42,48.007957,146,Background
SE-Conv-L1_ObjectBased_R16.pth,N,13,16,42,41.079338,0,Background
SE-Conv-L1_ObjectBased_R16.pth,N,14,16,43,37.462044,0,Background
SE-Conv-L1_ObjectBased_R16.pth,N,15,16,43,41.213024,0,Background
SE-Conv-L1_ObjectBased_R16.pth,N,16,16,43,35.721478,0,Background
SE-Conv-L1_ObjectBased_R16.pth,N,17,16,77,39.095093,0,Eyes
SE-Conv-L1_ObjectBased_R16.pth,N,18,16,60,45.611732,0,Background
SE-Conv-L1_ObjectBased_R16.pth,N,19,16,60,78.26918,0,Background
SE-Conv-L1_ObjectBased_R16.pth,N,20,16,60,79.02864,0,Background
SE-Conv-L1_ObjectBased_R16.pth,N,21,16,60,90.85959,164,Background
SE-Conv-L1_ObjectBased_R2.pth,E,1,2,146,66.25543,0,Nose
SE-Conv-L1_ObjectBased_R2.pth,E,2,2,77,64.0067,0,Eyes
SE-Conv-L1_ObjectBased_R2.pth,E,3,2,146,61.4223,0,Nose
SE-Conv-L1_ObjectBased_R2.pth,E,4,2,163,63.400524,198,Background
SE-Conv-L1_ObjectBased_R2.pth,E,5,2,163,71.21843,78,Background
SE-Conv-L1_ObjectBased_R2.pth,E,6,2,163,57.501804,215,Background
SE-Conv-L1_ObjectBased_R2.pth,E,7,2,129,70.073235,215,Nose
SE-Conv-L1_ObjectBased_R2.pth,E,8,2,129,82.88284,215,Nose
SE-Conv-L1_ObjectBased_R2.pth,E,9,2,163,77.85127,215,Background
SE-Conv-L1_ObjectBased_R2.pth,E,10,2,129,76.59985,215,Nose
SE-Conv-L1_ObjectBased_R2.pth,E,11,2,146,75.71628,216,Nose
SE-Conv-L1_ObjectBased_R2.pth,E,12,2,129,83.84621,217,Nose
SE-Conv-L1_ObjectBased_R2.pth,E,13,2,129,82.268326,215,Nose
SE-Conv-L1_ObjectBased_R2.pth,E,14,2,129,74.351456,198,Nose
SE-Conv-L1_ObjectBased_R2.pth,E,15,2,146,44.263374,0,Nose
SE-Conv-L1_ObjectBased_R2.pth,E,16,2,129,64.38058,198,Nose
SE-Conv-L1_ObjectBased_R2.pth,E,17,2,146,83.79613,198,Nose
SE-Conv-L1_ObjectBased_R2.pth,E,18,2,146,79.54216,198,Nose
SE-Conv-L1_ObjectBased_R2.pth,E,19,2,146,94.23111,215,Nose
SE-Conv-L1_ObjectBased_R2.pth,E,20,2,146,84.92339,198,Nose
SE-Conv-L1_ObjectBased_R2.pth,E,21,2,146,69.86527,198,Nose
SE-Conv-L1_ObjectBased_R2.pth,Full,1,2,180,26.777088,0,Mouth
SE-Conv-L1_ObjectBased_R2.pth,Full,2,2,129,39.32632,0,Nose
SE-Conv-L1_ObjectBased_R2.pth,Full,3,2,129,32.870995,0,Nose
SE-Conv-L1_ObjectBased_R2.pth,Full,4,2,77,29.21036,0,Eyes
SE-Conv-L1_ObjectBased_R2.pth,Full,5,2,129,31.324244,0,Nose
SE-Conv-L1_ObjectBased_R2.pth,Full,6,2,77,45.747566,0,Eyes
SE-Conv-L1_ObjectBased_R2.pth,Full,7,2,129,53.98538,0,Nose
SE-Conv-L1_ObjectBased_R2.pth,Full,8,2,77,76.64517,0,Eyes
SE-Conv-L1_ObjectBased_R2.pth,Full,9,2,77,85.52283,0,Eyes
SE-Conv-L1_ObjectBased_R2.pth,Full,10,2,77,57.155743,0,Eyes
SE-Conv-L1_ObjectBased_R2.pth,Full,11,2,129,75.25482,0,Nose
SE-Conv-L1_ObjectBased_R2.pth,Full,12,2,129,63.989616,0,Nose
SE-Conv-L1_ObjectBased_R2.pth,Full,13,2,129,67.77081,0,Nose
SE-Conv-L1_ObjectBased_R2.pth,Full,14,2,129,68.39195,0,Nose
SE-Conv-L1_ObjectBased_R2.pth,Full,15,2,77,38.08065,0,Eyes
SE-Conv-L1_ObjectBased_R2.pth,Full,16,2,77,77.2014,0,Eyes
SE-Conv-L1_ObjectBased_R2.pth,Full,17,2,77,26.03985,0,Eyes
SE-Conv-L1_ObjectBased_R2.pth,Full,18,2,77,68.043526,0,Eyes
SE-Conv-L1_ObjectBased_R2.pth,Full,19,2,77,50.993183,0,Eyes
SE-Conv-L1_ObjectBased_R2.pth,Full,20,2,145,57.67266,0,Nose
SE-Conv-L1_ObjectBased_R2.pth,Full,21,2,146,80.36531,0,Nose
SE-Conv-L1_ObjectBased_R2.pth,M,1,2,77,76.123764,0,Eyes
SE-Conv-L1_ObjectBased_R2.pth,M,2,2,94,98.76146,0,Eyes
SE-Conv-L1_ObjectBased_R2.pth,M,3,2,94,91.415535,0,Eyes
SE-Conv-L1_ObjectBased_R2.pth,M,4,2,94,88.71569,0,Eyes
SE-Conv-L1_ObjectBased_R2.pth,M,5,2,77,87.67746,0,Eyes
SE-Conv-L1_ObjectBased_R2.pth,M,6,2,77,86.93393,0,Eyes
SE-Conv-L1_ObjectBased_R2.pth,M,7,2,95,91.55568,0,Eyes
SE-Conv-L1_ObjectBased_R2.pth,M,8,2,77,89.25648,0,Eyes
SE-Conv-L1_ObjectBased_R2.pth,M,9,2,94,96.727295,0,Eyes
SE-Conv-L1_ObjectBased_R2.pth,M,10,2,77,100.28944,0,Eyes
SE-Conv-L1_ObjectBased_R2.pth,M,11,2,77,102.08679,0,Eyes
SE-Conv-L1_ObjectBased_R2.pth,M,12,2,198,106.60098,0,Mouth
SE-Conv-L1_ObjectBased_R2.pth,M,13,2,111,76.90549,0,Background
SE-Conv-L1_ObjectBased_R2.pth,M,14,2,95,72.889946,0,Eyes
SE-Conv-L1_ObjectBased_R2.pth,M,15,2,111,76.73796,0,Background
SE-Conv-L1_ObjectBased_R2.pth,M,16,2,111,84.18254,0,Background
SE-Conv-L1_ObjectBased_R2.pth,M,17,2,111,83.77839,0,Background
SE-Conv-L1_ObjectBased_R2.pth,M,18,2,198,105.881775,0,Mouth
SE-Conv-L1_ObjectBased_R2.pth,M,19,2,95,101.676025,0,Eyes
SE-Conv-L1_ObjectBased_R2.pth,M,20,2,94,105.69917,0,Eyes
SE-Conv-L1_ObjectBased_R2.pth,M,21,2,94,91.56177,0,Eyes
SE-Conv-L1_ObjectBased_R2.pth,N,1,2,77,39.684055,0,Eyes
SE-Conv-L1_ObjectBased_R2.pth,N,2,2,180,57.907646,0,Mouth
SE-Conv-L1_ObjectBased_R2.pth,N,3,2,164,39.91844,0,Background
SE-Conv-L1_ObjectBased_R2.pth,N,4,2,180,39.518272,0,Mouth
SE-Conv-L1_ObjectBased_R2.pth,N,5,2,77,33.184914,0,Eyes
SE-Conv-L1_ObjectBased_R2.pth,N,6,2,77,22.501472,0,Eyes
SE-Conv-L1_ObjectBased_R2.pth,N,7,2,77,25.053057,0,Eyes
SE-Conv-L1_ObjectBased_R2.pth,N,8,2,77,31.796505,0,Eyes
SE-Conv-L1_ObjectBased_R2.pth,N,9,2,77,35.923653,0,Eyes
SE-Conv-L1_ObjectBased_R2.pth,N,10,2,77,41.223125,0,Eyes
SE-Conv-L1_ObjectBased_R2.pth,N,11,2,77,43.874928,0,Eyes
SE-Conv-L1_ObjectBased_R2.pth,N,12,2,77,48.616306,0,Eyes
SE-Conv-L1_ObjectBased_R2.pth,N,13,2,77,46.999664,0,Eyes
SE-Conv-L1_ObjectBased_R2.pth,N,14,2,77,37.980717,0,Eyes
SE-Conv-L1_ObjectBased_R2.pth,N,15,2,77,33.246437,0,Eyes
SE-Conv-L1_ObjectBased_R2.pth,N,16,2,77,37.241455,0,Eyes
SE-Conv-L1_ObjectBased_R2.pth,N,17,2,77,40.106495,0,Eyes
SE-Conv-L1_ObjectBased_R2.pth,N,18,2,77,38.93154,0,Eyes
SE-Conv-L1_ObjectBased_R2.pth,N,19,2,77,40.612453,0,Eyes
SE-Conv-L1_ObjectBased_R2.pth,N,20,2,77,46.08373,0,Eyes
SE-Conv-L1_ObjectBased_R2.pth,N,21,2,77,39.43016,0,Eyes
SE-Conv-L1_ObjectBased_R32.pth,E,1,32,0,85.521095,26,Background
SE-Conv-L1_ObjectBased_R32.pth,E,2,32,0,74.96083,26,Background
SE-Conv-L1_ObjectBased_R32.pth,E,3,32,111,78.2435,26,Background
SE-Conv-L1_ObjectBased_R32.pth,E,4,32,111,98.71834,42,Background
SE-Conv-L1_ObjectBased_R32.pth,E,5,32,111,92.75542,146,Background
SE-Conv-L1_ObjectBased_R32.pth,E,6,32,111,86.45177,146,Background
SE-Conv-L1_ObjectBased_R32.pth,E,7,32,111,97.02733,146,Background
SE-Conv-L1_ObjectBased_R32.pth,E,8,32,111,70.48146,146,Background
SE-Conv-L1_ObjectBased_R32.pth,E,9,32,111,61.374863,26,Background
SE-Conv-L1_ObjectBased_R32.pth,E,10,32,111,62.308567,26,Background
SE-Conv-L1_ObjectBased_R32.pth,E,11,32,111,68.72425,26,Background
SE-Conv-L1_ObjectBased_R32.pth,E,12,32,111,56.823532,26,Background
SE-Conv-L1_ObjectBased_R32.pth,E,13,32,111,55.76951,26,Background
SE-Conv-L1_ObjectBased_R32.pth,E,14,32,0,101.07608,43,Background
SE-Conv-L1_ObjectBased_R32.pth,E,15,32,0,111.619965,43,Background
SE-Conv-L1_ObjectBased_R32.pth,E,16,32,0,70.63163,43,Background
SE-Conv-L1_ObjectBased_R32.pth,E,17,32,0,114.87456,43,Background
SE-Conv-L1_ObjectBased_R32.pth,E,18,32,215,87.85364,197,Background
SE-Conv-L1_ObjectBased_R32.pth,E,19,32,111,60.64244,181,Background
SE-Conv-L1_ObjectBased_R32.pth,E,20,32,0,69.73102,146,Background
SE-Conv-L1_ObjectBased_R32.pth,E,21,32,215,67.96863,129,Background
SE-Conv-L1_ObjectBased_R32.pth,Full,1,32,77,82.16727,26,Eyes
SE-Conv-L1_ObjectBased_R32.pth,Full,2,32,77,87.80738,26,Eyes
SE-Conv-L1_ObjectBased_R32.pth,Full,3,32,77,87.666916,26,Eyes
SE-Conv-L1_ObjectBased_R32.pth,Full,4,32,77,74.796425,129,Eyes
SE-Conv-L1_ObjectBased_R32.pth,Full,5,32,77,79.726395,0,Eyes
SE-Conv-L1_ObjectBased_R32.pth,Full,6,32,77,84.749344,0,Eyes
SE-Conv-L1_ObjectBased_R32.pth,Full,7,32,77,83.725876,0,Eyes
SE-Conv-L1_ObjectBased_R32.pth,Full,8,32,77,83.816475,0,Eyes
SE-Conv-L1_ObjectBased_R32.pth,Full,9,32,77,70.01671,0,Eyes
SE-Conv-L1_ObjectBased_R32.pth,Full,10,32,77,77.28353,0,Eyes
SE-Conv-L1_ObjectBased_R32.pth,Full,11,32,77,77.29154,0,Eyes
SE-Conv-L1_ObjectBased_R32.pth,Full,12,32,77,76.30683,26,Eyes
SE-Conv-L1_ObjectBased_R32.pth,Full,13,32,77,87.30853,0,Eyes
SE-Conv-L1_ObjectBased_R32.pth,Full,14,32,77,85.73038,26,Eyes
SE-Conv-L1_ObjectBased_R32.pth,Full,15,32,77,67.28591,0,Eyes
SE-Conv-L1_ObjectBased_R32.pth,Full,16,32,77,83.01568,0,Eyes
SE-Conv-L1_ObjectBased_R32.pth,Full,17,32,77,78.08882,0,Eyes
SE-Conv-L1_ObjectBased_R32.pth,Full,18,32,77,66.101036,0,Eyes
SE-Conv-L1_ObjectBased_R32.pth,Full,19,32,77,65.53937,0,Eyes
SE-Conv-L1_ObjectBased_R32.pth,Full,20,32,77,47.701874,0,Eyes
SE-Conv-L1_ObjectBased_R32.pth,Full,21,32,77,35.635693,0,Eyes
SE-Conv-L1_ObjectBased_R32.pth,M,1,32,77,83.07475,26,Eyes
SE-Conv-L1_ObjectBased_R32.pth,M,2,32,77,75.83716,26,Eyes
SE-Conv-L1_ObjectBased_R32.pth,M,3,32,77,88.392006,26,Eyes
SE-Conv-L1_ObjectBased_R32.pth,M,4,32,77,79.41702,26,Eyes
SE-Conv-L1_ObjectBased_R32.pth,M,5,32,77,78.55476,26,Eyes
SE-Conv-L1_ObjectBased_R32.pth,M,6,32,77,74.71245,26,Eyes
SE-Conv-L1_ObjectBased_R32.pth,M,7,32,77,92.37914,26,Eyes
SE-Conv-L1_ObjectBased_R32.pth,M,8,32,77,86.66405,26,Eyes
SE-Conv-L1_ObjectBased_R32.pth,M,9,32,77,88.87058,0,Eyes
SE-Conv-L1_ObjectBased_R32.pth,M,10,32,77,82.728035,26,Eyes
SE-Conv-L1_ObjectBased_R32.pth,M,11,32,77,89.51007,26,Eyes
SE-Conv-L1_ObjectBased_R32.pth,M,12,32,77,75.90611,26,Eyes
SE-Conv-L1_ObjectBased_R32.pth,M,13,32,77,77.17267,26,Eyes
SE-Conv-L1_ObjectBased_R32.pth,M,14,32,77,63.55944,0,Eyes
SE-Conv-L1_ObjectBased_R32.pth,M,15,32,77,70.45834,0,Eyes
SE-Conv-L1_ObjectBased_R32.pth,M,16,32,77,83.713974,0,Eyes
SE-Conv-L1_ObjectBased_R32.pth,M,17,32,77,73.95273,0,Eyes
SE-Conv-L1_ObjectBased_R32.pth,M,18,32,77,76.46777,0,Eyes
SE-Conv-L1_ObjectBased_R32.pth,M,19,32,77,83.55585,0,Eyes
SE-Conv-L1_ObjectBased_R32.pth,M,20,32,77,64.41655,0,Eyes
SE-Conv-L1_ObjectBased_R32.pth,M,21,32,77,61.278076,0,Eyes
SE-Conv-L1_ObjectBased_R32.pth,N,1,32,112,26.777515,0,Background
SE-Conv-L1_ObjectBased_R32.pth,N,2,32,128,50.520817,0,Nose
SE-Conv-L1_ObjectBased_R32.pth,N,3,32,128,53.767014,0,Nose
SE-Conv-L1_ObjectBased_R32.pth,N,4,32,112,54.748703,0,Background
SE-Conv-L1_ObjectBased_R32.pth,N,5,32,77,64.68847,0,Eyes
SE-Conv-L1_ObjectBased_R32.pth,N,6,32,77,60.2366,43,Eyes
SE-Conv-L1_ObjectBased_R32.pth,N,7,32,129,51.080917,0,Nose
SE-Conv-L1_ObjectBased_R32.pth,N,8,32,77,88.284424,0,Eyes
SE-Conv-L1_ObjectBased_R32.pth,N,9,32,77,84.06582,198,Eyes
SE-Conv-L1_ObjectBased_R32.pth,N,10,32,77,77.421005,198,Eyes
SE-Conv-L1_ObjectBased_R32.pth,N,11,32,77,69.84593,181,Eyes
SE-Conv-L1_ObjectBased_R32.pth,N,12,32,77,63.356857,198,Eyes
SE-Conv-L1_ObjectBased_R32.pth,N,13,32,77,60.462257,0,Eyes
SE-Conv-L1_ObjectBased_R32.pth,N,14,32,77,87.10968,181,Eyes
SE-Conv-L1_ObjectBased_R32.pth,N,15,32,77,87.33576,181,Eyes
SE-Conv-L1_ObjectBased_R32.pth,N,16,32,77,83.522575,181,Eyes
SE-Conv-L1_ObjectBased_R32.pth,N,17,32,77,80.616165,215,Eyes
SE-Conv-L1_ObjectBased_R32.pth,N,18,32,77,89.5994,181,Eyes
SE-Conv-L1_ObjectBased_R32.pth,N,19,32,77,70.062805,43,Eyes
SE-Conv-L1_ObjectBased_R32.pth,N,20,32,77,74.50032,181,Eyes
SE-Conv-L1_ObjectBased_R32.pth,N,21,32,112,66.206955,181,Background
SE-Conv-L1_ObjectBased_R4.pth,E,1,4,77,73.19744,0,Eyes
SE-Conv-L1_ObjectBased_R4.pth,E,2,4,77,77.826744,0,Eyes
SE-Conv-L1_ObjectBased_R4.pth,E,3,4,25,74.4297,77,Background
SE-Conv-L1_ObjectBased_R4.pth,E,4,4,25,61.085598,219,Background
SE-Conv-L1_ObjectBased_R4.pth,E,5,4,25,60.457764,198,Background
SE-Conv-L1_ObjectBased_R4.pth,E,6,4,163,49.58596,78,Background
SE-Conv-L1_ObjectBased_R4.pth,E,7,4,163,52.866875,78,Background
SE-Conv-L1_ObjectBased_R4.pth,E,8,4,163,52.44566,198,Background
SE-Conv-L1_ObjectBased_R4.pth,E,9,4,25,57.58242,198,Background
SE-Conv-L1_ObjectBased_R4.pth,E,10,4,25,57.245674,60,Background
SE-Conv-L1_ObjectBased_R4.pth,E,11,4,163,52.51999,60,Background
SE-Conv-L1_ObjectBased_R4.pth,E,12,4,163,60.968834,78,Background
SE-Conv-L1_ObjectBased_R4.pth,E,13,4,146,64.39862,77,Nose
SE-Conv-L1_ObjectBased_R4.pth,E,14,4,163,61.142742,198,Background
SE-Conv-L1_ObjectBased_R4.pth,E,15,4,146,57.84217,215,Nose
SE-Conv-L1_ObjectBased_R4.pth,E,16,4,163,58.57337,0,Background
SE-Conv-L1_ObjectBased_R4.pth,E,17,4,146,58.930862,198,Nose
SE-Conv-L1_ObjectBased_R4.pth,E,18,4,215,115.49527,43,Background
SE-Conv-L1_ObjectBased_R4.pth,E,19,4,215,85.11697,26,Background
SE-Conv-L1_ObjectBased_R4.pth,E,20,4,215,65.23696,25,Background
SE-Conv-L1_ObjectBased_R4.pth,E,21,4,215,64.28519,0,Background
SE-Conv-L1_ObjectBased_R4.pth,Full,1,4,94,32.84787,0,Eyes
SE-Conv-L1_ObjectBased_R4.pth,Full,2,4,77,38.664005,0,Eyes
SE-Conv-L1_ObjectBased_R4.pth,Full,3,4,77,27.05999,0,Eyes
SE-Conv-L1_ObjectBased_R4.pth,Full,4,4,60,42.018993,0,Background
SE-Conv-L1_ObjectBased_R4.pth,Full,5,4,77,22.144207,0,Eyes
SE-Conv-L1_ObjectBased_R4.pth,Full,6,4,146,19.609037,0,Nose
SE-Conv-L1_ObjectBased_R4.pth,Full,7,4,163,33.13556,0,Background
SE-Conv-L1_ObjectBased_R4.pth,Full,8,4,77,33.15208,26,Eyes
SE-Conv-L1_ObjectBased_R4.pth,Full,9,4,77,29.247316,0,Eyes
SE-Conv-L1_ObjectBased_R4.pth,Full,10,4,146,20.893047,0,Nose
SE-Conv-L1_ObjectBased_R4.pth,Full,11,4,146,17.279867,0,Nose
SE-Conv-L1_ObjectBased_R4.pth,Full,12,4,163,40.423138,0,Background
SE-Conv-L1_ObjectBased_R4.pth,Full,13,4,129,42.68688,0,Nose
SE-Conv-L1_ObjectBased_R4.pth,Full,14,4,129,55.26676,0,Nose
SE-Conv-L1_ObjectBased_R4.pth,Full,15,4,129,62.30322,0,Nose
SE-Conv-L1_ObjectBased_R4.pth,Full,16,4,129,49.49099,0,Nose
SE-Conv-L1_ObjectBased_R4.pth,Full,17,4,94,51.269096,43,Eyes
SE-Conv-L1_ObjectBased_R4.pth,Full,18,4,146,43.65606,0,Nose
SE-Conv-L1_ObjectBased_R4.pth,Full,19,4,146,42.189983,0,Nose
SE-Conv-L1_ObjectBased_R4.pth,Full,20,4,60,22.851902,0,Background
SE-Conv-L1_ObjectBased_R4.pth,Full,21,4,146,31.53876,0,Nose
SE-Conv-L1_ObjectBased_R4.pth,M,1,4,215,30.208096,0,Background
SE-Conv-L1_ObjectBased_R4.pth,M,2,4,0,0,0,Background
SE-Conv-L1_ObjectBased_R4.pth,M,3,4,129,32.91691,0,Nose
SE-Conv-L1_ObjectBased_R4.pth,M,4,4,215,30.063091,0,Background
SE-Conv-L1_ObjectBased_R4.pth,M,5,4,215,25.894886,0,Background
SE-Conv-L1_ObjectBased_R4.pth,M,6,4,215,32.981304,0,Background
SE-Conv-L1_ObjectBased_R4.pth,M,7,4,0,0,0,Background
SE-Conv-L1_ObjectBased_R4.pth,M,8,4,215,39.007904,0,Background
SE-Conv-L1_ObjectBased_R4.pth,M,9,4,129,25.358253,0,Nose
SE-Conv-L1_ObjectBased_R4.pth,M,10,4,129,17.424377,0,Nose
SE-Conv-L1_ObjectBased_R4.pth,M,11,4,129,33.00162,0,Nose
SE-Conv-L1_ObjectBased_R4.pth,M,12,4,129,19.117271,0,Nose
SE-Conv-L1_ObjectBased_R4.pth,M,13,4,129,17.424377,0,Nose
SE-Conv-L1_ObjectBased_R4.pth,M,14,4,0,0,0,Background
SE-Conv-L1_ObjectBased_R4.pth,M,15,4,129,26.969753,0,Nose
SE-Conv-L1_ObjectBased_R4.pth,M,16,4,0,0,0,Background
SE-Conv-L1_ObjectBased_R4.pth,M,17,4,129,18.275463,0,Nose
SE-Conv-L1_ObjectBased_R4.pth,M,18,4,129,17.424377,0,Nose
SE-Conv-L1_ObjectBased_R4.pth,M,19,4,129,17.424377,0,Nose
SE-Conv-L1_ObjectBased_R4.pth,M,20,4,94,17.742523,0,Eyes
SE-Conv-L1_ObjectBased_R4.pth,M,21,4,129,17.424377,0,Nose
SE-Conv-L1_ObjectBased_R4.pth,N,1,4,215,60.978493,95,Background
SE-Conv-L1_ObjectBased_R4.pth,N,2,4,215,47.010143,0,Background
SE-Conv-L1_ObjectBased_R4.pth,N,3,4,215,52.373436,0,Background
SE-Conv-L1_ObjectBased_R4.pth,N,4,4,215,61.731422,0,Background
SE-Conv-L1_ObjectBased_R4.pth,N,5,4,215,33.382923,0,Background
SE-Conv-L1_ObjectBased_R4.pth,N,6,4,216,34.033,0,Background
SE-Conv-L1_ObjectBased_R4.pth,N,7,4,77,17.661327,0,Eyes
SE-Conv-L1_ObjectBased_R4.pth,N,8,4,0,0,0,Background
SE-Conv-L1_ObjectBased_R4.pth,N,9,4,0,0,0,Background
SE-Conv-L1_ObjectBased_R4.pth,N,10,4,0,0,0,Background
SE-Conv-L1_ObjectBased_R4.pth,N,11,4,215,17.46223,0,Background
SE-Conv-L1_ObjectBased_R4.pth,N,12,4,215,60.1353,95,Background
SE-Conv-L1_ObjectBased_R4.pth,N,13,4,215,59.762062,26,Background
SE-Conv-L1_ObjectBased_R4.pth,N,14,4,215,87.99466,26,Background
SE-Conv-L1_ObjectBased_R4.pth,N,15,4,215,43.145737,26,Background
SE-Conv-L1_ObjectBased_R4.pth,N,16,4,77,89.624725,0,Eyes
SE-Conv-L1_ObjectBased_R4.pth,N,17,4,77,86.36673,0,Eyes
SE-Conv-L1_ObjectBased_R4.pth,N,18,4,77,79.92287,0,Eyes
SE-Conv-L1_ObjectBased_R4.pth,N,19,4,77,79.21367,0,Eyes
SE-Conv-L1_ObjectBased_R4.pth,N,20,4,77,90.54664,0,Eyes
SE-Conv-L1_ObjectBased_R4.pth,N,21,4,77,93.02971,0,Eyes
SE-Conv-L1_ObjectBased_R8.pth,E,1,8,129,64.62796,0,Nose
SE-Conv-L1_ObjectBased_R8.pth,E,2,8,128,57.227406,0,Nose
SE-Conv-L1_ObjectBased_R8.pth,E,3,8,77,64.74031,0,Eyes
SE-Conv-L1_ObjectBased_R8.pth,E,4,8,95,53.645348,0,Eyes
SE-Conv-L1_ObjectBased_R8.pth,E,5,8,78,64.55495,0,Eyes
SE-Conv-L1_ObjectBased_R8.pth,E,6,8,129,71.10446,0,Nose
SE-Conv-L1_ObjectBased_R8.pth,E,7,8,129,71.54646,0,Nose
SE-Conv-L1_ObjectBased_R8.pth,E,8,8,94,63.287292,0,Eyes
SE-Conv-L1_ObjectBased_R8.pth,E,9,8,129,65.74193,0,Nose
SE-Conv-L1_ObjectBased_R8.pth,E,10,8,146,59.790543,0,Nose
SE-Conv-L1_ObjectBased_R8.pth,E,11,8,111,59.347183,0,Background
SE-Conv-L1_ObjectBased_R8.pth,E,12,8,146,58.152912,0,Nose
SE-Conv-L1_ObjectBased_R8.pth,E,13,8,129,68.508896,0,Nose
SE-Conv-L1_ObjectBased_R8.pth,E,14,8,112,52.665504,0,Background
SE-Conv-L1_ObjectBased_R8.pth,E,15,8,128,56.53134,0,Nose
SE-Conv-L1_ObjectBased_R8.pth,E,16,8,112,60.878246,0,Background
SE-Conv-L1_ObjectBased_R8.pth,E,17,8,215,78.06551,0,Background
SE-Conv-L1_ObjectBased_R8.pth,E,18,8,215,74.38742,42,Background
SE-Conv-L1_ObjectBased_R8.pth,E,19,8,215,67.49684,0,Background
SE-Conv-L1_ObjectBased_R8.pth,E,20,8,129,76.724365,43,Nose
SE-Conv-L1_ObjectBased_R8.pth,E,21,8,217,66.56817,0,Background
SE-Conv-L1_ObjectBased_R8.pth,Full,1,8,94,36.72977,0,Eyes
SE-Conv-L1_ObjectBased_R8.pth,Full,2,8,94,49.13879,26,Eyes
SE-Conv-L1_ObjectBased_R8.pth,Full,3,8,94,57.423676,0,Eyes
SE-Conv-L1_ObjectBased_R8.pth,Full,4,8,94,50.587166,0,Eyes
SE-Conv-L1_ObjectBased_R8.pth,Full,5,8,94,46.615124,0,Eyes
SE-Conv-L1_ObjectBased_R8.pth,Full,6,8,146,50.112415,0,Nose
SE-Conv-L1_ObjectBased_R8.pth,Full,7,8,146,35.190174,0,Nose
SE-Conv-L1_ObjectBased_R8.pth,Full,8,8,146,53.040134,0,Nose
SE-Conv-L1_ObjectBased_R8.pth,Full,9,8,146,37.13861,0,Nose
SE-Conv-L1_ObjectBased_R8.pth,Full,10,8,146,28.336329,0,Nose
SE-Conv-L1_ObjectBased_R8.pth,Full,11,8,146,44.5609,0,Nose
SE-Conv-L1_ObjectBased_R8.pth,Full,12,8,146,43.3141,0,Nose
SE-Conv-L1_ObjectBased_R8.pth,Full,13,8,146,37.61161,0,Nose
SE-Conv-L1_ObjectBased_R8.pth,Full,14,8,146,27.307896,0,Nose
SE-Conv-L1_ObjectBased_R8.pth,Full,15,8,146,33.002113,0,Nose
SE-Conv-L1_ObjectBased_R8.pth,Full,16,8,129,32.179085,0,Nose
SE-Conv-L1_ObjectBased_R8.pth,Full,17,8,129,48.00094,0,Nose
SE-Conv-L1_ObjectBased_R8.pth,Full,18,8,129,39.43664,0,Nose
SE-Conv-L1_ObjectBased_R8.pth,Full,19,8,129,19.839651,0,Nose
SE-Conv-L1_ObjectBased_R8.pth,Full,20,8,129,17.424377,0,Nose
SE-Conv-L1_ObjectBased_R8.pth,Full,21,8,129,17.424377,0,Nose
SE-Conv-L1_ObjectBased_R8.pth,M,1,8,0,63.604187,197,Background
SE-Conv-L1_ObjectBased_R8.pth,M,2,8,0,82.18898,215,Background
SE-Conv-L1_ObjectBased_R8.pth,M,3,8,0,54.576756,129,Background
SE-Conv-L1_ObjectBased_R8.pth,M,4,8,43,41.548523,215,Background
SE-Conv-L1_ObjectBased_R8.pth,M,5,8,198,24.926569,77,Mouth
SE-Conv-L1_ObjectBased_R8.pth,M,6,8,198,36.231316,0,Mouth
SE-Conv-L1_ObjectBased_R8.pth,M,7,8,215,33.175137,78,Background
SE-Conv-L1_ObjectBased_R8.pth,M,8,8,43,17.424381,0,Background
SE-Conv-L1_ObjectBased_R8.pth,M,9,8,43,17.424381,0,Background
SE-Conv-L1_ObjectBased_R8.pth,M,10,8,43,17.424381,0,Background
SE-Conv-L1_ObjectBased_R8.pth,M,11,8,111,17.66134,0,Background
SE-Conv-L1_ObjectBased_R8.pth,M,12,8,112,17.66134,0,Background
SE-Conv-L1_ObjectBased_R8.pth,M,13,8,198,43.219795,0,Mouth
SE-Conv-L1_ObjectBased_R8.pth,M,14,8,198,57.853416,77,Mouth
SE-Conv-L1_ObjectBased_R8.pth,M,15,8,198,33.548355,78,Mouth
SE-Conv-L1_ObjectBased_R8.pth,M,16,8,43,36.820152,78,Background
SE-Conv-L1_ObjectBased_R8.pth,M,17,8,197,45.299225,78,Mouth
SE-Conv-L1_ObjectBased_R8.pth,M,18,8,198,40.59287,60,Mouth
SE-Conv-L1_ObjectBased_R8.pth,M,19,8,198,35.74287,26,Mouth
SE-Conv-L1_ObjectBased_R8.pth,M,20,8,181,29.866945,0,Mouth
SE-Conv-L1_ObjectBased_R8.pth,M,21,8,181,31.558859,0,Mouth
SE-Conv-L1_ObjectBased_R8.pth,N,1,8,181,51.188503,0,Mouth
SE-Conv-L1_ObjectBased_R8.pth,N,2,8,180,46.676224,0,Mouth
SE-Conv-L1_ObjectBased_R8.pth,N,3,8,197,58.40271,0,Mouth
SE-Conv-L1_ObjectBased_R8.pth,N,4,8,197,60.956745,0,Mouth
SE-Conv-L1_ObjectBased_R8.pth,N,5,8,197,56.68876,0,Mouth
SE-Conv-L1_ObjectBased_R8.pth,N,6,8,180,61.59322,0,Mouth
SE-Conv-L1_ObjectBased_R8.pth,N,7,8,180,53.22245,0,Mouth
SE-Conv-L1_ObjectBased_R8.pth,N,8,8,180,41.097366,0,Mouth
SE-Conv-L1_ObjectBased_R8.pth,N,9,8,180,58.270725,0,Mouth
SE-Conv-L1_ObjectBased_R8.pth,N,10,8,180,55.39527,0,Mouth
SE-Conv-L1_ObjectBased_R8.pth,N,11,8,164,44.549942,0,Background
SE-Conv-L1_ObjectBased_R8.pth,N,12,8,180,53.8304,0,Mouth
SE-Conv-L1_ObjectBased_R8.pth,N,13,8,164,32.019745,0,Background
SE-Conv-L1_ObjectBased_R8.pth,N,14,8,163,29.07147,0,Background
SE-Conv-L1_ObjectBased_R8.pth,N,15,8,180,51.293274,0,Mouth
SE-Conv-L1_ObjectBased_R8.pth,N,16,8,180,46.301414,0,Mouth
SE-Conv-L1_ObjectBased_R8.pth,N,17,8,181,19.285545,0,Mouth
SE-Conv-L1_ObjectBased_R8.pth,N,18,8,198,35.765327,26,Mouth
SE-Conv-L1_ObjectBased_R8.pth,N,19,8,180,24.256903,0,Mouth
SE-Conv-L1_ObjectBased_R8.pth,N,20,8,197,29.154585,0,Mouth
SE-Conv-L1_ObjectBased_R8.pth,N,21,8,163,19.80785,0,Background
SE-Conv-L2_FaceBased_R16.pth,E,1,16,26,134.84422,94,Background
SE-Conv-L2_FaceBased_R16.pth,E,2,16,26,135.0466,94,Background
SE-Conv-L2_FaceBased_R16.pth,E,3,16,180,75.01274,0,Mouth
SE-Conv-L2_FaceBased_R16.pth,E,4,16,60,91.687126,0,Background
SE-Conv-L2_FaceBased_R16.pth,E,5,16,60,84.77219,0,Background
SE-Conv-L2_FaceBased_R16.pth,E,6,16,163,29.095268,0,Background
SE-Conv-L2_FaceBased_R16.pth,E,7,16,112,40.32066,0,Background
SE-Conv-L2_FaceBased_R16.pth,E,8,16,180,51.32591,60,Mouth
SE-Conv-L2_FaceBased_R16.pth,E,9,16,163,29.250801,0,Background
SE-Conv-L2_FaceBased_R16.pth,E,10,16,163,20.12673,0,Background
SE-Conv-L2_FaceBased_R16.pth,E,11,16,146,36.777866,0,Nose
SE-Conv-L2_FaceBased_R16.pth,E,12,16,0,0,0,Background
SE-Conv-L2_FaceBased_R16.pth,E,13,16,129,37.527374,0,Nose
SE-Conv-L2_FaceBased_R16.pth,E,14,16,146,17.424381,0,Nose
SE-Conv-L2_FaceBased_R16.pth,E,15,16,112,17.277397,0,Background
SE-Conv-L2_FaceBased_R16.pth,E,16,16,128,44.019417,0,Nose
SE-Conv-L2_FaceBased_R16.pth,E,17,16,129,60.888428,0,Nose
SE-Conv-L2_FaceBased_R16.pth,E,18,16,163,26.233816,0,Background
SE-Conv-L2_FaceBased_R16.pth,E,19,16,129,75.00085,0,Nose
SE-Conv-L2_FaceBased_R16.pth,E,20,16,146,112.31667,198,Nose
SE-Conv-L2_FaceBased_R16.pth,E,21,16,42,112.972946,112,Background
SE-Conv-L2_FaceBased_R16.pth,Full,1,16,95,64.079414,0,Eyes
SE-Conv-L2_FaceBased_R16.pth,Full,2,16,111,77.188095,0,Background
SE-Conv-L2_FaceBased_R16.pth,Full,3,16,215,136.84695,0,Background
SE-Conv-L2_FaceBased_R16.pth,Full,4,16,215,151.4389,0,Background
SE-Conv-L2_FaceBased_R16.pth,Full,5,16,215,135.17,0,Background
SE-Conv-L2_FaceBased_R16.pth,Full,6,16,215,153.97498,197,Background
SE-Conv-L2_FaceBased_R16.pth,Full,7,16,215,121.03362,0,Background
SE-Conv-L2_FaceBased_R16.pth,Full,8,16,215,154.43037,0,Background
SE-Conv-L2_FaceBased_R16.pth,Full,9,16,215,88.239975,181,Background
SE-Conv-L2_FaceBased_R16.pth,Full,10,16,215,91.39219,163,Background
SE-Conv-L2_FaceBased_R16.pth,Full,11,16,215,93.44465,163,Background
SE-Conv-L2_FaceBased_R16.pth,Full,12,16,215,169.59721,163,Background
SE-Conv-L2_FaceBased_R16.pth,Full,13,16,60,24.490643,0,Background
SE-Conv-L2_FaceBased_R16.pth,Full,14,16,59,42.334763,0,Background
SE-Conv-L2_FaceBased_R16.pth,Full,15,16,215,82.59865,0,Background
SE-Conv-L2_FaceBased_R16.pth,Full,16,16,215,130.94385,197,Background
SE-Conv-L2_FaceBased_R16.pth,Full,17,16,94,90.62154,0,Eyes
SE-Conv-L2_FaceBased_R16.pth,Full,18,16,181,116.89046,43,Mouth
SE-Conv-L2_FaceBased_R16.pth,Full,19,16,94,87.192276,0,Eyes
SE-Conv-L2_FaceBased_R16.pth,Full,20,16,181,127.92608,112,Mouth
SE-Conv-L2_FaceBased_R16.pth,Full,21,16,146,54.67411,0,Nose
SE-Conv-L2_FaceBased_R16.pth,M,1,16,198,118.615616,111,Mouth
SE-Conv-L2_FaceBased_R16.pth,M,2,16,60,113.607445,112,Background
SE-Conv-L2_FaceBased_R16.pth,M,3,16,60,117.597206,111,Background
SE-Conv-L2_FaceBased_R16.pth,M,4,16,60,105.19661,128,Background
SE-Conv-L2_FaceBased_R16.pth,M,5,16,60,115.60867,146,Background
SE-Conv-L2_FaceBased_R16.pth,M,6,16,60,114.68782,0,Background
SE-Conv-L2_FaceBased_R16.pth,M,7,16,60,128.66675,111,Background
SE-Conv-L2_FaceBased_R16.pth,M,8,16,60,121.159096,0,Background
SE-Conv-L2_FaceBased_R16.pth,M,9,16,198,121.52512,111,Mouth
SE-Conv-L2_FaceBased_R16.pth,M,10,16,60,114.47864,0,Background
SE-Conv-L2_FaceBased_R16.pth,M,11,16,215,96.566315,0,Background
SE-Conv-L2_FaceBased_R16.pth,M,12,16,215,90.864044,0,Background
SE-Conv-L2_FaceBased_R16.pth,M,13,16,77,38.77715,0,Eyes
SE-Conv-L2_FaceBased_R16.pth,M,14,16,26,87.8321,128,Background
SE-Conv-L2_FaceBased_R16.pth,M,15,16,42,96.01367,128,Background
SE-Conv-L2_FaceBased_R16.pth,M,16,16,43,126.21608,128,Background
SE-Conv-L2_FaceBased_R16.pth,M,17,16,42,125.50687,112,Background
SE-Conv-L2_FaceBased_R16.pth,M,18,16,43,111.629425,145,Background
SE-Conv-L2_FaceBased_R16.pth,M,19,16,215,107.806885,0,Background
SE-Conv-L2_FaceBased_R16.pth,M,20,16,215,139.8023,0,Background
SE-Conv-L2_FaceBased_R16.pth,M,21,16,215,119.98027,0,Background
SE-Conv-L2_FaceBased_R16.pth,N,1,16,221,122.70541,111,Background
SE-Conv-L2_FaceBased_R16.pth,N,2,16,215,131.81775,0,Background
SE-Conv-L2_FaceBased_R16.pth,N,3,16,215,129.87704,0,Background
SE-Conv-L2_FaceBased_R16.pth,N,4,16,215,136.09381,0,Background
SE-Conv-L2_FaceBased_R16.pth,N,5,16,215,140.99847,0,Background
SE-Conv-L2_FaceBased_R16.pth,N,6,16,215,130.59663,0,Background
SE-Conv-L2_FaceBased_R16.pth,N,7,16,77,111.890656,0,Eyes
SE-Conv-L2_FaceBased_R16.pth,N,8,16,215,126.924644,59,Background
SE-Conv-L2_FaceBased_R16.pth,N,9,16,215,125.49428,163,Background
SE-Conv-L2_FaceBased_R16.pth,N,10,16,215,105.99831,163,Background
SE-Conv-L2_FaceBased_R16.pth,N,11,16,198,98.2668,146,Mouth
SE-Conv-L2_FaceBased_R16.pth,N,12,16,215,87.289734,59,Background
SE-Conv-L2_FaceBased_R16.pth,N,13,16,181,57.42567,59,Mouth
SE-Conv-L2_FaceBased_R16.pth,N,14,16,77,106.324524,146,Eyes
SE-Conv-L2_FaceBased_R16.pth,N,15,16,219,94.980446,0,Background
SE-Conv-L2_FaceBased_R16.pth,N,16,16,77,101.4171,0,Eyes
SE-Conv-L2_FaceBased_R16.pth,N,17,16,77,122.43408,0,Eyes
SE-Conv-L2_FaceBased_R16.pth,N,18,16,77,120.452156,163,Eyes
SE-Conv-L2_FaceBased_R16.pth,N,19,16,77,94.75235,129,Eyes
SE-Conv-L2_FaceBased_R16.pth,N,20,16,77,76.12434,129,Eyes
SE-Conv-L2_FaceBased_R16.pth,N,21,16,77,84.94112,197,Eyes
SE-Conv-L2_FaceBased_R2.pth,E,1,2,129,71.068886,0,Nose
SE-Conv-L2_FaceBased_R2.pth,E,2,2,180,82.364426,60,Mouth
SE-Conv-L2_FaceBased_R2.pth,E,3,2,180,50.831184,0,Mouth
SE-Conv-L2_FaceBased_R2.pth,E,4,2,180,84.3673,60,Mouth
SE-Conv-L2_FaceBased_R2.pth,E,5,2,180,75.280174,0,Mouth
SE-Conv-L2_FaceBased_R2.pth,E,6,2,180,76.5179,0,Mouth
SE-Conv-L2_FaceBased_R2.pth,E,7,2,180,80.67352,0,Mouth
SE-Conv-L2_FaceBased_R2.pth,E,8,2,180,84.71836,94,Mouth
SE-Conv-L2_FaceBased_R2.pth,E,9,2,180,88.92359,94,Mouth
SE-Conv-L2_FaceBased_R2.pth,E,10,2,180,85.05163,0,Mouth
SE-Conv-L2_FaceBased_R2.pth,E,11,2,180,84.22185,94,Mouth
SE-Conv-L2_FaceBased_R2.pth,E,12,2,180,81.808395,78,Mouth
SE-Conv-L2_FaceBased_R2.pth,E,13,2,180,85.03934,94,Mouth
SE-Conv-L2_FaceBased_R2.pth,E,14,2,180,89.954865,0,Mouth
SE-Conv-L2_FaceBased_R2.pth,E,15,2,180,99.313385,0,Mouth
SE-Conv-L2_FaceBased_R2.pth,E,16,2,180,107.27884,94,Mouth
SE-Conv-L2_FaceBased_R2.pth,E,17,2,180,103.53784,94,Mouth
SE-Conv-L2_FaceBased_R2.pth,E,18,2,180,103.16031,0,Mouth
SE-Conv-L2_FaceBased_R2.pth,E,19,2,180,106.939705,128,Mouth
SE-Conv-L2_FaceBased_R2.pth,E,20,2,180,112.319664,128,Mouth
SE-Conv-L2_FaceBased_R2.pth,E,21,2,180,115.310425,0,Mouth
SE-Conv-L2_FaceBased_R2.pth,Full,1,2,112,39.4226,0,Background
SE-Conv-L2_FaceBased_R2.pth,Full,2,2,164,69.18663,26,Background
SE-Conv-L2_FaceBased_R2.pth,Full,3,2,180,51.911144,26,Mouth
SE-Conv-L2_FaceBased_R2.pth,Full,4,2,180,52.1363,0,Mouth
SE-Conv-L2_FaceBased_R2.pth,Full,5,2,180,54.10907,0,Mouth
SE-Conv-L2_FaceBased_R2.pth,Full,6,2,180,66.56392,0,Mouth
SE-Conv-L2_FaceBased_R2.pth,Full,7,2,180,64.924065,0,Mouth
SE-Conv-L2_FaceBased_R2.pth,Full,8,2,180,76.63693,0,Mouth
SE-Conv-L2_FaceBased_R2.pth,Full,9,2,60,64.50782,0,Background
SE-Conv-L2_FaceBased_R2.pth,Full,10,2,60,62.70756,0,Background
SE-Conv-L2_FaceBased_R2.pth,Full,11,2,60,49.570366,0,Background
SE-Conv-L2_FaceBased_R2.pth,Full,12,2,163,22.223637,0,Background
SE-Conv-L2_FaceBased_R2.pth,Full,13,2,180,71.97728,0,Mouth
SE-Conv-L2_FaceBased_R2.pth,Full,14,2,164,92.487686,0,Background
SE-Conv-L2_FaceBased_R2.pth,Full,15,2,163,94.416336,0,Background
SE-Conv-L2_FaceBased_R2.pth,Full,16,2,163,94.14251,0,Background
SE-Conv-L2_FaceBased_R2.pth,Full,17,2,163,97.22355,215,Background
SE-Conv-L2_FaceBased_R2.pth,Full,18,2,163,87.977745,0,Background
SE-Conv-L2_FaceBased_R2.pth,Full,19,2,146,91.22215,0,Nose
SE-Conv-L2_FaceBased_R2.pth,Full,20,2,163,97.773575,0,Background
SE-Conv-L2_FaceBased_R2.pth,Full,21,2,163,101.63019,215,Background
SE-Conv-L2_FaceBased_R2.pth,M,1,2,78,88.2901,42,Eyes
SE-Conv-L2_FaceBased_R2.pth,M,2,2,94,83.15946,42,Eyes
SE-Conv-L2_FaceBased_R2.pth,M,3,2,94,67.2973,0,Eyes
SE-Conv-L2_FaceBased_R2.pth,M,4,2,180,76.42671,42,Mouth
SE-Conv-L2_FaceBased_R2.pth,M,5,2,180,81.42341,0,Mouth
SE-Conv-L2_FaceBased_R2.pth,M,6,2,180,83.34391,42,Mouth
SE-Conv-L2_FaceBased_R2.pth,M,7,2,129,63.592598,0,Nose
SE-Conv-L2_FaceBased_R2.pth,M,8,2,129,66.41728,0,Nose
SE-Conv-L2_FaceBased_R2.pth,M,9,2,129,70.8396,0,Nose
SE-Conv-L2_FaceBased_R2.pth,M,10,2,146,88.50627,26,Nose
SE-Conv-L2_FaceBased_R2.pth,M,11,2,145,79.71467,0,Nose
SE-Conv-L2_FaceBased_R2.pth,M,12,2,146,92.83223,0,Nose
SE-Conv-L2_FaceBased_R2.pth,M,13,2,146,88.78969,43,Nose
SE-Conv-L2_FaceBased_R2.pth,M,14,2,180,91.4483,0,Mouth
SE-Conv-L2_FaceBased_R2.pth,M,15,2,146,105.418655,60,Nose
SE-Conv-L2_FaceBased_R2.pth,M,16,2,129,85.1383,0,Nose
SE-Conv-L2_FaceBased_R2.pth,M,17,2,129,73.64618,0,Nose
SE-Conv-L2_FaceBased_R2.pth,M,18,2,146,96.8487,26,Nose
SE-Conv-L2_FaceBased_R2.pth,M,19,2,129,86.27199,0,Nose
SE-Conv-L2_FaceBased_R2.pth,M,20,2,112,82.74828,26,Background
SE-Conv-L2_FaceBased_R2.pth,M,21,2,112,75.56545,26,Background
SE-Conv-L2_FaceBased_R2.pth,N,1,2,94,19.715897,0,Eyes
SE-Conv-L2_FaceBased_R2.pth,N,2,2,111,45.696205,198,Background
SE-Conv-L2_FaceBased_R2.pth,N,3,2,0,0,0,Background
SE-Conv-L2_FaceBased_R2.pth,N,4,2,111,32.79473,0,Background
SE-Conv-L2_FaceBased_R2.pth,N,5,2,0,0,0,Background
SE-Conv-L2_FaceBased_R2.pth,N,6,2,0,0,0,Background
SE-Conv-L2_FaceBased_R2.pth,N,7,2,0,0,0,Background
SE-Conv-L2_FaceBased_R2.pth,N,8,2,0,0,0,Background
SE-Conv-L2_FaceBased_R2.pth,N,9,2,0,0,0,Background
SE-Conv-L2_FaceBased_R2.pth,N,10,2,94,17.424377,0,Eyes
SE-Conv-L2_FaceBased_R2.pth,N,11,2,0,0,0,Background
SE-Conv-L2_FaceBased_R2.pth,N,12,2,94,17.858261,26,Eyes
SE-Conv-L2_FaceBased_R2.pth,N,13,2,60,71.36629,198,Background
SE-Conv-L2_FaceBased_R2.pth,N,14,2,26,75.467834,146,Background
SE-Conv-L2_FaceBased_R2.pth,N,15,2,94,55.71008,0,Eyes
SE-Conv-L2_FaceBased_R2.pth,N,16,2,94,120.15459,163,Eyes
SE-Conv-L2_FaceBased_R2.pth,N,17,2,60,113.55375,163,Background
SE-Conv-L2_FaceBased_R2.pth,N,18,2,60,98.03316,198,Background
SE-Conv-L2_FaceBased_R2.pth,N,19,2,25,37.637085,198,Background
SE-Conv-L2_FaceBased_R2.pth,N,20,2,146,97.98805,77,Nose
SE-Conv-L2_FaceBased_R2.pth,N,21,2,25,120.055695,43,Background
SE-Conv-L2_FaceBased_R32.pth,E,1,32,60,64.67642,0,Background
SE-Conv-L2_FaceBased_R32.pth,E,2,32,215,30.108784,0,Background
SE-Conv-L2_FaceBased_R32.pth,E,3,32,0,0,0,Background
SE-Conv-L2_FaceBased_R32.pth,E,4,32,215,19.107746,0,Background
SE-Conv-L2_FaceBased_R32.pth,E,5,32,112,27.58081,0,Background
SE-Conv-L2_FaceBased_R32.pth,E,6,32,215,26.422966,0,Background
SE-Conv-L2_FaceBased_R32.pth,E,7,32,129,39.109848,0,Nose
SE-Conv-L2_FaceBased_R32.pth,E,8,32,0,0,0,Background
SE-Conv-L2_FaceBased_R32.pth,E,9,32,0,0,0,Background
SE-Conv-L2_FaceBased_R32.pth,E,10,32,129,19.341957,95,Nose
SE-Conv-L2_FaceBased_R32.pth,E,11,32,129,21.166195,0,Nose
SE-Conv-L2_FaceBased_R32.pth,E,12,32,129,33.4243,0,Nose
SE-Conv-L2_FaceBased_R32.pth,E,13,32,0,0,0,Background
SE-Conv-L2_FaceBased_R32.pth,E,14,32,0,0,0,Background
SE-Conv-L2_FaceBased_R32.pth,E,15,32,112,46.381603,0,Background
SE-Conv-L2_FaceBased_R32.pth,E,16,32,0,0,0,Background
SE-Conv-L2_FaceBased_R32.pth,E,17,32,129,34.915436,26,Nose
SE-Conv-L2_FaceBased_R32.pth,E,18,32,146,92.91683,181,Nose
SE-Conv-L2_FaceBased_R32.pth,E,19,32,95,68.654526,0,Eyes
SE-Conv-L2_FaceBased_R32.pth,E,20,32,111,61.679405,0,Background
SE-Conv-L2_FaceBased_R32.pth,E,21,32,146,57.72271,0,Nose
SE-Conv-L2_FaceBased_R32.pth,Full,1,32,0,0,0,Background
SE-Conv-L2_FaceBased_R32.pth,Full,2,32,77,21.15098,0,Eyes
SE-Conv-L2_FaceBased_R32.pth,Full,3,32,77,17.424381,0,Eyes
SE-Conv-L2_FaceBased_R32.pth,Full,4,32,77,17.424381,0,Eyes
SE-Conv-L2_FaceBased_R32.pth,Full,5,32,94,39.30872,0,Eyes
SE-Conv-L2_FaceBased_R32.pth,Full,6,32,94,43.016624,0,Eyes
SE-Conv-L2_FaceBased_R32.pth,Full,7,32,111,30.026674,0,Background
SE-Conv-L2_FaceBased_R32.pth,Full,8,32,94,17.66134,0,Eyes
SE-Conv-L2_FaceBased_R32.pth,Full,9,32,94,17.66134,0,Eyes
SE-Conv-L2_FaceBased_R32.pth,Full,10,32,129,25.020971,0,Nose
SE-Conv-L2_FaceBased_R32.pth,Full,11,32,129,29.45376,0,Nose
SE-Conv-L2_FaceBased_R32.pth,Full,12,32,0,0,0,Background
SE-Conv-L2_FaceBased_R32.pth,Full,13,32,129,32.0242,0,Nose
SE-Conv-L2_FaceBased_R32.pth,Full,14,32,146,37.20874,0,Nose
SE-Conv-L2_FaceBased_R32.pth,Full,15,32,146,74.86006,0,Nose
SE-Conv-L2_FaceBased_R32.pth,Full,16,32,129,49.70214,0,Nose
SE-Conv-L2_FaceBased_R32.pth,Full,17,32,129,17.661327,0,Nose
SE-Conv-L2_FaceBased_R32.pth,Full,18,32,60,61.25003,0,Background
SE-Conv-L2_FaceBased_R32.pth,Full,19,32,129,51.908737,0,Nose
SE-Conv-L2_FaceBased_R32.pth,Full,20,32,129,77.287964,0,Nose
SE-Conv-L2_FaceBased_R32.pth,Full,21,32,128,70.81534,0,Nose
SE-Conv-L2_FaceBased_R32.pth,M,1,32,77,67.28044,0,Eyes
SE-Conv-L2_FaceBased_R32.pth,M,2,32,77,78.85425,0,Eyes
SE-Conv-L2_FaceBased_R32.pth,M,3,32,77,77.914734,0,Eyes
SE-Conv-L2_FaceBased_R32.pth,M,4,32,77,82.42075,0,Eyes
SE-Conv-L2_FaceBased_R32.pth,M,5,32,77,82.536446,0,Eyes
SE-Conv-L2_FaceBased_R32.pth,M,6,32,215,17.234371,0,Background
SE-Conv-L2_FaceBased_R32.pth,M,7,32,215,17.234371,0,Background
SE-Conv-L2_FaceBased_R32.pth,M,8,32,77,81.24763,0,Eyes
SE-Conv-L2_FaceBased_R32.pth,M,9,32,77,56.948463,0,Eyes
SE-Conv-L2_FaceBased_R32.pth,M,10,32,0,0,0,Background
SE-Conv-L2_FaceBased_R32.pth,M,11,32,0,0,0,Background
SE-Conv-L2_FaceBased_R32.pth,M,12,32,0,0,0,Background
SE-Conv-L2_FaceBased_R32.pth,M,13,32,0,0,0,Background
SE-Conv-L2_FaceBased_R32.pth,M,14,32,77,74.00827,129,Eyes
SE-Conv-L2_FaceBased_R32.pth,M,15,32,77,41.043724,26,Eyes
SE-Conv-L2_FaceBased_R32.pth,M,16,32,77,43.294228,26,Eyes
SE-Conv-L2_FaceBased_R32.pth,M,17,32,77,74.61195,26,Eyes
SE-Conv-L2_FaceBased_R32.pth,M,18,32,60,98.95944,146,Background
SE-Conv-L2_FaceBased_R32.pth,M,19,32,77,105.010506,129,Eyes
SE-Conv-L2_FaceBased_R32.pth,M,20,32,77,90.10922,146,Eyes
SE-Conv-L2_FaceBased_R32.pth,M,21,32,77,87.8568,146,Eyes
SE-Conv-L2_FaceBased_R32.pth,N,1,32,95,67.28932,26,Eyes
SE-Conv-L2_FaceBased_R32.pth,N,2,32,111,58.954815,129,Background
SE-Conv-L2_FaceBased_R32.pth,N,3,32,95,73.59906,215,Eyes
SE-Conv-L2_FaceBased_R32.pth,N,4,32,95,50.62353,0,Eyes
SE-Conv-L2_FaceBased_R32.pth,N,5,32,111,50.084965,26,Background
SE-Conv-L2_FaceBased_R32.pth,N,6,32,95,99.830765,197,Eyes
SE-Conv-L2_FaceBased_R32.pth,N,7,32,95,79.65292,60,Eyes
SE-Conv-L2_FaceBased_R32.pth,N,8,32,128,70.889496,60,Nose
SE-Conv-L2_FaceBased_R32.pth,N,9,32,129,89.9927,77,Nose
SE-Conv-L2_FaceBased_R32.pth,N,10,32,129,66.43107,26,Nose
SE-Conv-L2_FaceBased_R32.pth,N,11,32,129,51.90507,26,Nose
SE-Conv-L2_FaceBased_R32.pth,N,12,32,129,86.63288,197,Nose
SE-Conv-L2_FaceBased_R32.pth,N,13,32,129,105.0728,77,Nose
SE-Conv-L2_FaceBased_R32.pth,N,14,32,129,78.21962,26,Nose
SE-Conv-L2_FaceBased_R32.pth,N,15,32,129,100.144226,43,Nose
SE-Conv-L2_FaceBased_R32.pth,N,16,32,0,17.234371,26,Background
SE-Conv-L2_FaceBased_R32.pth,N,17,32,215,17.234375,26,Background
SE-Conv-L2_FaceBased_R32.pth,N,18,32,0,17.234371,26,Background
SE-Conv-L2_FaceBased_R32.pth,N,19,32,0,0,0,Background
SE-Conv-L2_FaceBased_R32.pth,N,20,32,0,17.234371,26,Background
SE-Conv-L2_FaceBased_R32.pth,N,21,32,215,66.64862,146,Background
SE-Conv-L2_FaceBased_R4.pth,E,1,4,146,90.29358,215,Nose
SE-Conv-L2_FaceBased_R4.pth,E,2,4,163,74.54497,215,Background
SE-Conv-L2_FaceBased_R4.pth,E,3,4,146,77.98935,215,Nose
SE-Conv-L2_FaceBased_R4.pth,E,4,4,146,78.91915,215,Nose
SE-Conv-L2_FaceBased_R4.pth,E,5,4,146,68.465195,215,Nose
SE-Conv-L2_FaceBased_R4.pth,E,6,4,163,85.3622,215,Background
SE-Conv-L2_FaceBased_R4.pth,E,7,4,163,91.90152,215,Background
SE-Conv-L2_FaceBased_R4.pth,E,8,4,0,78.9209,60,Background
SE-Conv-L2_FaceBased_R4.pth,E,9,4,0,104.59975,215,Background
SE-Conv-L2_FaceBased_R4.pth,E,10,4,25,98.73927,215,Background
SE-Conv-L2_FaceBased_R4.pth,E,11,4,42,85.10343,215,Background
SE-Conv-L2_FaceBased_R4.pth,E,12,4,42,88.90047,215,Background
SE-Conv-L2_FaceBased_R4.pth,E,13,4,42,76.861755,78,Background
SE-Conv-L2_FaceBased_R4.pth,E,14,4,0,78.59194,60,Background
SE-Conv-L2_FaceBased_R4.pth,E,15,4,0,90.94803,95,Background
SE-Conv-L2_FaceBased_R4.pth,E,16,4,0,58.287933,78,Background
SE-Conv-L2_FaceBased_R4.pth,E,17,4,0,49.21826,78,Background
SE-Conv-L2_FaceBased_R4.pth,E,18,4,163,17.66134,26,Background
SE-Conv-L2_FaceBased_R4.pth,E,19,4,146,17.66134,26,Nose
SE-Conv-L2_FaceBased_R4.pth,E,20,4,163,17.66134,0,Background
SE-Conv-L2_FaceBased_R4.pth,E,21,4,0,0,0,Background
SE-Conv-L2_FaceBased_R4.pth,Full,1,4,180,57.104145,60,Mouth
SE-Conv-L2_FaceBased_R4.pth,Full,2,4,180,78.970505,60,Mouth
SE-Conv-L2_FaceBased_R4.pth,Full,3,4,180,84.16487,95,Mouth
SE-Conv-L2_FaceBased_R4.pth,Full,4,4,180,74.17926,60,Mouth
SE-Conv-L2_FaceBased_R4.pth,Full,5,4,164,74.55952,78,Background
SE-Conv-L2_FaceBased_R4.pth,Full,6,4,180,66.25472,0,Mouth
SE-Conv-L2_FaceBased_R4.pth,Full,7,4,180,75.60159,111,Mouth
SE-Conv-L2_FaceBased_R4.pth,Full,8,4,146,84.07745,215,Nose
SE-Conv-L2_FaceBased_R4.pth,Full,9,4,180,73.763115,215,Mouth
SE-Conv-L2_FaceBased_R4.pth,Full,10,4,180,70.47431,215,Mouth
SE-Conv-L2_FaceBased_R4.pth,Full,11,4,180,71.35506,60,Mouth
SE-Conv-L2_FaceBased_R4.pth,Full,12,4,180,69.96413,60,Mouth
SE-Conv-L2_FaceBased_R4.pth,Full,13,4,180,82.34122,111,Mouth
SE-Conv-L2_FaceBased_R4.pth,Full,14,4,180,92.62303,111,Mouth
SE-Conv-L2_FaceBased_R4.pth,Full,15,4,180,105.04618,111,Mouth
SE-Conv-L2_FaceBased_R4.pth,Full,16,4,180,102.56867,128,Mouth
SE-Conv-L2_FaceBased_R4.pth,Full,17,4,164,97.0204,111,Background
SE-Conv-L2_FaceBased_R4.pth,Full,18,4,163,106.74016,60,Background
SE-Conv-L2_FaceBased_R4.pth,Full,19,4,163,113.76657,94,Background
SE-Conv-L2_FaceBased_R4.pth,Full,20,4,164,68.06404,215,Background
SE-Conv-L2_FaceBased_R4.pth,Full,21,4,163,89.86689,215,Background
SE-Conv-L2_FaceBased_R4.pth,M,1,4,94,72.48046,215,Eyes
SE-Conv-L2_FaceBased_R4.pth,M,2,4,77,73.61832,215,Eyes
SE-Conv-L2_FaceBased_R4.pth,M,3,4,77,73.097046,215,Eyes
SE-Conv-L2_FaceBased_R4.pth,M,4,4,94,64.19931,215,Eyes
SE-Conv-L2_FaceBased_R4.pth,M,5,4,94,75.79233,215,Eyes
SE-Conv-L2_FaceBased_R4.pth,M,6,4,94,65.22775,215,Eyes
SE-Conv-L2_FaceBased_R4.pth,M,7,4,94,70.20193,215,Eyes
SE-Conv-L2_FaceBased_R4.pth,M,8,4,77,64.38312,129,Eyes
SE-Conv-L2_FaceBased_R4.pth,M,9,4,94,53.71541,128,Eyes
SE-Conv-L2_FaceBased_R4.pth,M,10,4,77,74.77524,215,Eyes
SE-Conv-L2_FaceBased_R4.pth,M,11,4,0,74.14163,112,Background
SE-Conv-L2_FaceBased_R4.pth,M,12,4,0,78.996315,215,Background
SE-Conv-L2_FaceBased_R4.pth,M,13,4,0,92.90852,77,Background
SE-Conv-L2_FaceBased_R4.pth,M,14,4,146,82.91593,60,Nose
SE-Conv-L2_FaceBased_R4.pth,M,15,4,0,56.808086,60,Background
SE-Conv-L2_FaceBased_R4.pth,M,16,4,163,77.994644,112,Background
SE-Conv-L2_FaceBased_R4.pth,M,17,4,94,74.04433,215,Eyes
SE-Conv-L2_FaceBased_R4.pth,M,18,4,94,80.35468,215,Eyes
SE-Conv-L2_FaceBased_R4.pth,M,19,4,94,81.670044,215,Eyes
SE-Conv-L2_FaceBased_R4.pth,M,20,4,77,74.54495,215,Eyes
SE-Conv-L2_FaceBased_R4.pth,M,21,4,0,74.074814,215,Background
SE-Conv-L2_FaceBased_R4.pth,N,1,4,60,17.424377,0,Background
SE-Conv-L2_FaceBased_R4.pth,N,2,4,0,0,0,Background
SE-Conv-L2_FaceBased_R4.pth,N,3,4,43,53.49894,78,Background
SE-Conv-L2_FaceBased_R4.pth,N,4,4,42,86.973816,95,Background
SE-Conv-L2_FaceBased_R4.pth,N,5,4,42,63.52144,78,Background
SE-Conv-L2_FaceBased_R4.pth,N,6,4,43,34.33638,0,Background
SE-Conv-L2_FaceBased_R4.pth,N,7,4,26,74.01078,78,Background
SE-Conv-L2_FaceBased_R4.pth,N,8,4,26,99.75346,111,Background
SE-Conv-L2_FaceBased_R4.pth,N,9,4,0,68.39584,94,Background
SE-Conv-L2_FaceBased_R4.pth,N,10,4,0,72.095245,78,Background
SE-Conv-L2_FaceBased_R4.pth,N,11,4,0,99.276436,94,Background
SE-Conv-L2_FaceBased_R4.pth,N,12,4,0,86.81485,94,Background
SE-Conv-L2_FaceBased_R4.pth,N,13,4,0,70.68971,78,Background
SE-Conv-L2_FaceBased_R4.pth,N,14,4,0,130.18391,94,Background
SE-Conv-L2_FaceBased_R4.pth,N,15,4,0,104.4476,215,Background
SE-Conv-L2_FaceBased_R4.pth,N,16,4,25,108.34155,94,Background
SE-Conv-L2_FaceBased_R4.pth,N,17,4,0,113.69109,215,Background
SE-Conv-L2_FaceBased_R4.pth,N,18,4,25,102.86894,215,Background
SE-Conv-L2_FaceBased_R4.pth,N,19,4,59,76.57735,215,Background
SE-Conv-L2_FaceBased_R4.pth,N,20,4,112,39.650932,78,Background
SE-Conv-L2_FaceBased_R4.pth,N,21,4,42,57.638,180,Background
SE-Conv-L2_FaceBased_R8.pth,E,1,8,77,120.85515,181,Eyes
SE-Conv-L2_FaceBased_R8.pth,E,2,8,77,97.54822,181,Eyes
SE-Conv-L2_FaceBased_R8.pth,E,3,8,77,134.49821,180,Eyes
SE-Conv-L2_FaceBased_R8.pth,E,4,8,215,110.76855,181,Background
SE-Conv-L2_FaceBased_R8.pth,E,5,8,77,113.42413,164,Eyes
SE-Conv-L2_FaceBased_R8.pth,E,6,8,77,95.50113,180,Eyes
SE-Conv-L2_FaceBased_R8.pth,E,7,8,43,111.46721,0,Background
SE-Conv-L2_FaceBased_R8.pth,E,8,8,146,69.51771,181,Nose
SE-Conv-L2_FaceBased_R8.pth,E,9,8,42,104.19731,129,Background
SE-Conv-L2_FaceBased_R8.pth,E,10,8,43,88.30307,0,Background
SE-Conv-L2_FaceBased_R8.pth,E,11,8,60,83.14084,0,Background
SE-Conv-L2_FaceBased_R8.pth,E,12,8,59,87.1106,0,Background
SE-Conv-L2_FaceBased_R8.pth,E,13,8,43,76.41047,0,Background
SE-Conv-L2_FaceBased_R8.pth,E,14,8,60,90.38852,0,Background
SE-Conv-L2_FaceBased_R8.pth,E,15,8,60,52.38056,0,Background
SE-Conv-L2_FaceBased_R8.pth,E,16,8,60,59.969563,0,Background
SE-Conv-L2_FaceBased_R8.pth,E,17,8,215,126.60385,0,Background
SE-Conv-L2_FaceBased_R8.pth,E,18,8,215,131.84299,0,Background
SE-Conv-L2_FaceBased_R8.pth,E,19,8,163,76.59008,0,Background
SE-Conv-L2_FaceBased_R8.pth,E,20,8,146,91.08686,0,Nose
SE-Conv-L2_FaceBased_R8.pth,E,21,8,146,72.642,0,Nose
SE-Conv-L2_FaceBased_R8.pth,Full,1,8,77,107.90325,0,Eyes
SE-Conv-L2_FaceBased_R8.pth,Full,2,8,77,105.2245,0,Eyes
SE-Conv-L2_FaceBased_R8.pth,Full,3,8,77,108.41432,0,Eyes
SE-Conv-L2_FaceBased_R8.pth,Full,4,8,77,98.01548,0,Eyes
SE-Conv-L2_FaceBased_R8.pth,Full,5,8,77,93.52728,0,Eyes
SE-Conv-L2_FaceBased_R8.pth,Full,6,8,77,94.7662,0,Eyes
SE-Conv-L2_FaceBased_R8.pth,Full,7,8,60,78.56163,0,Background
SE-Conv-L2_FaceBased_R8.pth,Full,8,8,59,79.84298,146,Background
SE-Conv-L2_FaceBased_R8.pth,Full,9,8,60,83.13489,146,Background
SE-Conv-L2_FaceBased_R8.pth,Full,10,8,60,78.15839,146,Background
SE-Conv-L2_FaceBased_R8.pth,Full,11,8,60,74.826256,146,Background
SE-Conv-L2_FaceBased_R8.pth,Full,12,8,60,88.556335,146,Background
SE-Conv-L2_FaceBased_R8.pth,Full,13,8,60,87.4652,146,Background
SE-Conv-L2_FaceBased_R8.pth,Full,14,8,43,58.36315,0,Background
SE-Conv-L2_FaceBased_R8.pth,Full,15,8,163,47.1027,0,Background
SE-Conv-L2_FaceBased_R8.pth,Full,16,8,163,95.29501,0,Background
SE-Conv-L2_FaceBased_R8.pth,Full,17,8,163,17.424381,0,Background
SE-Conv-L2_FaceBased_R8.pth,Full,18,8,163,28.235552,0,Background
SE-Conv-L2_FaceBased_R8.pth,Full,19,8,163,82.99019,128,Background
SE-Conv-L2_FaceBased_R8.pth,Full,20,8,163,72.71463,0,Background
SE-Conv-L2_FaceBased_R8.pth,Full,21,8,163,86.45485,198,Background
SE-Conv-L2_FaceBased_R8.pth,M,1,8,25,60.585983,60,Background
SE-Conv-L2_FaceBased_R8.pth,M,2,8,77,44.25866,0,Eyes
SE-Conv-L2_FaceBased_R8.pth,M,3,8,77,43.939392,0,Eyes
SE-Conv-L2_FaceBased_R8.pth,M,4,8,77,64.47077,0,Eyes
SE-Conv-L2_FaceBased_R8.pth,M,5,8,77,38.050987,0,Eyes
SE-Conv-L2_FaceBased_R8.pth,M,6,8,77,38.23462,0,Eyes
SE-Conv-L2_FaceBased_R8.pth,M,7,8,77,29.82503,0,Eyes
SE-Conv-L2_FaceBased_R8.pth,M,8,8,94,57.43174,0,Eyes
SE-Conv-L2_FaceBased_R8.pth,M,9,8,94,85.56648,0,Eyes
SE-Conv-L2_FaceBased_R8.pth,M,10,8,94,86.81148,0,Eyes
SE-Conv-L2_FaceBased_R8.pth,M,11,8,94,72.19009,0,Eyes
SE-Conv-L2_FaceBased_R8.pth,M,12,8,77,48.5447,0,Eyes
SE-Conv-L2_FaceBased_R8.pth,M,13,8,77,70.382065,0,Eyes
SE-Conv-L2_FaceBased_R8.pth,M,14,8,77,40.931137,0,Eyes
SE-Conv-L2_FaceBased_R8.pth,M,15,8,77,23.926674,0,Eyes
SE-Conv-L2_FaceBased_R8.pth,M,16,8,42,26.419003,0,Background
SE-Conv-L2_FaceBased_R8.pth,M,17,8,60,46.950222,0,Background
SE-Conv-L2_FaceBased_R8.pth,M,18,8,43,48.544098,0,Background
SE-Conv-L2_FaceBased_R8.pth,M,19,8,77,61.604446,0,Eyes
SE-Conv-L2_FaceBased_R8.pth,M,20,8,60,73.69992,198,Background
SE-Conv-L2_FaceBased_R8.pth,M,21,8,60,78.496155,198,Background
SE-Conv-L2_FaceBased_R8.pth,N,1,8,215,102.206314,0,Background
SE-Conv-L2_FaceBased_R8.pth,N,2,8,77,75.211685,0,Eyes
SE-Conv-L2_FaceBased_R8.pth,N,3,8,60,51.51735,0,Background
SE-Conv-L2_FaceBased_R8.pth,N,4,8,215,60.593548,0,Background
SE-Conv-L2_FaceBased_R8.pth,N,5,8,215,117.961075,0,Background
SE-Conv-L2_FaceBased_R8.pth,N,6,8,215,162.651,0,Background
SE-Conv-L2_FaceBased_R8.pth,N,7,8,215,187.20723,0,Background
SE-Conv-L2_FaceBased_R8.pth,N,8,8,215,139.99756,0,Background
SE-Conv-L2_FaceBased_R8.pth,N,9,8,215,151.65057,0,Background
SE-Conv-L2_FaceBased_R8.pth,N,10,8,218,119.786064,0,Background
SE-Conv-L2_FaceBased_R8.pth,N,11,8,219,122.190506,0,Background
SE-Conv-L2_FaceBased_R8.pth,N,12,8,215,105.630775,0,Background
SE-Conv-L2_FaceBased_R8.pth,N,13,8,215,157.92746,0,Background
SE-Conv-L2_FaceBased_R8.pth,N,14,8,215,152.15948,0,Background
SE-Conv-L2_FaceBased_R8.pth,N,15,8,220,169.1235,0,Background
SE-Conv-L2_FaceBased_R8.pth,N,16,8,26,115.76717,112,Background
SE-Conv-L2_FaceBased_R8.pth,N,17,8,26,107.663315,128,Background
SE-Conv-L2_FaceBased_R8.pth,N,18,8,26,98.1496,215,Background
SE-Conv-L2_FaceBased_R8.pth,N,19,8,26,120.35899,129,Background
SE-Conv-L2_FaceBased_R8.pth,N,20,8,26,121.25467,217,Background
SE-Conv-L2_FaceBased_R8.pth,N,21,8,77,113.698105,215,Eyes
SE-Conv-L2_ObjectBased_R16.pth,E,1,16,94,96.18902,129,Eyes
SE-Conv-L2_ObjectBased_R16.pth,E,2,16,94,119.90413,146,Eyes
SE-Conv-L2_ObjectBased_R16.pth,E,3,16,94,85.266365,129,Eyes
SE-Conv-L2_ObjectBased_R16.pth,E,4,16,94,96.001335,129,Eyes
SE-Conv-L2_ObjectBased_R16.pth,E,5,16,94,81.34186,145,Eyes
SE-Conv-L2_ObjectBased_R16.pth,E,6,16,94,82.77086,129,Eyes
SE-Conv-L2_ObjectBased_R16.pth,E,7,16,94,85.141205,129,Eyes
SE-Conv-L2_ObjectBased_R16.pth,E,8,16,94,93.566605,129,Eyes
SE-Conv-L2_ObjectBased_R16.pth,E,9,16,94,80.2975,129,Eyes
SE-Conv-L2_ObjectBased_R16.pth,E,10,16,94,85.60899,146,Eyes
SE-Conv-L2_ObjectBased_R16.pth,E,11,16,94,80.9072,129,Eyes
SE-Conv-L2_ObjectBased_R16.pth,E,12,16,0,80.245285,146,Background
SE-Conv-L2_ObjectBased_R16.pth,E,13,16,94,94.201416,146,Eyes
SE-Conv-L2_ObjectBased_R16.pth,E,14,16,94,70.8158,129,Eyes
SE-Conv-L2_ObjectBased_R16.pth,E,15,16,0,79.37457,129,Background
SE-Conv-L2_ObjectBased_R16.pth,E,16,16,94,82.12088,129,Eyes
SE-Conv-L2_ObjectBased_R16.pth,E,17,16,94,66.18468,146,Eyes
SE-Conv-L2_ObjectBased_R16.pth,E,18,16,94,69.075554,146,Eyes
SE-Conv-L2_ObjectBased_R16.pth,E,19,16,94,72.169075,146,Eyes
SE-Conv-L2_ObjectBased_R16.pth,E,20,16,94,73.9134,26,Eyes
SE-Conv-L2_ObjectBased_R16.pth,E,21,16,111,54.971992,26,Background
SE-Conv-L2_ObjectBased_R16.pth,Full,1,16,198,148.5608,164,Mouth
SE-Conv-L2_ObjectBased_R16.pth,Full,2,16,198,125.40959,180,Mouth
SE-Conv-L2_ObjectBased_R16.pth,Full,3,16,0,85.72655,26,Background
SE-Conv-L2_ObjectBased_R16.pth,Full,4,16,215,63.355057,26,Background
SE-Conv-L2_ObjectBased_R16.pth,Full,5,16,60,56.868107,94,Background
SE-Conv-L2_ObjectBased_R16.pth,Full,6,16,60,42.54973,0,Background
SE-Conv-L2_ObjectBased_R16.pth,Full,7,16,0,98.01609,129,Background
SE-Conv-L2_ObjectBased_R16.pth,Full,8,16,215,69.496155,26,Background
SE-Conv-L2_ObjectBased_R16.pth,Full,9,16,0,136.38815,128,Background
SE-Conv-L2_ObjectBased_R16.pth,Full,10,16,215,135.49248,129,Background
SE-Conv-L2_ObjectBased_R16.pth,Full,11,16,0,137.02454,163,Background
SE-Conv-L2_ObjectBased_R16.pth,Full,12,16,215,62.70528,26,Background
SE-Conv-L2_ObjectBased_R16.pth,Full,13,16,215,109.77142,26,Background
SE-Conv-L2_ObjectBased_R16.pth,Full,14,16,215,99.88838,26,Background
SE-Conv-L2_ObjectBased_R16.pth,Full,15,16,215,105.069,129,Background
SE-Conv-L2_ObjectBased_R16.pth,Full,16,16,215,48.925495,26,Background
SE-Conv-L2_ObjectBased_R16.pth,Full,17,16,215,89.210434,26,Background
SE-Conv-L2_ObjectBased_R16.pth,Full,18,16,0,22.965668,26,Background
SE-Conv-L2_ObjectBased_R16.pth,Full,19,16,0,23.103588,26,Background
SE-Conv-L2_ObjectBased_R16.pth,Full,20,16,215,69.520256,146,Background
SE-Conv-L2_ObjectBased_R16.pth,Full,21,16,198,34.235825,26,Mouth
SE-Conv-L2_ObjectBased_R16.pth,M,1,16,198,17.277397,0,Mouth
SE-Conv-L2_ObjectBased_R16.pth,M,2,16,198,18.449768,0,Mouth
SE-Conv-L2_ObjectBased_R16.pth,M,3,16,25,39.32383,0,Background
SE-Conv-L2_ObjectBased_R16.pth,M,4,16,198,22.643059,0,Mouth
SE-Conv-L2_ObjectBased_R16.pth,M,5,16,25,37.826584,0,Background
SE-Conv-L2_ObjectBased_R16.pth,M,6,16,215,43.222496,0,Background
SE-Conv-L2_ObjectBased_R16.pth,M,7,16,215,47.888344,0,Background
SE-Conv-L2_ObjectBased_R16.pth,M,8,16,215,50.929955,0,Background
SE-Conv-L2_ObjectBased_R16.pth,M,9,16,215,108.914024,0,Background
SE-Conv-L2_ObjectBased_R16.pth,M,10,16,0,0,0,Background
SE-Conv-L2_ObjectBased_R16.pth,M,11,16,215,66.12552,0,Background
SE-Conv-L2_ObjectBased_R16.pth,M,12,16,215,78.40004,0,Background
SE-Conv-L2_ObjectBased_R16.pth,M,13,16,215,76.85161,0,Background
SE-Conv-L2_ObjectBased_R16.pth,M,14,16,215,102.62798,26,Background
SE-Conv-L2_ObjectBased_R16.pth,M,15,16,215,95.21175,26,Background
SE-Conv-L2_ObjectBased_R16.pth,M,16,16,215,83.058136,26,Background
SE-Conv-L2_ObjectBased_R16.pth,M,17,16,215,82.046936,0,Background
SE-Conv-L2_ObjectBased_R16.pth,M,18,16,198,50.150826,0,Mouth
SE-Conv-L2_ObjectBased_R16.pth,M,19,16,198,19.863796,0,Mouth
SE-Conv-L2_ObjectBased_R16.pth,M,20,16,198,18.247019,0,Mouth
SE-Conv-L2_ObjectBased_R16.pth,M,21,16,198,17.277397,0,Mouth
SE-Conv-L2_ObjectBased_R16.pth,N,1,16,198,89.45459,77,Mouth
SE-Conv-L2_ObjectBased_R16.pth,N,2,16,198,97.97508,77,Mouth
SE-Conv-L2_ObjectBased_R16.pth,N,3,16,198,117.22979,77,Mouth
SE-Conv-L2_ObjectBased_R16.pth,N,4,16,146,59.834557,0,Nose
SE-Conv-L2_ObjectBased_R16.pth,N,5,16,146,61.632812,0,Nose
SE-Conv-L2_ObjectBased_R16.pth,N,6,16,146,43.599915,0,Nose
SE-Conv-L2_ObjectBased_R16.pth,N,7,16,146,36.76847,26,Nose
SE-Conv-L2_ObjectBased_R16.pth,N,8,16,129,60.287563,26,Nose
SE-Conv-L2_ObjectBased_R16.pth,N,9,16,146,50.58004,26,Nose
SE-Conv-L2_ObjectBased_R16.pth,N,10,16,128,71.2563,181,Nose
SE-Conv-L2_ObjectBased_R16.pth,N,11,16,129,86.20694,60,Nose
SE-Conv-L2_ObjectBased_R16.pth,N,12,16,112,88.84127,181,Background
SE-Conv-L2_ObjectBased_R16.pth,N,13,16,129,78.44439,197,Nose
SE-Conv-L2_ObjectBased_R16.pth,N,14,16,129,80.96527,181,Nose
SE-Conv-L2_ObjectBased_R16.pth,N,15,16,129,117.89167,77,Nose
SE-Conv-L2_ObjectBased_R16.pth,N,16,16,0,142.8382,77,Background
SE-Conv-L2_ObjectBased_R16.pth,N,17,16,129,92.03769,60,Nose
SE-Conv-L2_ObjectBased_R16.pth,N,18,16,112,77.30853,26,Background
SE-Conv-L2_ObjectBased_R16.pth,N,19,16,163,113.46511,77,Background
SE-Conv-L2_ObjectBased_R16.pth,N,20,16,129,65.8779,181,Nose
SE-Conv-L2_ObjectBased_R16.pth,N,21,16,112,80.05852,26,Background
SE-Conv-L2_ObjectBased_R2.pth,E,1,2,129,41.325977,0,Nose
SE-Conv-L2_ObjectBased_R2.pth,E,2,2,129,38.901474,0,Nose
SE-Conv-L2_ObjectBased_R2.pth,E,3,2,129,42.27796,0,Nose
SE-Conv-L2_ObjectBased_R2.pth,E,4,2,129,48.284065,0,Nose
SE-Conv-L2_ObjectBased_R2.pth,E,5,2,163,42.168358,0,Background
SE-Conv-L2_ObjectBased_R2.pth,E,6,2,129,47.96127,60,Nose
SE-Conv-L2_ObjectBased_R2.pth,E,7,2,146,37.151367,0,Nose
SE-Conv-L2_ObjectBased_R2.pth,E,8,2,163,43.39638,0,Background
SE-Conv-L2_ObjectBased_R2.pth,E,9,2,42,49.05773,78,Background
SE-Conv-L2_ObjectBased_R2.pth,E,10,2,42,55.592262,78,Background
SE-Conv-L2_ObjectBased_R2.pth,E,11,2,129,54.875435,60,Nose
SE-Conv-L2_ObjectBased_R2.pth,E,12,2,26,66.278076,78,Background
SE-Conv-L2_ObjectBased_R2.pth,E,13,2,42,71.2999,94,Background
SE-Conv-L2_ObjectBased_R2.pth,E,14,2,42,65.90102,94,Background
SE-Conv-L2_ObjectBased_R2.pth,E,15,2,59,65.08686,180,Background
SE-Conv-L2_ObjectBased_R2.pth,E,16,2,43,88.98736,181,Background
SE-Conv-L2_ObjectBased_R2.pth,E,17,2,146,78.96293,77,Nose
SE-Conv-L2_ObjectBased_R2.pth,E,18,2,146,107.12561,77,Nose
SE-Conv-L2_ObjectBased_R2.pth,E,19,2,146,91.910385,94,Nose
SE-Conv-L2_ObjectBased_R2.pth,E,20,2,146,104.524796,77,Nose
SE-Conv-L2_ObjectBased_R2.pth,E,21,2,146,92.35686,43,Nose
SE-Conv-L2_ObjectBased_R2.pth,Full,1,2,59,94.88509,95,Background
SE-Conv-L2_ObjectBased_R2.pth,Full,2,2,59,77.547455,95,Background
SE-Conv-L2_ObjectBased_R2.pth,Full,3,2,164,48.508446,0,Background
SE-Conv-L2_ObjectBased_R2.pth,Full,4,2,26,64.64927,94,Background
SE-Conv-L2_ObjectBased_R2.pth,Full,5,2,163,50.184,0,Background
SE-Conv-L2_ObjectBased_R2.pth,Full,6,2,146,52.31208,0,Nose
SE-Conv-L2_ObjectBased_R2.pth,Full,7,2,146,64.49432,0,Nose
SE-Conv-L2_ObjectBased_R2.pth,Full,8,2,146,62.71443,0,Nose
SE-Conv-L2_ObjectBased_R2.pth,Full,9,2,163,53.869705,94,Background
SE-Conv-L2_ObjectBased_R2.pth,Full,10,2,43,75.27231,0,Background
SE-Conv-L2_ObjectBased_R2.pth,Full,11,2,146,65.69369,0,Nose
SE-Conv-L2_ObjectBased_R2.pth,Full,12,2,163,67.13074,0,Background
SE-Conv-L2_ObjectBased_R2.pth,Full,13,2,59,79.41853,95,Background
SE-Conv-L2_ObjectBased_R2.pth,Full,14,2,146,48.931313,0,Nose
SE-Conv-L2_ObjectBased_R2.pth,Full,15,2,146,54.155426,0,Nose
SE-Conv-L2_ObjectBased_R2.pth,Full,16,2,60,90.4566,0,Background
SE-Conv-L2_ObjectBased_R2.pth,Full,17,2,26,53.738045,112,Background
SE-Conv-L2_ObjectBased_R2.pth,Full,18,2,60,41.904278,0,Background
SE-Conv-L2_ObjectBased_R2.pth,Full,19,2,43,77.75735,198,Background
SE-Conv-L2_ObjectBased_R2.pth,Full,20,2,60,72.81723,198,Background
SE-Conv-L2_ObjectBased_R2.pth,Full,21,2,146,52.18619,198,Nose
SE-Conv-L2_ObjectBased_R2.pth,M,1,2,42,128.4047,181,Background
SE-Conv-L2_ObjectBased_R2.pth,M,2,2,42,140.48584,112,Background
SE-Conv-L2_ObjectBased_R2.pth,M,3,2,42,142.56294,112,Background
SE-Conv-L2_ObjectBased_R2.pth,M,4,2,42,119.44763,181,Background
SE-Conv-L2_ObjectBased_R2.pth,M,5,2,42,118.354,146,Background
SE-Conv-L2_ObjectBased_R2.pth,M,6,2,181,48.167496,0,Mouth
SE-Conv-L2_ObjectBased_R2.pth,M,7,2,181,52.460175,0,Mouth
SE-Conv-L2_ObjectBased_R2.pth,M,8,2,181,48.05507,0,Mouth
SE-Conv-L2_ObjectBased_R2.pth,M,9,2,197,45.75456,0,Mouth
SE-Conv-L2_ObjectBased_R2.pth,M,10,2,181,48.70658,0,Mouth
SE-Conv-L2_ObjectBased_R2.pth,M,11,2,197,53.56247,0,Mouth
SE-Conv-L2_ObjectBased_R2.pth,M,12,2,181,50.88505,0,Mouth
SE-Conv-L2_ObjectBased_R2.pth,M,13,2,181,54.271736,0,Mouth
SE-Conv-L2_ObjectBased_R2.pth,M,14,2,181,55.811256,0,Mouth
SE-Conv-L2_ObjectBased_R2.pth,M,15,2,181,50.00096,0,Mouth
SE-Conv-L2_ObjectBased_R2.pth,M,16,2,181,46.69912,0,Mouth
SE-Conv-L2_ObjectBased_R2.pth,M,17,2,198,34.99883,0,Mouth
SE-Conv-L2_ObjectBased_R2.pth,M,18,2,197,43.217583,0,Mouth
SE-Conv-L2_ObjectBased_R2.pth,M,19,2,181,48.402596,0,Mouth
SE-Conv-L2_ObjectBased_R2.pth,M,20,2,94,91.98463,181,Eyes
SE-Conv-L2_ObjectBased_R2.pth,M,21,2,94,106.01637,181,Eyes
SE-Conv-L2_ObjectBased_R2.pth,N,1,2,164,37.656826,0,Background
SE-Conv-L2_ObjectBased_R2.pth,N,2,2,164,41.13298,0,Background
SE-Conv-L2_ObjectBased_R2.pth,N,3,2,163,47.25521,0,Background
SE-Conv-L2_ObjectBased_R2.pth,N,4,2,163,56.51877,0,Background
SE-Conv-L2_ObjectBased_R2.pth,N,5,2,146,87.88687,0,Nose
SE-Conv-L2_ObjectBased_R2.pth,N,6,2,146,70.485214,0,Nose
SE-Conv-L2_ObjectBased_R2.pth,N,7,2,146,72.50496,0,Nose
SE-Conv-L2_ObjectBased_R2.pth,N,8,2,146,60.894073,0,Nose
SE-Conv-L2_ObjectBased_R2.pth,N,9,2,163,54.149002,0,Background
SE-Conv-L2_ObjectBased_R2.pth,N,10,2,163,50.099075,0,Background
SE-Conv-L2_ObjectBased_R2.pth,N,11,2,163,46.110676,0,Background
SE-Conv-L2_ObjectBased_R2.pth,N,12,2,163,28.560074,0,Background
SE-Conv-L2_ObjectBased_R2.pth,N,13,2,60,31.535585,0,Background
SE-Conv-L2_ObjectBased_R2.pth,N,14,2,60,24.978193,0,Background
SE-Conv-L2_ObjectBased_R2.pth,N,15,2,60,28.130173,0,Background
SE-Conv-L2_ObjectBased_R2.pth,N,16,2,43,79.77292,0,Background
SE-Conv-L2_ObjectBased_R2.pth,N,17,2,43,82.85865,78,Background
SE-Conv-L2_ObjectBased_R2.pth,N,18,2,60,56.6139,0,Background
SE-Conv-L2_ObjectBased_R2.pth,N,19,2,146,54.82276,0,Nose
SE-Conv-L2_ObjectBased_R2.pth,N,20,2,146,70.60415,0,Nose
SE-Conv-L2_ObjectBased_R2.pth,N,21,2,146,69.23625,0,Nose
SE-Conv-L2_ObjectBased_R32.pth,E,1,32,146,45.284958,43,Nose
SE-Conv-L2_ObjectBased_R32.pth,E,2,32,0,57.45386,60,Background
SE-Conv-L2_ObjectBased_R32.pth,E,3,32,146,52.97997,43,Nose
SE-Conv-L2_ObjectBased_R32.pth,E,4,32,0,51.13333,26,Background
SE-Conv-L2_ObjectBased_R32.pth,E,5,32,146,46.90242,26,Nose
SE-Conv-L2_ObjectBased_R32.pth,E,6,32,0,113.64241,60,Background
SE-Conv-L2_ObjectBased_R32.pth,E,7,32,0,105.2513,77,Background
SE-Conv-L2_ObjectBased_R32.pth,E,8,32,0,124.78766,77,Background
SE-Conv-L2_ObjectBased_R32.pth,E,9,32,0,153.55139,60,Background
SE-Conv-L2_ObjectBased_R32.pth,E,10,32,0,144.92311,60,Background
SE-Conv-L2_ObjectBased_R32.pth,E,11,32,0,129.25197,60,Background
SE-Conv-L2_ObjectBased_R32.pth,E,12,32,0,60.514015,43,Background
SE-Conv-L2_ObjectBased_R32.pth,E,13,32,0,65.341995,43,Background
SE-Conv-L2_ObjectBased_R32.pth,E,14,32,0,37.746536,26,Background
SE-Conv-L2_ObjectBased_R32.pth,E,15,32,0,50.23058,26,Background
SE-Conv-L2_ObjectBased_R32.pth,E,16,32,0,44.00943,26,Background
SE-Conv-L2_ObjectBased_R32.pth,E,17,32,163,47.11703,26,Background
SE-Conv-L2_ObjectBased_R32.pth,E,18,32,0,37.12535,26,Background
SE-Conv-L2_ObjectBased_R32.pth,E,19,32,163,36.62244,26,Background
SE-Conv-L2_ObjectBased_R32.pth,E,20,32,129,23.60656,0,Nose
SE-Conv-L2_ObjectBased_R32.pth,E,21,32,0,36.966427,26,Background
SE-Conv-L2_ObjectBased_R32.pth,Full,1,32,0,41.82459,26,Background
SE-Conv-L2_ObjectBased_R32.pth,Full,2,32,215,65.28587,26,Background
SE-Conv-L2_ObjectBased_R32.pth,Full,3,32,0,123.16078,77,Background
SE-Conv-L2_ObjectBased_R32.pth,Full,4,32,0,115.70232,60,Background
SE-Conv-L2_ObjectBased_R32.pth,Full,5,32,198,88.42502,60,Mouth
SE-Conv-L2_ObjectBased_R32.pth,Full,6,32,0,92.57492,60,Background
SE-Conv-L2_ObjectBased_R32.pth,Full,7,32,198,41.855415,26,Mouth
SE-Conv-L2_ObjectBased_R32.pth,Full,8,32,0,66.43096,26,Background
SE-Conv-L2_ObjectBased_R32.pth,Full,9,32,0,30.521149,26,Background
SE-Conv-L2_ObjectBased_R32.pth,Full,10,32,0,116.3887,60,Background
SE-Conv-L2_ObjectBased_R32.pth,Full,11,32,0,50.016212,26,Background
SE-Conv-L2_ObjectBased_R32.pth,Full,12,32,0,58.384087,26,Background
SE-Conv-L2_ObjectBased_R32.pth,Full,13,32,0,46.937065,26,Background
SE-Conv-L2_ObjectBased_R32.pth,Full,14,32,180,77.384636,26,Mouth
SE-Conv-L2_ObjectBased_R32.pth,Full,15,32,215,58.789917,26,Background
SE-Conv-L2_ObjectBased_R32.pth,Full,16,32,0,97.96749,26,Background
SE-Conv-L2_ObjectBased_R32.pth,Full,17,32,215,71.209564,26,Background
SE-Conv-L2_ObjectBased_R32.pth,Full,18,32,0,40.93573,26,Background
SE-Conv-L2_ObjectBased_R32.pth,Full,19,32,0,38.843,26,Background
SE-Conv-L2_ObjectBased_R32.pth,Full,20,32,0,65.280975,26,Background
SE-Conv-L2_ObjectBased_R32.pth,Full,21,32,0,108.85738,26,Background
SE-Conv-L2_ObjectBased_R32.pth,M,1,32,215,60.56737,60,Background
SE-Conv-L2_ObjectBased_R32.pth,M,2,32,219,65.30144,78,Background
SE-Conv-L2_ObjectBased_R32.pth,M,3,32,215,72.69614,26,Background
SE-Conv-L2_ObjectBased_R32.pth,M,4,32,0,95.764046,26,Background
SE-Conv-L2_ObjectBased_R32.pth,M,5,32,215,78.12904,26,Background
SE-Conv-L2_ObjectBased_R32.pth,M,6,32,0,85.61306,77,Background
SE-Conv-L2_ObjectBased_R32.pth,M,7,32,0,81.38493,77,Background
SE-Conv-L2_ObjectBased_R32.pth,M,8,32,215,34.73294,60,Background
SE-Conv-L2_ObjectBased_R32.pth,M,9,32,215,40.937065,26,Background
SE-Conv-L2_ObjectBased_R32.pth,M,10,32,215,91.39319,26,Background
SE-Conv-L2_ObjectBased_R32.pth,M,11,32,218,82.47047,95,Background
SE-Conv-L2_ObjectBased_R32.pth,M,12,32,0,58.817226,95,Background
SE-Conv-L2_ObjectBased_R32.pth,M,13,32,215,49.59196,78,Background
SE-Conv-L2_ObjectBased_R32.pth,M,14,32,0,30.601667,78,Background
SE-Conv-L2_ObjectBased_R32.pth,M,15,32,215,97.182014,111,Background
SE-Conv-L2_ObjectBased_R32.pth,M,16,32,215,80.13806,78,Background
SE-Conv-L2_ObjectBased_R32.pth,M,17,32,215,83.94358,95,Background
SE-Conv-L2_ObjectBased_R32.pth,M,18,32,215,67.42877,60,Background
SE-Conv-L2_ObjectBased_R32.pth,M,19,32,0,58.77449,95,Background
SE-Conv-L2_ObjectBased_R32.pth,M,20,32,0,97.2714,112,Background
SE-Conv-L2_ObjectBased_R32.pth,M,21,32,0,131.36432,112,Background
SE-Conv-L2_ObjectBased_R32.pth,N,1,32,0,53.013012,60,Background
SE-Conv-L2_ObjectBased_R32.pth,N,2,32,0,60.533722,60,Background
SE-Conv-L2_ObjectBased_R32.pth,N,3,32,94,51.132782,215,Eyes
SE-Conv-L2_ObjectBased_R32.pth,N,4,32,94,57.16018,215,Eyes
SE-Conv-L2_ObjectBased_R32.pth,N,5,32,94,55.216965,215,Eyes
SE-Conv-L2_ObjectBased_R32.pth,N,6,32,94,72.1939,59,Eyes
SE-Conv-L2_ObjectBased_R32.pth,N,7,32,94,79.669876,215,Eyes
SE-Conv-L2_ObjectBased_R32.pth,N,8,32,94,86.00017,218,Eyes
SE-Conv-L2_ObjectBased_R32.pth,N,9,32,94,79.90723,146,Eyes
SE-Conv-L2_ObjectBased_R32.pth,N,10,32,0,100.967865,146,Background
SE-Conv-L2_ObjectBased_R32.pth,N,11,32,94,91.6388,215,Eyes
SE-Conv-L2_ObjectBased_R32.pth,N,12,32,0,81.07921,146,Background
SE-Conv-L2_ObjectBased_R32.pth,N,13,32,0,86.9386,129,Background
SE-Conv-L2_ObjectBased_R32.pth,N,14,32,0,68.81687,26,Background
SE-Conv-L2_ObjectBased_R32.pth,N,15,32,0,104.019745,129,Background
SE-Conv-L2_ObjectBased_R32.pth,N,16,32,0,97.08722,129,Background
SE-Conv-L2_ObjectBased_R32.pth,N,17,32,0,83.07924,129,Background
SE-Conv-L2_ObjectBased_R32.pth,N,18,32,94,50.805073,26,Eyes
SE-Conv-L2_ObjectBased_R32.pth,N,19,32,94,55.68484,26,Eyes
SE-Conv-L2_ObjectBased_R32.pth,N,20,32,0,87.393906,129,Background
SE-Conv-L2_ObjectBased_R32.pth,N,21,32,0,108.24054,129,Background
SE-Conv-L2_ObjectBased_R4.pth,E,1,4,25,77.80295,129,Background
SE-Conv-L2_ObjectBased_R4.pth,E,2,4,26,90.658356,129,Background
SE-Conv-L2_ObjectBased_R4.pth,E,3,4,26,129.88033,77,Background
SE-Conv-L2_ObjectBased_R4.pth,E,4,4,25,171.5227,112,Background
SE-Conv-L2_ObjectBased_R4.pth,E,5,4,25,108.03482,112,Background
SE-Conv-L2_ObjectBased_R4.pth,E,6,4,25,92.77536,77,Background
SE-Conv-L2_ObjectBased_R4.pth,E,7,4,0,92.143425,129,Background
SE-Conv-L2_ObjectBased_R4.pth,E,8,4,218,38.208843,43,Background
SE-Conv-L2_ObjectBased_R4.pth,E,9,4,0,94.581375,146,Background
SE-Conv-L2_ObjectBased_R4.pth,E,10,4,0,119.559425,111,Background
SE-Conv-L2_ObjectBased_R4.pth,E,11,4,215,79.433365,146,Background
SE-Conv-L2_ObjectBased_R4.pth,E,12,4,198,49.013363,26,Mouth
SE-Conv-L2_ObjectBased_R4.pth,E,13,4,215,75.21182,129,Background
SE-Conv-L2_ObjectBased_R4.pth,E,14,4,215,75.078926,43,Background
SE-Conv-L2_ObjectBased_R4.pth,E,15,4,0,88.72011,94,Background
SE-Conv-L2_ObjectBased_R4.pth,E,16,4,0,59.673485,95,Background
SE-Conv-L2_ObjectBased_R4.pth,E,17,4,0,0,0,Background
SE-Conv-L2_ObjectBased_R4.pth,E,18,4,215,37.30134,0,Background
SE-Conv-L2_ObjectBased_R4.pth,E,19,4,215,115.20805,42,Background
SE-Conv-L2_ObjectBased_R4.pth,E,20,4,221,74.66665,26,Background
SE-Conv-L2_ObjectBased_R4.pth,E,21,4,215,90.76976,112,Background
SE-Conv-L2_ObjectBased_R4.pth,Full,1,4,0,123.81111,77,Background
SE-Conv-L2_ObjectBased_R4.pth,Full,2,4,0,95.42555,26,Background
SE-Conv-L2_ObjectBased_R4.pth,Full,3,4,0,95.45697,60,Background
SE-Conv-L2_ObjectBased_R4.pth,Full,4,4,198,104.7298,60,Mouth
SE-Conv-L2_ObjectBased_R4.pth,Full,5,4,198,122.52291,60,Mouth
SE-Conv-L2_ObjectBased_R4.pth,Full,6,4,0,121.91796,60,Background
SE-Conv-L2_ObjectBased_R4.pth,Full,7,4,197,101.48003,60,Mouth
SE-Conv-L2_ObjectBased_R4.pth,Full,8,4,0,136.04156,111,Background
SE-Conv-L2_ObjectBased_R4.pth,Full,9,4,0,101.40523,60,Background
SE-Conv-L2_ObjectBased_R4.pth,Full,10,4,0,109.31759,60,Background
SE-Conv-L2_ObjectBased_R4.pth,Full,11,4,181,60.349873,43,Mouth
SE-Conv-L2_ObjectBased_R4.pth,Full,12,4,0,91.32518,60,Background
SE-Conv-L2_ObjectBased_R4.pth,Full,13,4,181,55.75275,43,Mouth
SE-Conv-L2_ObjectBased_R4.pth,Full,14,4,181,62.102287,60,Mouth
SE-Conv-L2_ObjectBased_R4.pth,Full,15,4,180,52.734207,215,Mouth
SE-Conv-L2_ObjectBased_R4.pth,Full,16,4,94,51.171818,215,Eyes
SE-Conv-L2_ObjectBased_R4.pth,Full,17,4,180,48.2048,26,Mouth
SE-Conv-L2_ObjectBased_R4.pth,Full,18,4,95,44.97799,43,Eyes
SE-Conv-L2_ObjectBased_R4.pth,Full,19,4,0,39.362186,26,Background
SE-Conv-L2_ObjectBased_R4.pth,Full,20,4,0,105.977234,60,Background
SE-Conv-L2_ObjectBased_R4.pth,Full,21,4,0,111.1185,26,Background
SE-Conv-L2_ObjectBased_R4.pth,M,1,4,0,98.655396,197,Background
SE-Conv-L2_ObjectBased_R4.pth,M,2,4,0,121.16219,60,Background
SE-Conv-L2_ObjectBased_R4.pth,M,3,4,181,32.71382,0,Mouth
SE-Conv-L2_ObjectBased_R4.pth,M,4,4,146,22.323357,0,Nose
SE-Conv-L2_ObjectBased_R4.pth,M,5,4,146,25.06354,0,Nose
SE-Conv-L2_ObjectBased_R4.pth,M,6,4,198,28.737396,0,Mouth
SE-Conv-L2_ObjectBased_R4.pth,M,7,4,197,48.7191,26,Mouth
SE-Conv-L2_ObjectBased_R4.pth,M,8,4,146,55.659782,43,Nose
SE-Conv-L2_ObjectBased_R4.pth,M,9,4,198,40.617966,0,Mouth
SE-Conv-L2_ObjectBased_R4.pth,M,10,4,0,46.79189,43,Background
SE-Conv-L2_ObjectBased_R4.pth,M,11,4,0,67.99776,215,Background
SE-Conv-L2_ObjectBased_R4.pth,M,12,4,146,63.399704,164,Nose
SE-Conv-L2_ObjectBased_R4.pth,M,13,4,146,68.41879,215,Nose
SE-Conv-L2_ObjectBased_R4.pth,M,14,4,146,52.039444,78,Nose
SE-Conv-L2_ObjectBased_R4.pth,M,15,4,146,62.69674,94,Nose
SE-Conv-L2_ObjectBased_R4.pth,M,16,4,146,69.81059,25,Nose
SE-Conv-L2_ObjectBased_R4.pth,M,17,4,60,73.66571,215,Background
SE-Conv-L2_ObjectBased_R4.pth,M,18,4,163,72.626595,95,Background
SE-Conv-L2_ObjectBased_R4.pth,M,19,4,60,61.64671,215,Background
SE-Conv-L2_ObjectBased_R4.pth,M,20,4,0,83.48557,43,Background
SE-Conv-L2_ObjectBased_R4.pth,M,21,4,0,146.75641,59,Background
SE-Conv-L2_ObjectBased_R4.pth,N,1,4,77,89.99243,129,Eyes
SE-Conv-L2_ObjectBased_R4.pth,N,2,4,94,88.71372,129,Eyes
SE-Conv-L2_ObjectBased_R4.pth,N,3,4,77,88.25491,0,Eyes
SE-Conv-L2_ObjectBased_R4.pth,N,4,4,77,99.3844,129,Eyes
SE-Conv-L2_ObjectBased_R4.pth,N,5,4,77,93.55813,129,Eyes
SE-Conv-L2_ObjectBased_R4.pth,N,6,4,77,91.7017,129,Eyes
SE-Conv-L2_ObjectBased_R4.pth,N,7,4,94,107.410736,129,Eyes
SE-Conv-L2_ObjectBased_R4.pth,N,8,4,78,104.23839,129,Eyes
SE-Conv-L2_ObjectBased_R4.pth,N,9,4,77,101.2277,129,Eyes
SE-Conv-L2_ObjectBased_R4.pth,N,10,4,77,98.01372,0,Eyes
SE-Conv-L2_ObjectBased_R4.pth,N,11,4,77,99.72066,26,Eyes
SE-Conv-L2_ObjectBased_R4.pth,N,12,4,77,95.19604,129,Eyes
SE-Conv-L2_ObjectBased_R4.pth,N,13,4,60,94.06845,129,Background
SE-Conv-L2_ObjectBased_R4.pth,N,14,4,60,84.9275,129,Background
SE-Conv-L2_ObjectBased_R4.pth,N,15,4,77,107.28876,217,Eyes
SE-Conv-L2_ObjectBased_R4.pth,N,16,4,77,87.55749,146,Eyes
SE-Conv-L2_ObjectBased_R4.pth,N,17,4,94,74.47048,146,Eyes
SE-Conv-L2_ObjectBased_R4.pth,N,18,4,60,79.2186,146,Background
SE-Conv-L2_ObjectBased_R4.pth,N,19,4,60,107.261116,146,Background
SE-Conv-L2_ObjectBased_R4.pth,N,20,4,77,88.58449,129,Eyes
SE-Conv-L2_ObjectBased_R4.pth,N,21,4,60,93.06415,215,Background
SE-Conv-L2_ObjectBased_R8.pth,E,1,8,146,53.05905,0,Nose
SE-Conv-L2_ObjectBased_R8.pth,E,2,8,146,47.819187,0,Nose
SE-Conv-L2_ObjectBased_R8.pth,E,3,8,146,51.106796,0,Nose
SE-Conv-L2_ObjectBased_R8.pth,E,4,8,146,50.786777,0,Nose
SE-Conv-L2_ObjectBased_R8.pth,E,5,8,146,51.846474,0,Nose
SE-Conv-L2_ObjectBased_R8.pth,E,6,8,215,72.0582,180,Background
SE-Conv-L2_ObjectBased_R8.pth,E,7,8,215,103.29149,59,Background
SE-Conv-L2_ObjectBased_R8.pth,E,8,8,215,86.467064,164,Background
SE-Conv-L2_ObjectBased_R8.pth,E,9,8,215,111.14549,0,Background
SE-Conv-L2_ObjectBased_R8.pth,E,10,8,215,129.5137,77,Background
SE-Conv-L2_ObjectBased_R8.pth,E,11,8,215,103.18007,77,Background
SE-Conv-L2_ObjectBased_R8.pth,E,12,8,215,87.21854,0,Background
SE-Conv-L2_ObjectBased_R8.pth,E,13,8,215,86.97466,0,Background
SE-Conv-L2_ObjectBased_R8.pth,E,14,8,215,57.970554,0,Background
SE-Conv-L2_ObjectBased_R8.pth,E,15,8,215,34.461884,0,Background
SE-Conv-L2_ObjectBased_R8.pth,E,16,8,215,47.397583,0,Background
SE-Conv-L2_ObjectBased_R8.pth,E,17,8,215,51.270096,0,Background
SE-Conv-L2_ObjectBased_R8.pth,E,18,8,215,57.94923,0,Background
SE-Conv-L2_ObjectBased_R8.pth,E,19,8,146,63.487152,77,Nose
SE-Conv-L2_ObjectBased_R8.pth,E,20,8,146,80.57028,0,Nose
SE-Conv-L2_ObjectBased_R8.pth,E,21,8,215,41.735424,0,Background
SE-Conv-L2_ObjectBased_R8.pth,Full,1,8,180,17.424377,0,Mouth
SE-Conv-L2_ObjectBased_R8.pth,Full,2,8,60,31.506603,0,Background
SE-Conv-L2_ObjectBased_R8.pth,Full,3,8,60,52.35705,0,Background
SE-Conv-L2_ObjectBased_R8.pth,Full,4,8,60,57.65576,0,Background
SE-Conv-L2_ObjectBased_R8.pth,Full,5,8,60,66.08763,0,Background
SE-Conv-L2_ObjectBased_R8.pth,Full,6,8,181,34.786957,0,Mouth
SE-Conv-L2_ObjectBased_R8.pth,Full,7,8,60,45.037006,0,Background
SE-Conv-L2_ObjectBased_R8.pth,Full,8,8,0,125.81599,94,Background
SE-Conv-L2_ObjectBased_R8.pth,Full,9,8,180,29.942062,0,Mouth
SE-Conv-L2_ObjectBased_R8.pth,Full,10,8,215,117.29376,77,Background
SE-Conv-L2_ObjectBased_R8.pth,Full,11,8,111,92.180466,77,Background
SE-Conv-L2_ObjectBased_R8.pth,Full,12,8,215,112.29825,77,Background
SE-Conv-L2_ObjectBased_R8.pth,Full,13,8,215,119.94592,94,Background
SE-Conv-L2_ObjectBased_R8.pth,Full,14,8,215,117.39644,26,Background
SE-Conv-L2_ObjectBased_R8.pth,Full,15,8,198,146.41754,77,Mouth
SE-Conv-L2_ObjectBased_R8.pth,Full,16,8,215,126.64002,94,Background
SE-Conv-L2_ObjectBased_R8.pth,Full,17,8,215,89.5367,26,Background
SE-Conv-L2_ObjectBased_R8.pth,Full,18,8,215,112.50885,77,Background
SE-Conv-L2_ObjectBased_R8.pth,Full,19,8,215,141.6575,94,Background
SE-Conv-L2_ObjectBased_R8.pth,Full,20,8,77,17.742523,0,Eyes
SE-Conv-L2_ObjectBased_R8.pth,Full,21,8,77,83.74756,112,Eyes
SE-Conv-L2_ObjectBased_R8.pth,M,1,8,95,83.0143,0,Eyes
SE-Conv-L2_ObjectBased_R8.pth,M,2,8,112,59.722343,0,Background
SE-Conv-L2_ObjectBased_R8.pth,M,3,8,215,48.6315,0,Background
SE-Conv-L2_ObjectBased_R8.pth,M,4,8,128,62.0203,0,Nose
SE-Conv-L2_ObjectBased_R8.pth,M,5,8,94,98.74621,0,Eyes
SE-Conv-L2_ObjectBased_R8.pth,M,6,8,112,43.031086,0,Background
SE-Conv-L2_ObjectBased_R8.pth,M,7,8,60,54.64626,0,Background
SE-Conv-L2_ObjectBased_R8.pth,M,8,8,94,38.388348,0,Eyes
SE-Conv-L2_ObjectBased_R8.pth,M,9,8,60,24.815674,0,Background
SE-Conv-L2_ObjectBased_R8.pth,M,10,8,95,52.575233,0,Eyes
SE-Conv-L2_ObjectBased_R8.pth,M,11,8,94,47.903133,0,Eyes
SE-Conv-L2_ObjectBased_R8.pth,M,12,8,60,41.744102,0,Background
SE-Conv-L2_ObjectBased_R8.pth,M,13,8,94,17.742523,0,Eyes
SE-Conv-L2_ObjectBased_R8.pth,M,14,8,94,17.742523,0,Eyes
SE-Conv-L2_ObjectBased_R8.pth,M,15,8,94,17.742523,0,Eyes
SE-Conv-L2_ObjectBased_R8.pth,M,16,8,77,17.74953,0,Eyes
SE-Conv-L2_ObjectBased_R8.pth,M,17,8,112,17.676075,0,Background
SE-Conv-L2_ObjectBased_R8.pth,M,18,8,94,34.265324,0,Eyes
SE-Conv-L2_ObjectBased_R8.pth,M,19,8,94,17.742523,0,Eyes
SE-Conv-L2_ObjectBased_R8.pth,M,20,8,94,47.743904,0,Eyes
SE-Conv-L2_ObjectBased_R8.pth,M,21,8,128,23.479322,0,Nose
SE-Conv-L2_ObjectBased_R8.pth,N,1,8,128,29.675547,0,Nose
SE-Conv-L2_ObjectBased_R8.pth,N,2,8,94,33.978027,0,Eyes
SE-Conv-L2_ObjectBased_R8.pth,N,3,8,128,25.517078,0,Nose
SE-Conv-L2_ObjectBased_R8.pth,N,4,8,77,47.636734,0,Eyes
SE-Conv-L2_ObjectBased_R8.pth,N,5,8,111,50.48816,0,Background
SE-Conv-L2_ObjectBased_R8.pth,N,6,8,112,58.154778,0,Background
SE-Conv-L2_ObjectBased_R8.pth,N,7,8,112,43.607796,0,Background
SE-Conv-L2_ObjectBased_R8.pth,N,8,8,112,56.197334,0,Background
SE-Conv-L2_ObjectBased_R8.pth,N,9,8,112,58.61536,0,Background
SE-Conv-L2_ObjectBased_R8.pth,N,10,8,128,58.063705,0,Nose
SE-Conv-L2_ObjectBased_R8.pth,N,11,8,128,69.82851,0,Nose
SE-Conv-L2_ObjectBased_R8.pth,N,12,8,77,66.7773,0,Eyes
SE-Conv-L2_ObjectBased_R8.pth,N,13,8,112,57.125057,0,Background
SE-Conv-L2_ObjectBased_R8.pth,N,14,8,112,59.134388,0,Background
SE-Conv-L2_ObjectBased_R8.pth,N,15,8,77,78.92227,25,Eyes
SE-Conv-L2_ObjectBased_R8.pth,N,16,8,94,54.73219,0,Eyes
SE-Conv-L2_ObjectBased_R8.pth,N,17,8,77,64.43624,0,Eyes
SE-Conv-L2_ObjectBased_R8.pth,N,18,8,77,74.07028,0,Eyes
SE-Conv-L2_ObjectBased_R8.pth,N,19,8,77,66.129196,0,Eyes
SE-Conv-L2_ObjectBased_R8.pth,N,20,8,77,82.035034,0,Eyes
SE-Conv-L2_ObjectBased_R8.pth,N,21,8,128,37.841396,0,Nose
SE-Conv-L3_FaceBased_R16.pth,E,1,16,60,17.424377,0,Background
SE-Conv-L3_FaceBased_R16.pth,E,2,16,60,29.925653,215,Background
SE-Conv-L3_FaceBased_R16.pth,E,3,16,112,67.12625,215,Background
SE-Conv-L3_FaceBased_R16.pth,E,4,16,112,90.96971,215,Background
SE-Conv-L3_FaceBased_R16.pth,E,5,16,0,76.538536,215,Background
SE-Conv-L3_FaceBased_R16.pth,E,6,16,0,40.565517,215,Background
SE-Conv-L3_FaceBased_R16.pth,E,7,16,0,32.781452,198,Background
SE-Conv-L3_FaceBased_R16.pth,E,8,16,0,17.234371,26,Background
SE-Conv-L3_FaceBased_R16.pth,E,9,16,0,17.234371,26,Background
SE-Conv-L3_FaceBased_R16.pth,E,10,16,0,17.234371,26,Background
SE-Conv-L3_FaceBased_R16.pth,E,11,16,0,17.234371,26,Background
SE-Conv-L3_FaceBased_R16.pth,E,12,16,0,0,0,Background
SE-Conv-L3_FaceBased_R16.pth,E,13,16,0,0,0,Background
SE-Conv-L3_FaceBased_R16.pth,E,14,16,0,0,0,Background
SE-Conv-L3_FaceBased_R16.pth,E,15,16,60,25.86842,26,Background
SE-Conv-L3_FaceBased_R16.pth,E,16,16,198,22.626736,215,Mouth
SE-Conv-L3_FaceBased_R16.pth,E,17,16,0,0,0,Background
SE-Conv-L3_FaceBased_R16.pth,E,18,16,0,0,0,Background
SE-Conv-L3_FaceBased_R16.pth,E,19,16,43,73.463776,0,Background
SE-Conv-L3_FaceBased_R16.pth,E,20,16,215,89.04909,181,Background
SE-Conv-L3_FaceBased_R16.pth,E,21,16,77,69.54251,0,Eyes
SE-Conv-L3_FaceBased_R16.pth,Full,1,16,163,17.424381,0,Background
SE-Conv-L3_FaceBased_R16.pth,Full,2,16,198,17.742523,0,Mouth
SE-Conv-L3_FaceBased_R16.pth,Full,3,16,129,17.234375,0,Nose
SE-Conv-L3_FaceBased_R16.pth,Full,4,16,0,0,0,Background
SE-Conv-L3_FaceBased_R16.pth,Full,5,16,129,17.234375,0,Nose
SE-Conv-L3_FaceBased_R16.pth,Full,6,16,129,17.349989,0,Nose
SE-Conv-L3_FaceBased_R16.pth,Full,7,16,163,17.234371,0,Background
SE-Conv-L3_FaceBased_R16.pth,Full,8,16,198,33.492332,26,Mouth
SE-Conv-L3_FaceBased_R16.pth,Full,9,16,129,29.747402,26,Nose
SE-Conv-L3_FaceBased_R16.pth,Full,10,16,198,28.001884,26,Mouth
SE-Conv-L3_FaceBased_R16.pth,Full,11,16,198,39.125076,26,Mouth
SE-Conv-L3_FaceBased_R16.pth,Full,12,16,129,17.234375,0,Nose
SE-Conv-L3_FaceBased_R16.pth,Full,13,16,0,0,0,Background
SE-Conv-L3_FaceBased_R16.pth,Full,14,16,0,0,0,Background
SE-Conv-L3_FaceBased_R16.pth,Full,15,16,0,0,0,Background
SE-Conv-L3_FaceBased_R16.pth,Full,16,16,163,17.424381,0,Background
SE-Conv-L3_FaceBased_R16.pth,Full,17,16,163,63.168068,26,Background
SE-Conv-L3_FaceBased_R16.pth,Full,18,16,146,70.04649,43,Nose
SE-Conv-L3_FaceBased_R16.pth,Full,19,16,0,0,0,Background
SE-Conv-L3_FaceBased_R16.pth,Full,20,16,163,80.99773,26,Background
SE-Conv-L3_FaceBased_R16.pth,Full,21,16,146,34.40623,0,Nose
SE-Conv-L3_FaceBased_R16.pth,M,1,16,0,0,0,Background
SE-Conv-L3_FaceBased_R16.pth,M,2,16,0,0,0,Background
SE-Conv-L3_FaceBased_R16.pth,M,3,16,0,0,0,Background
SE-Conv-L3_FaceBased_R16.pth,M,4,16,0,0,0,Background
SE-Conv-L3_FaceBased_R16.pth,M,5,16,0,0,0,Background
SE-Conv-L3_FaceBased_R16.pth,M,6,16,43,25.764668,0,Background
SE-Conv-L3_FaceBased_R16.pth,M,7,16,129,17.234375,0,Nose
SE-Conv-L3_FaceBased_R16.pth,M,8,16,43,33.29128,0,Background
SE-Conv-L3_FaceBased_R16.pth,M,9,16,43,29.831758,0,Background
SE-Conv-L3_FaceBased_R16.pth,M,10,16,129,22.875713,0,Nose
SE-Conv-L3_FaceBased_R16.pth,M,11,16,129,38.121826,0,Nose
SE-Conv-L3_FaceBased_R16.pth,M,12,16,146,49.3257,0,Nose
SE-Conv-L3_FaceBased_R16.pth,M,13,16,0,0,0,Background
SE-Conv-L3_FaceBased_R16.pth,M,14,16,0,0,0,Background
SE-Conv-L3_FaceBased_R16.pth,M,15,16,0,0,0,Background
SE-Conv-L3_FaceBased_R16.pth,M,16,16,0,0,0,Background
SE-Conv-L3_FaceBased_R16.pth,M,17,16,0,0,0,Background
SE-Conv-L3_FaceBased_R16.pth,M,18,16,0,0,0,Background
SE-Conv-L3_FaceBased_R16.pth,M,19,16,146,17.66134,0,Nose
SE-Conv-L3_FaceBased_R16.pth,M,20,16,129,40.513313,0,Nose
SE-Conv-L3_FaceBased_R16.pth,M,21,16,42,49.2153,0,Background
SE-Conv-L3_FaceBased_R16.pth,N,1,16,43,31.901031,0,Background
SE-Conv-L3_FaceBased_R16.pth,N,2,16,43,26.752296,0,Background
SE-Conv-L3_FaceBased_R16.pth,N,3,16,43,27.676926,0,Background
SE-Conv-L3_FaceBased_R16.pth,N,4,16,181,48.12503,0,Mouth
SE-Conv-L3_FaceBased_R16.pth,N,5,16,181,52.509064,0,Mouth
SE-Conv-L3_FaceBased_R16.pth,N,6,16,60,45.9417,0,Background
SE-Conv-L3_FaceBased_R16.pth,N,7,16,181,33.411636,0,Mouth
SE-Conv-L3_FaceBased_R16.pth,N,8,16,43,30.1396,0,Background
SE-Conv-L3_FaceBased_R16.pth,N,9,16,180,20.5593,0,Mouth
SE-Conv-L3_FaceBased_R16.pth,N,10,16,43,35.733498,0,Background
SE-Conv-L3_FaceBased_R16.pth,N,11,16,43,27.998692,0,Background
SE-Conv-L3_FaceBased_R16.pth,N,12,16,180,37.22186,0,Mouth
SE-Conv-L3_FaceBased_R16.pth,N,13,16,43,36.61797,0,Background
SE-Conv-L3_FaceBased_R16.pth,N,14,16,43,32.409595,0,Background
SE-Conv-L3_FaceBased_R16.pth,N,15,16,180,31.772308,0,Mouth
SE-Conv-L3_FaceBased_R16.pth,N,16,16,180,34.75449,0,Mouth
SE-Conv-L3_FaceBased_R16.pth,N,17,16,181,46.48197,78,Mouth
SE-Conv-L3_FaceBased_R16.pth,N,18,16,180,44.779495,95,Mouth
SE-Conv-L3_FaceBased_R16.pth,N,19,16,180,30.390701,0,Mouth
SE-Conv-L3_FaceBased_R16.pth,N,20,16,180,30.824497,95,Mouth
SE-Conv-L3_FaceBased_R16.pth,N,21,16,181,33.085075,25,Mouth
SE-Conv-L3_FaceBased_R2.pth,E,1,2,112,58.636234,0,Background
SE-Conv-L3_FaceBased_R2.pth,E,2,2,112,33.59549,0,Background
SE-Conv-L3_FaceBased_R2.pth,E,3,2,112,26.44449,0,Background
SE-Conv-L3_FaceBased_R2.pth,E,4,2,112,39.079105,0,Background
SE-Conv-L3_FaceBased_R2.pth,E,5,2,112,28.003271,0,Background
SE-Conv-L3_FaceBased_R2.pth,E,6,2,112,38.254486,0,Background
SE-Conv-L3_FaceBased_R2.pth,E,7,2,128,56.049778,0,Nose
SE-Conv-L3_FaceBased_R2.pth,E,8,2,112,48.605618,0,Background
SE-Conv-L3_FaceBased_R2.pth,E,9,2,60,52.547924,0,Background
SE-Conv-L3_FaceBased_R2.pth,E,10,2,60,42.67661,0,Background
SE-Conv-L3_FaceBased_R2.pth,E,11,2,129,48.080696,0,Nose
SE-Conv-L3_FaceBased_R2.pth,E,12,2,128,27.116508,0,Nose
SE-Conv-L3_FaceBased_R2.pth,E,13,2,128,48.022003,0,Nose
SE-Conv-L3_FaceBased_R2.pth,E,14,2,59,55.691277,0,Background
SE-Conv-L3_FaceBased_R2.pth,E,15,2,111,34.190987,0,Background
SE-Conv-L3_FaceBased_R2.pth,E,16,2,215,43.395462,0,Background
SE-Conv-L3_FaceBased_R2.pth,E,17,2,60,31.450611,0,Background
SE-Conv-L3_FaceBased_R2.pth,E,18,2,43,29.246527,0,Background
SE-Conv-L3_FaceBased_R2.pth,E,19,2,111,73.890465,164,Background
SE-Conv-L3_FaceBased_R2.pth,E,20,2,198,99.7186,180,Mouth
SE-Conv-L3_FaceBased_R2.pth,E,21,2,111,93.5572,180,Background
SE-Conv-L3_FaceBased_R2.pth,Full,1,2,94,83.281876,0,Eyes
SE-Conv-L3_FaceBased_R2.pth,Full,2,2,94,71.90883,0,Eyes
SE-Conv-L3_FaceBased_R2.pth,Full,3,2,94,64.35947,0,Eyes
SE-Conv-L3_FaceBased_R2.pth,Full,4,2,215,36.75867,0,Background
SE-Conv-L3_FaceBased_R2.pth,Full,5,2,94,81.64968,0,Eyes
SE-Conv-L3_FaceBased_R2.pth,Full,6,2,215,26.681477,0,Background
SE-Conv-L3_FaceBased_R2.pth,Full,7,2,94,75.45323,0,Eyes
SE-Conv-L3_FaceBased_R2.pth,Full,8,2,94,61.865417,26,Eyes
SE-Conv-L3_FaceBased_R2.pth,Full,9,2,215,37.02136,60,Background
SE-Conv-L3_FaceBased_R2.pth,Full,10,2,215,18.388105,0,Background
SE-Conv-L3_FaceBased_R2.pth,Full,11,2,215,31.926365,26,Background
SE-Conv-L3_FaceBased_R2.pth,Full,12,2,215,56.931374,60,Background
SE-Conv-L3_FaceBased_R2.pth,Full,13,2,215,77.34894,78,Background
SE-Conv-L3_FaceBased_R2.pth,Full,14,2,215,45.785603,95,Background
SE-Conv-L3_FaceBased_R2.pth,Full,15,2,43,74.64293,180,Background
SE-Conv-L3_FaceBased_R2.pth,Full,16,2,43,33.43885,181,Background
SE-Conv-L3_FaceBased_R2.pth,Full,17,2,129,19.206673,26,Nose
SE-Conv-L3_FaceBased_R2.pth,Full,18,2,112,35.70718,26,Background
SE-Conv-L3_FaceBased_R2.pth,Full,19,2,111,38.33424,26,Background
SE-Conv-L3_FaceBased_R2.pth,Full,20,2,111,64.57607,180,Background
SE-Conv-L3_FaceBased_R2.pth,Full,21,2,111,78.66475,180,Background
SE-Conv-L3_FaceBased_R2.pth,M,1,2,112,51.778843,60,Background
SE-Conv-L3_FaceBased_R2.pth,M,2,2,129,43.121426,60,Nose
SE-Conv-L3_FaceBased_R2.pth,M,3,2,42,75.34676,77,Background
SE-Conv-L3_FaceBased_R2.pth,M,4,2,42,70.33482,77,Background
SE-Conv-L3_FaceBased_R2.pth,M,5,2,42,102.85341,111,Background
SE-Conv-L3_FaceBased_R2.pth,M,6,2,42,107.997215,78,Background
SE-Conv-L3_FaceBased_R2.pth,M,7,2,42,129.53616,77,Background
SE-Conv-L3_FaceBased_R2.pth,M,8,2,42,124.55509,78,Background
SE-Conv-L3_FaceBased_R2.pth,M,9,2,42,117.353775,77,Background
SE-Conv-L3_FaceBased_R2.pth,M,10,2,43,104.5998,0,Background
SE-Conv-L3_FaceBased_R2.pth,M,11,2,43,97.01154,0,Background
SE-Conv-L3_FaceBased_R2.pth,M,12,2,43,102.72325,0,Background
SE-Conv-L3_FaceBased_R2.pth,M,13,2,59,101.52273,0,Background
SE-Conv-L3_FaceBased_R2.pth,M,14,2,43,105.4086,146,Background
SE-Conv-L3_FaceBased_R2.pth,M,15,2,43,102.31666,0,Background
SE-Conv-L3_FaceBased_R2.pth,M,16,2,59,97.169395,146,Background
SE-Conv-L3_FaceBased_R2.pth,M,17,2,43,93.88144,146,Background
SE-Conv-L3_FaceBased_R2.pth,M,18,2,59,94.66654,163,Background
SE-Conv-L3_FaceBased_R2.pth,M,19,2,43,82.281555,164,Background
SE-Conv-L3_FaceBased_R2.pth,M,20,2,43,66.680176,164,Background
SE-Conv-L3_FaceBased_R2.pth,M,21,2,43,75.00673,197,Background
SE-Conv-L3_FaceBased_R2.pth,N,1,2,215,17.998808,0,Background
SE-Conv-L3_FaceBased_R2.pth,N,2,2,215,17.234371,0,Background
SE-Conv-L3_FaceBased_R2.pth,N,3,2,215,50.20616,0,Background
SE-Conv-L3_FaceBased_R2.pth,N,4,2,215,57.585793,0,Background
SE-Conv-L3_FaceBased_R2.pth,N,5,2,215,21.207106,0,Background
SE-Conv-L3_FaceBased_R2.pth,N,6,2,43,29.855068,0,Background
SE-Conv-L3_FaceBased_R2.pth,N,7,2,215,53.698616,0,Background
SE-Conv-L3_FaceBased_R2.pth,N,8,2,43,27.523432,0,Background
SE-Conv-L3_FaceBased_R2.pth,N,9,2,43,32.146904,0,Background
SE-Conv-L3_FaceBased_R2.pth,N,10,2,42,68.544716,0,Background
SE-Conv-L3_FaceBased_R2.pth,N,11,2,42,67.908264,0,Background
SE-Conv-L3_FaceBased_R2.pth,N,12,2,42,90.18258,78,Background
SE-Conv-L3_FaceBased_R2.pth,N,13,2,42,64.987854,0,Background
SE-Conv-L3_FaceBased_R2.pth,N,14,2,42,66.49649,0,Background
SE-Conv-L3_FaceBased_R2.pth,N,15,2,42,102.55496,0,Background
SE-Conv-L3_FaceBased_R2.pth,N,16,2,215,83.251366,0,Background
SE-Conv-L3_FaceBased_R2.pth,N,17,2,215,85.38002,60,Background
SE-Conv-L3_FaceBased_R2.pth,N,18,2,215,94.819534,0,Background
SE-Conv-L3_FaceBased_R2.pth,N,19,2,215,112.818726,0,Background
SE-Conv-L3_FaceBased_R2.pth,N,20,2,215,86.00642,60,Background
SE-Conv-L3_FaceBased_R2.pth,N,21,2,164,55.364395,0,Background
SE-Conv-L3_FaceBased_R32.pth,E,1,32,180,76.25084,0,Mouth
SE-Conv-L3_FaceBased_R32.pth,E,2,32,42,93.32811,0,Background
SE-Conv-L3_FaceBased_R32.pth,E,3,32,43,59.56864,0,Background
SE-Conv-L3_FaceBased_R32.pth,E,4,32,42,63.102127,0,Background
SE-Conv-L3_FaceBased_R32.pth,E,5,32,42,104.26337,163,Background
SE-Conv-L3_FaceBased_R32.pth,E,6,32,42,103.77284,0,Background
SE-Conv-L3_FaceBased_R32.pth,E,7,32,26,124.67417,146,Background
SE-Conv-L3_FaceBased_R32.pth,E,8,32,26,89.96097,0,Background
SE-Conv-L3_FaceBased_R32.pth,E,9,32,26,102.49371,0,Background
SE-Conv-L3_FaceBased_R32.pth,E,10,32,111,76.9332,0,Background
SE-Conv-L3_FaceBased_R32.pth,E,11,32,26,104.14723,0,Background
SE-Conv-L3_FaceBased_R32.pth,E,12,32,26,108.79716,0,Background
SE-Conv-L3_FaceBased_R32.pth,E,13,32,43,100.34586,0,Background
SE-Conv-L3_FaceBased_R32.pth,E,14,32,181,74.61066,0,Mouth
SE-Conv-L3_FaceBased_R32.pth,E,15,32,164,79.3031,0,Background
SE-Conv-L3_FaceBased_R32.pth,E,16,32,163,89.57472,0,Background
SE-Conv-L3_FaceBased_R32.pth,E,17,32,180,88.37316,0,Mouth
SE-Conv-L3_FaceBased_R32.pth,E,18,32,163,85.266914,25,Background
SE-Conv-L3_FaceBased_R32.pth,E,19,32,163,93.68653,95,Background
SE-Conv-L3_FaceBased_R32.pth,E,20,32,163,89.049065,60,Background
SE-Conv-L3_FaceBased_R32.pth,E,21,32,164,85.64592,215,Background
SE-Conv-L3_FaceBased_R32.pth,Full,1,32,129,46.132473,197,Nose
SE-Conv-L3_FaceBased_R32.pth,Full,2,32,112,54.642708,0,Background
SE-Conv-L3_FaceBased_R32.pth,Full,3,32,215,49.31465,0,Background
SE-Conv-L3_FaceBased_R32.pth,Full,4,32,77,17.661327,0,Eyes
SE-Conv-L3_FaceBased_R32.pth,Full,5,32,60,96.767715,0,Background
SE-Conv-L3_FaceBased_R32.pth,Full,6,32,60,105.18166,0,Background
SE-Conv-L3_FaceBased_R32.pth,Full,7,32,60,86.356125,0,Background
SE-Conv-L3_FaceBased_R32.pth,Full,8,32,60,58.64307,0,Background
SE-Conv-L3_FaceBased_R32.pth,Full,9,32,60,103.939445,0,Background
SE-Conv-L3_FaceBased_R32.pth,Full,10,32,60,109.44087,0,Background
SE-Conv-L3_FaceBased_R32.pth,Full,11,32,0,0,0,Background
SE-Conv-L3_FaceBased_R32.pth,Full,12,32,0,0,0,Background
SE-Conv-L3_FaceBased_R32.pth,Full,13,32,0,0,0,Background
SE-Conv-L3_FaceBased_R32.pth,Full,14,32,0,0,0,Background
SE-Conv-L3_FaceBased_R32.pth,Full,15,32,0,0,0,Background
SE-Conv-L3_FaceBased_R32.pth,Full,16,32,0,0,0,Background
SE-Conv-L3_FaceBased_R32.pth,Full,17,32,0,0,0,Background
SE-Conv-L3_FaceBased_R32.pth,Full,18,32,0,0,0,Background
SE-Conv-L3_FaceBased_R32.pth,Full,19,32,0,0,0,Background
SE-Conv-L3_FaceBased_R32.pth,Full,20,32,0,0,0,Background
SE-Conv-L3_FaceBased_R32.pth,Full,21,32,0,0,0,Background
SE-Conv-L3_FaceBased_R32.pth,M,1,32,95,61.622746,0,Eyes
SE-Conv-L3_FaceBased_R32.pth,M,2,32,94,84.40314,0,Eyes
SE-Conv-L3_FaceBased_R32.pth,M,3,32,94,90.73164,0,Eyes
SE-Conv-L3_FaceBased_R32.pth,M,4,32,94,94.80116,0,Eyes
SE-Conv-L3_FaceBased_R32.pth,M,5,32,94,103.66188,0,Eyes
SE-Conv-L3_FaceBased_R32.pth,M,6,32,94,102.29823,0,Eyes
SE-Conv-L3_FaceBased_R32.pth,M,7,32,94,97.225555,0,Eyes
SE-Conv-L3_FaceBased_R32.pth,M,8,32,94,103.28515,0,Eyes
SE-Conv-L3_FaceBased_R32.pth,M,9,32,94,90.76786,0,Eyes
SE-Conv-L3_FaceBased_R32.pth,M,10,32,59,76.12424,0,Background
SE-Conv-L3_FaceBased_R32.pth,M,11,32,60,83.8904,0,Background
SE-Conv-L3_FaceBased_R32.pth,M,12,32,60,82.48995,0,Background
SE-Conv-L3_FaceBased_R32.pth,M,13,32,60,72.41391,0,Background
SE-Conv-L3_FaceBased_R32.pth,M,14,32,59,70.069046,0,Background
SE-Conv-L3_FaceBased_R32.pth,M,15,32,94,88.288345,0,Eyes
SE-Conv-L3_FaceBased_R32.pth,M,16,32,94,85.909966,0,Eyes
SE-Conv-L3_FaceBased_R32.pth,M,17,32,94,89.24081,0,Eyes
SE-Conv-L3_FaceBased_R32.pth,M,18,32,94,112.20157,0,Eyes
SE-Conv-L3_FaceBased_R32.pth,M,19,32,94,114.01919,0,Eyes
SE-Conv-L3_FaceBased_R32.pth,M,20,32,60,78.81308,0,Background
SE-Conv-L3_FaceBased_R32.pth,M,21,32,59,49.722927,0,Background
SE-Conv-L3_FaceBased_R32.pth,N,1,32,60,89.771545,0,Background
SE-Conv-L3_FaceBased_R32.pth,N,2,32,60,89.60141,0,Background
SE-Conv-L3_FaceBased_R32.pth,N,3,32,60,87.644516,0,Background
SE-Conv-L3_FaceBased_R32.pth,N,4,32,60,99.863,0,Background
SE-Conv-L3_FaceBased_R32.pth,N,5,32,60,91.0627,0,Background
SE-Conv-L3_FaceBased_R32.pth,N,6,32,60,94.23105,0,Background
SE-Conv-L3_FaceBased_R32.pth,N,7,32,60,89.670555,0,Background
SE-Conv-L3_FaceBased_R32.pth,N,8,32,60,77.74034,0,Background
SE-Conv-L3_FaceBased_R32.pth,N,9,32,60,83.036545,0,Background
SE-Conv-L3_FaceBased_R32.pth,N,10,32,60,65.51812,0,Background
SE-Conv-L3_FaceBased_R32.pth,N,11,32,60,68.999054,0,Background
SE-Conv-L3_FaceBased_R32.pth,N,12,32,60,69.28633,0,Background
SE-Conv-L3_FaceBased_R32.pth,N,13,32,60,64.87461,0,Background
SE-Conv-L3_FaceBased_R32.pth,N,14,32,60,88.8056,129,Background
SE-Conv-L3_FaceBased_R32.pth,N,15,32,60,102.19958,0,Background
SE-Conv-L3_FaceBased_R32.pth,N,16,32,60,97.13371,0,Background
SE-Conv-L3_FaceBased_R32.pth,N,17,32,43,73.48732,0,Background
SE-Conv-L3_FaceBased_R32.pth,N,18,32,60,80.93504,146,Background
SE-Conv-L3_FaceBased_R32.pth,N,19,32,60,111.989746,0,Background
SE-Conv-L3_FaceBased_R32.pth,N,20,32,60,120.61054,0,Background
SE-Conv-L3_FaceBased_R32.pth,N,21,32,60,122.398575,0,Background
SE-Conv-L3_FaceBased_R4.pth,E,1,4,0,60.488667,59,Background
SE-Conv-L3_FaceBased_R4.pth,E,2,4,180,51.885063,215,Mouth
SE-Conv-L3_FaceBased_R4.pth,E,3,4,181,60.335083,215,Mouth
SE-Conv-L3_FaceBased_R4.pth,E,4,4,180,47.54125,60,Mouth
SE-Conv-L3_FaceBased_R4.pth,E,5,4,180,41.36392,43,Mouth
SE-Conv-L3_FaceBased_R4.pth,E,6,4,180,37.14303,43,Mouth
SE-Conv-L3_FaceBased_R4.pth,E,7,4,180,29.149256,0,Mouth
SE-Conv-L3_FaceBased_R4.pth,E,8,4,163,24.264845,0,Background
SE-Conv-L3_FaceBased_R4.pth,E,9,4,112,23.157253,0,Background
SE-Conv-L3_FaceBased_R4.pth,E,10,4,112,18.830292,0,Background
SE-Conv-L3_FaceBased_R4.pth,E,11,4,111,49.15828,0,Background
SE-Conv-L3_FaceBased_R4.pth,E,12,4,111,55.317535,0,Background
SE-Conv-L3_FaceBased_R4.pth,E,13,4,112,36.600357,0,Background
SE-Conv-L3_FaceBased_R4.pth,E,14,4,181,73.47098,0,Mouth
SE-Conv-L3_FaceBased_R4.pth,E,15,4,112,45.42279,0,Background
SE-Conv-L3_FaceBased_R4.pth,E,16,4,146,26.832924,0,Nose
SE-Conv-L3_FaceBased_R4.pth,E,17,4,215,166.64651,197,Background
SE-Conv-L3_FaceBased_R4.pth,E,18,4,215,127.69699,197,Background
SE-Conv-L3_FaceBased_R4.pth,E,19,4,215,130.23813,197,Background
SE-Conv-L3_FaceBased_R4.pth,E,20,4,215,155.36102,197,Background
SE-Conv-L3_FaceBased_R4.pth,E,21,4,163,96.9991,60,Background
SE-Conv-L3_FaceBased_R4.pth,Full,1,4,197,87.998405,43,Mouth
SE-Conv-L3_FaceBased_R4.pth,Full,2,4,198,116.51354,94,Mouth
SE-Conv-L3_FaceBased_R4.pth,Full,3,4,198,96.1201,218,Mouth
SE-Conv-L3_FaceBased_R4.pth,Full,4,4,0,17.501133,26,Background
SE-Conv-L3_FaceBased_R4.pth,Full,5,4,0,0,0,Background
SE-Conv-L3_FaceBased_R4.pth,Full,6,4,163,17.580862,0,Background
SE-Conv-L3_FaceBased_R4.pth,Full,7,4,0,0,0,Background
SE-Conv-L3_FaceBased_R4.pth,Full,8,4,198,49.73479,0,Mouth
SE-Conv-L3_FaceBased_R4.pth,Full,9,4,0,0,0,Background
SE-Conv-L3_FaceBased_R4.pth,Full,10,4,163,17.580862,0,Background
SE-Conv-L3_FaceBased_R4.pth,Full,11,4,0,0,0,Background
SE-Conv-L3_FaceBased_R4.pth,Full,12,4,0,0,0,Background
SE-Conv-L3_FaceBased_R4.pth,Full,13,4,60,26.562931,0,Background
SE-Conv-L3_FaceBased_R4.pth,Full,14,4,43,21.832668,0,Background
SE-Conv-L3_FaceBased_R4.pth,Full,15,4,215,23.04637,0,Background
SE-Conv-L3_FaceBased_R4.pth,Full,16,4,60,32.685738,0,Background
SE-Conv-L3_FaceBased_R4.pth,Full,17,4,43,105.62216,197,Background
SE-Conv-L3_FaceBased_R4.pth,Full,18,4,43,85.08537,0,Background
SE-Conv-L3_FaceBased_R4.pth,Full,19,4,43,94.910355,146,Background
SE-Conv-L3_FaceBased_R4.pth,Full,20,4,215,50.611824,0,Background
SE-Conv-L3_FaceBased_R4.pth,Full,21,4,180,56.644962,0,Mouth
SE-Conv-L3_FaceBased_R4.pth,M,1,4,43,74.47429,215,Background
SE-Conv-L3_FaceBased_R4.pth,M,2,4,43,54.968437,215,Background
SE-Conv-L3_FaceBased_R4.pth,M,3,4,43,55.62056,95,Background
SE-Conv-L3_FaceBased_R4.pth,M,4,4,43,65.04544,215,Background
SE-Conv-L3_FaceBased_R4.pth,M,5,4,60,41.387833,0,Background
SE-Conv-L3_FaceBased_R4.pth,M,6,4,129,59.53374,0,Nose
SE-Conv-L3_FaceBased_R4.pth,M,7,4,43,80.62413,0,Background
SE-Conv-L3_FaceBased_R4.pth,M,8,4,60,77.23587,0,Background
SE-Conv-L3_FaceBased_R4.pth,M,9,4,43,62.12023,0,Background
SE-Conv-L3_FaceBased_R4.pth,M,10,4,60,72.58069,0,Background
SE-Conv-L3_FaceBased_R4.pth,M,11,4,215,140.71921,0,Background
SE-Conv-L3_FaceBased_R4.pth,M,12,4,215,99.80434,0,Background
SE-Conv-L3_FaceBased_R4.pth,M,13,4,198,97.11305,94,Mouth
SE-Conv-L3_FaceBased_R4.pth,M,14,4,129,79.33095,60,Nose
SE-Conv-L3_FaceBased_R4.pth,M,15,4,129,68.84306,0,Nose
SE-Conv-L3_FaceBased_R4.pth,M,16,4,129,77.66153,0,Nose
SE-Conv-L3_FaceBased_R4.pth,M,17,4,198,78.12107,0,Mouth
SE-Conv-L3_FaceBased_R4.pth,M,18,4,163,85.27269,0,Background
SE-Conv-L3_FaceBased_R4.pth,M,19,4,198,109.40164,0,Mouth
SE-Conv-L3_FaceBased_R4.pth,M,20,4,198,119.73359,94,Mouth
SE-Conv-L3_FaceBased_R4.pth,M,21,4,198,113.08984,0,Mouth
SE-Conv-L3_FaceBased_R4.pth,N,1,4,197,108.92842,0,Mouth
SE-Conv-L3_FaceBased_R4.pth,N,2,4,197,104.82172,0,Mouth
SE-Conv-L3_FaceBased_R4.pth,N,3,4,197,98.600945,0,Mouth
SE-Conv-L3_FaceBased_R4.pth,N,4,4,197,110.606445,215,Mouth
SE-Conv-L3_FaceBased_R4.pth,N,5,4,197,107.24672,215,Mouth
SE-Conv-L3_FaceBased_R4.pth,N,6,4,197,91.191864,215,Mouth
SE-Conv-L3_FaceBased_R4.pth,N,7,4,197,112.916504,0,Mouth
SE-Conv-L3_FaceBased_R4.pth,N,8,4,198,84.00528,0,Mouth
SE-Conv-L3_FaceBased_R4.pth,N,9,4,198,70.92897,0,Mouth
SE-Conv-L3_FaceBased_R4.pth,N,10,4,215,70.59149,0,Background
SE-Conv-L3_FaceBased_R4.pth,N,11,4,215,67.41832,0,Background
SE-Conv-L3_FaceBased_R4.pth,N,12,4,215,88.66885,0,Background
SE-Conv-L3_FaceBased_R4.pth,N,13,4,215,106.94188,0,Background
SE-Conv-L3_FaceBased_R4.pth,N,14,4,180,50.584076,0,Mouth
SE-Conv-L3_FaceBased_R4.pth,N,15,4,215,79.62449,0,Background
SE-Conv-L3_FaceBased_R4.pth,N,16,4,217,17.234371,0,Background
SE-Conv-L3_FaceBased_R4.pth,N,17,4,94,21.405773,0,Eyes
SE-Conv-L3_FaceBased_R4.pth,N,18,4,180,22.354664,0,Mouth
SE-Conv-L3_FaceBased_R4.pth,N,19,4,163,22.904247,0,Background
SE-Conv-L3_FaceBased_R4.pth,N,20,4,163,22.197727,0,Background
SE-Conv-L3_FaceBased_R4.pth,N,21,4,163,65.32002,0,Background
SE-Conv-L3_FaceBased_R8.pth,E,1,8,0,0,0,Background
SE-Conv-L3_FaceBased_R8.pth,E,2,8,163,17.234371,0,Background
SE-Conv-L3_FaceBased_R8.pth,E,3,8,163,17.234371,0,Background
SE-Conv-L3_FaceBased_R8.pth,E,4,8,163,72.98952,215,Background
SE-Conv-L3_FaceBased_R8.pth,E,5,8,163,83.394966,215,Background
SE-Conv-L3_FaceBased_R8.pth,E,6,8,163,65.6266,43,Background
SE-Conv-L3_FaceBased_R8.pth,E,7,8,164,72.21724,43,Background
SE-Conv-L3_FaceBased_R8.pth,E,8,8,180,72.20549,43,Mouth
SE-Conv-L3_FaceBased_R8.pth,E,9,8,112,44.101852,0,Background
SE-Conv-L3_FaceBased_R8.pth,E,10,8,112,45.756447,0,Background
SE-Conv-L3_FaceBased_R8.pth,E,11,8,112,27.344807,0,Background
SE-Conv-L3_FaceBased_R8.pth,E,12,8,180,66.80285,43,Mouth
SE-Conv-L3_FaceBased_R8.pth,E,13,8,164,59.230244,43,Background
SE-Conv-L3_FaceBased_R8.pth,E,14,8,180,86.41463,0,Mouth
SE-Conv-L3_FaceBased_R8.pth,E,15,8,163,52.363594,0,Background
SE-Conv-L3_FaceBased_R8.pth,E,16,8,163,58.648716,43,Background
SE-Conv-L3_FaceBased_R8.pth,E,17,8,180,27.913668,26,Mouth
SE-Conv-L3_FaceBased_R8.pth,E,18,8,146,60.854607,26,Nose
SE-Conv-L3_FaceBased_R8.pth,E,19,8,146,66.078186,26,Nose
SE-Conv-L3_FaceBased_R8.pth,E,20,8,0,0,0,Background
SE-Conv-L3_FaceBased_R8.pth,E,21,8,0,0,0,Background
SE-Conv-L3_FaceBased_R8.pth,Full,1,8,180,81.05512,60,Mouth
SE-Conv-L3_FaceBased_R8.pth,Full,2,8,180,81.644226,60,Mouth
SE-Conv-L3_FaceBased_R8.pth,Full,3,8,180,78.156845,60,Mouth
SE-Conv-L3_FaceBased_R8.pth,Full,4,8,180,83.002716,60,Mouth
SE-Conv-L3_FaceBased_R8.pth,Full,5,8,180,80.263824,60,Mouth
SE-Conv-L3_FaceBased_R8.pth,Full,6,8,180,82.1891,77,Mouth
SE-Conv-L3_FaceBased_R8.pth,Full,7,8,180,82.80464,60,Mouth
SE-Conv-L3_FaceBased_R8.pth,Full,8,8,180,84.534805,77,Mouth
SE-Conv-L3_FaceBased_R8.pth,Full,9,8,180,88.54033,60,Mouth
SE-Conv-L3_FaceBased_R8.pth,Full,10,8,181,84.46022,60,Mouth
SE-Conv-L3_FaceBased_R8.pth,Full,11,8,180,83.52629,60,Mouth
SE-Conv-L3_FaceBased_R8.pth,Full,12,8,181,90.87479,60,Mouth
SE-Conv-L3_FaceBased_R8.pth,Full,13,8,180,99.34333,77,Mouth
SE-Conv-L3_FaceBased_R8.pth,Full,14,8,181,54.380474,60,Mouth
SE-Conv-L3_FaceBased_R8.pth,Full,15,8,181,71.9554,94,Mouth
SE-Conv-L3_FaceBased_R8.pth,Full,16,8,0,24.686798,26,Background
SE-Conv-L3_FaceBased_R8.pth,Full,17,8,146,31.846556,26,Nose
SE-Conv-L3_FaceBased_R8.pth,Full,18,8,146,17.661327,0,Nose
SE-Conv-L3_FaceBased_R8.pth,Full,19,8,129,47.109055,0,Nose
SE-Conv-L3_FaceBased_R8.pth,Full,20,8,129,47.80857,0,Nose
SE-Conv-L3_FaceBased_R8.pth,Full,21,8,129,58.8993,0,Nose
SE-Conv-L3_FaceBased_R8.pth,M,1,8,198,125.64207,112,Mouth
SE-Conv-L3_FaceBased_R8.pth,M,2,8,77,100.62924,0,Eyes
SE-Conv-L3_FaceBased_R8.pth,M,3,8,77,93.659134,0,Eyes
SE-Conv-L3_FaceBased_R8.pth,M,4,8,77,89.01442,0,Eyes
SE-Conv-L3_FaceBased_R8.pth,M,5,8,94,89.098,0,Eyes
SE-Conv-L3_FaceBased_R8.pth,M,6,8,95,80.991776,215,Eyes
SE-Conv-L3_FaceBased_R8.pth,M,7,8,94,92.0821,0,Eyes
SE-Conv-L3_FaceBased_R8.pth,M,8,8,94,84.094315,0,Eyes
SE-Conv-L3_FaceBased_R8.pth,M,9,8,26,108.860565,163,Background
SE-Conv-L3_FaceBased_R8.pth,M,10,8,94,64.27911,0,Eyes
SE-Conv-L3_FaceBased_R8.pth,M,11,8,128,73.81343,215,Nose
SE-Conv-L3_FaceBased_R8.pth,M,12,8,128,70.96357,215,Nose
SE-Conv-L3_FaceBased_R8.pth,M,13,8,95,81.21582,215,Eyes
SE-Conv-L3_FaceBased_R8.pth,M,14,8,94,92.25198,215,Eyes
SE-Conv-L3_FaceBased_R8.pth,M,15,8,94,64.72812,215,Eyes
SE-Conv-L3_FaceBased_R8.pth,M,16,8,94,82.86378,163,Eyes
SE-Conv-L3_FaceBased_R8.pth,M,17,8,94,89.49011,163,Eyes
SE-Conv-L3_FaceBased_R8.pth,M,18,8,77,111.21236,163,Eyes
SE-Conv-L3_FaceBased_R8.pth,M,19,8,25,119.834946,112,Background
SE-Conv-L3_FaceBased_R8.pth,M,20,8,146,67.594345,60,Nose
SE-Conv-L3_FaceBased_R8.pth,M,21,8,26,122.632256,111,Background
SE-Conv-L3_FaceBased_R8.pth,N,1,8,77,59.990685,0,Eyes
SE-Conv-L3_FaceBased_R8.pth,N,2,8,77,84.57487,0,Eyes
SE-Conv-L3_FaceBased_R8.pth,N,3,8,77,84.52547,0,Eyes
SE-Conv-L3_FaceBased_R8.pth,N,4,8,77,95.12581,0,Eyes
SE-Conv-L3_FaceBased_R8.pth,N,5,8,77,72.956314,0,Eyes
SE-Conv-L3_FaceBased_R8.pth,N,6,8,77,72.795456,0,Eyes
SE-Conv-L3_FaceBased_R8.pth,N,7,8,77,81.77908,0,Eyes
SE-Conv-L3_FaceBased_R8.pth,N,8,8,77,49.17783,0,Eyes
SE-Conv-L3_FaceBased_R8.pth,N,9,8,77,56.355343,0,Eyes
SE-Conv-L3_FaceBased_R8.pth,N,10,8,77,68.668175,0,Eyes
SE-Conv-L3_FaceBased_R8.pth,N,11,8,77,81.05287,26,Eyes
SE-Conv-L3_FaceBased_R8.pth,N,12,8,77,92.8981,42,Eyes
SE-Conv-L3_FaceBased_R8.pth,N,13,8,77,86.77519,42,Eyes
SE-Conv-L3_FaceBased_R8.pth,N,14,8,77,93.41366,42,Eyes
SE-Conv-L3_FaceBased_R8.pth,N,15,8,77,92.876175,0,Eyes
SE-Conv-L3_FaceBased_R8.pth,N,16,8,77,84.92272,26,Eyes
SE-Conv-L3_FaceBased_R8.pth,N,17,8,77,89.76886,26,Eyes
SE-Conv-L3_FaceBased_R8.pth,N,18,8,77,90.20746,0,Eyes
SE-Conv-L3_FaceBased_R8.pth,N,19,8,77,87.003075,0,Eyes
SE-Conv-L3_FaceBased_R8.pth,N,20,8,77,59.204945,0,Eyes
SE-Conv-L3_FaceBased_R8.pth,N,21,8,94,79.97826,0,Eyes
SE-Conv-L3_ObjectBased_R16.pth,E,1,16,59,56.62265,0,Background
SE-Conv-L3_ObjectBased_R16.pth,E,2,16,43,97.01326,0,Background
SE-Conv-L3_ObjectBased_R16.pth,E,3,16,25,50.025776,215,Background
SE-Conv-L3_ObjectBased_R16.pth,E,4,16,25,42.73532,215,Background
SE-Conv-L3_ObjectBased_R16.pth,E,5,16,25,48.056816,215,Background
SE-Conv-L3_ObjectBased_R16.pth,E,6,16,25,51.498215,215,Background
SE-Conv-L3_ObjectBased_R16.pth,E,7,16,25,60.27734,215,Background
SE-Conv-L3_ObjectBased_R16.pth,E,8,16,25,47.986782,198,Background
SE-Conv-L3_ObjectBased_R16.pth,E,9,16,25,48.932278,198,Background
SE-Conv-L3_ObjectBased_R16.pth,E,10,16,43,91.03876,220,Background
SE-Conv-L3_ObjectBased_R16.pth,E,11,16,25,60.436268,198,Background
SE-Conv-L3_ObjectBased_R16.pth,E,12,16,25,60.826828,198,Background
SE-Conv-L3_ObjectBased_R16.pth,E,13,16,25,71.38128,198,Background
SE-Conv-L3_ObjectBased_R16.pth,E,14,16,129,88.27593,26,Nose
SE-Conv-L3_ObjectBased_R16.pth,E,15,16,146,75.33644,26,Nose
SE-Conv-L3_ObjectBased_R16.pth,E,16,16,146,94.56439,43,Nose
SE-Conv-L3_ObjectBased_R16.pth,E,17,16,129,129.85577,215,Nose
SE-Conv-L3_ObjectBased_R16.pth,E,18,16,42,91.42159,0,Background
SE-Conv-L3_ObjectBased_R16.pth,E,19,16,43,96.30119,0,Background
SE-Conv-L3_ObjectBased_R16.pth,E,20,16,42,128.163,163,Background
SE-Conv-L3_ObjectBased_R16.pth,E,21,16,26,50.88791,198,Background
SE-Conv-L3_ObjectBased_R16.pth,Full,1,16,26,158.91162,112,Background
SE-Conv-L3_ObjectBased_R16.pth,Full,2,16,26,163.05507,111,Background
SE-Conv-L3_ObjectBased_R16.pth,Full,3,16,26,159.6174,215,Background
SE-Conv-L3_ObjectBased_R16.pth,Full,4,16,26,162.71735,215,Background
SE-Conv-L3_ObjectBased_R16.pth,Full,5,16,26,148.80035,215,Background
SE-Conv-L3_ObjectBased_R16.pth,Full,6,16,42,156.52403,215,Background
SE-Conv-L3_ObjectBased_R16.pth,Full,7,16,43,88.59938,0,Background
SE-Conv-L3_ObjectBased_R16.pth,Full,8,16,60,78.431625,0,Background
SE-Conv-L3_ObjectBased_R16.pth,Full,9,16,60,96.816345,0,Background
SE-Conv-L3_ObjectBased_R16.pth,Full,10,16,60,60.785553,0,Background
SE-Conv-L3_ObjectBased_R16.pth,Full,11,16,60,42.76525,0,Background
SE-Conv-L3_ObjectBased_R16.pth,Full,12,16,129,52.300697,0,Nose
SE-Conv-L3_ObjectBased_R16.pth,Full,13,16,146,18.753696,0,Nose
SE-Conv-L3_ObjectBased_R16.pth,Full,14,16,198,54.823524,0,Mouth
SE-Conv-L3_ObjectBased_R16.pth,Full,15,16,163,23.458117,0,Background
SE-Conv-L3_ObjectBased_R16.pth,Full,16,16,197,73.26691,0,Mouth
SE-Conv-L3_ObjectBased_R16.pth,Full,17,16,43,129.64609,215,Background
SE-Conv-L3_ObjectBased_R16.pth,Full,18,16,43,111.21353,215,Background
SE-Conv-L3_ObjectBased_R16.pth,Full,19,16,43,121.3741,215,Background
SE-Conv-L3_ObjectBased_R16.pth,Full,20,16,43,121.63808,146,Background
SE-Conv-L3_ObjectBased_R16.pth,Full,21,16,43,82.26477,0,Background
SE-Conv-L3_ObjectBased_R16.pth,M,1,16,59,72.02426,0,Background
SE-Conv-L3_ObjectBased_R16.pth,M,2,16,59,76.73479,0,Background
SE-Conv-L3_ObjectBased_R16.pth,M,3,16,59,89.852234,0,Background
SE-Conv-L3_ObjectBased_R16.pth,M,4,16,43,71.27682,0,Background
SE-Conv-L3_ObjectBased_R16.pth,M,5,16,198,80.00227,0,Mouth
SE-Conv-L3_ObjectBased_R16.pth,M,6,16,43,69.02057,0,Background
SE-Conv-L3_ObjectBased_R16.pth,M,7,16,43,39.04501,0,Background
SE-Conv-L3_ObjectBased_R16.pth,M,8,16,43,60.873455,0,Background
SE-Conv-L3_ObjectBased_R16.pth,M,9,16,43,40.64656,0,Background
SE-Conv-L3_ObjectBased_R16.pth,M,10,16,43,84.21211,0,Background
SE-Conv-L3_ObjectBased_R16.pth,M,11,16,43,65.679054,0,Background
SE-Conv-L3_ObjectBased_R16.pth,M,12,16,43,83.81425,0,Background
SE-Conv-L3_ObjectBased_R16.pth,M,13,16,43,64.35994,0,Background
SE-Conv-L3_ObjectBased_R16.pth,M,14,16,43,120.05192,112,Background
SE-Conv-L3_ObjectBased_R16.pth,M,15,16,43,68.09972,0,Background
SE-Conv-L3_ObjectBased_R16.pth,M,16,16,43,84.27202,0,Background
SE-Conv-L3_ObjectBased_R16.pth,M,17,16,43,56.58815,0,Background
SE-Conv-L3_ObjectBased_R16.pth,M,18,16,43,41.481613,0,Background
SE-Conv-L3_ObjectBased_R16.pth,M,19,16,43,32.748276,0,Background
SE-Conv-L3_ObjectBased_R16.pth,M,20,16,43,54.075634,0,Background
SE-Conv-L3_ObjectBased_R16.pth,M,21,16,43,57.26503,0,Background
SE-Conv-L3_ObjectBased_R16.pth,N,1,16,60,114.38607,146,Background
SE-Conv-L3_ObjectBased_R16.pth,N,2,16,77,96.13322,146,Eyes
SE-Conv-L3_ObjectBased_R16.pth,N,3,16,0,84.19421,146,Background
SE-Conv-L3_ObjectBased_R16.pth,N,4,16,60,122.168274,163,Background
SE-Conv-L3_ObjectBased_R16.pth,N,5,16,60,110.534004,163,Background
SE-Conv-L3_ObjectBased_R16.pth,N,6,16,59,151.8121,197,Background
SE-Conv-L3_ObjectBased_R16.pth,N,7,16,60,134.60962,197,Background
SE-Conv-L3_ObjectBased_R16.pth,N,8,16,60,126.2962,197,Background
SE-Conv-L3_ObjectBased_R16.pth,N,9,16,59,128.9371,163,Background
SE-Conv-L3_ObjectBased_R16.pth,N,10,16,59,121.44539,163,Background
SE-Conv-L3_ObjectBased_R16.pth,N,11,16,59,113.58526,146,Background
SE-Conv-L3_ObjectBased_R16.pth,N,12,16,59,140.4736,146,Background
SE-Conv-L3_ObjectBased_R16.pth,N,13,16,59,119.079315,129,Background
SE-Conv-L3_ObjectBased_R16.pth,N,14,16,60,102.33959,146,Background
SE-Conv-L3_ObjectBased_R16.pth,N,15,16,129,64.11639,0,Nose
SE-Conv-L3_ObjectBased_R16.pth,N,16,16,111,51.245132,0,Background
SE-Conv-L3_ObjectBased_R16.pth,N,17,16,111,40.22371,0,Background
SE-Conv-L3_ObjectBased_R16.pth,N,18,16,77,59.08521,0,Eyes
SE-Conv-L3_ObjectBased_R16.pth,N,19,16,77,65.81607,0,Eyes
SE-Conv-L3_ObjectBased_R16.pth,N,20,16,60,66.8881,198,Background
SE-Conv-L3_ObjectBased_R16.pth,N,21,16,77,74.126785,0,Eyes
SE-Conv-L3_ObjectBased_R2.pth,E,1,2,26,140.25269,215,Background
SE-Conv-L3_ObjectBased_R2.pth,E,2,2,25,86.93172,111,Background
SE-Conv-L3_ObjectBased_R2.pth,E,3,2,25,104.7122,111,Background
SE-Conv-L3_ObjectBased_R2.pth,E,4,2,146,76.78766,95,Nose
SE-Conv-L3_ObjectBased_R2.pth,E,5,2,0,63.420242,60,Background
SE-Conv-L3_ObjectBased_R2.pth,E,6,2,25,83.27009,111,Background
SE-Conv-L3_ObjectBased_R2.pth,E,7,2,25,96.027855,95,Background
SE-Conv-L3_ObjectBased_R2.pth,E,8,2,146,65.81304,181,Nose
SE-Conv-L3_ObjectBased_R2.pth,E,9,2,25,122.093666,111,Background
SE-Conv-L3_ObjectBased_R2.pth,E,10,2,25,118.00146,112,Background
SE-Conv-L3_ObjectBased_R2.pth,E,11,2,77,34.230343,112,Eyes
SE-Conv-L3_ObjectBased_R2.pth,E,12,2,163,29.411257,0,Background
SE-Conv-L3_ObjectBased_R2.pth,E,13,2,43,62.239014,197,Background
SE-Conv-L3_ObjectBased_R2.pth,E,14,2,42,122.09727,112,Background
SE-Conv-L3_ObjectBased_R2.pth,E,15,2,42,63.879707,111,Background
SE-Conv-L3_ObjectBased_R2.pth,E,16,2,43,70.54428,111,Background
SE-Conv-L3_ObjectBased_R2.pth,E,17,2,43,119.96852,146,Background
SE-Conv-L3_ObjectBased_R2.pth,E,18,2,42,136.58665,112,Background
SE-Conv-L3_ObjectBased_R2.pth,E,19,2,43,105.95929,112,Background
SE-Conv-L3_ObjectBased_R2.pth,E,20,2,43,61.71273,111,Background
SE-Conv-L3_ObjectBased_R2.pth,E,21,2,42,98.86688,112,Background
SE-Conv-L3_ObjectBased_R2.pth,Full,1,2,26,60.48884,215,Background
SE-Conv-L3_ObjectBased_R2.pth,Full,2,2,60,59.17258,198,Background
SE-Conv-L3_ObjectBased_R2.pth,Full,3,2,42,66.56981,0,Background
SE-Conv-L3_ObjectBased_R2.pth,Full,4,2,26,69.52756,163,Background
SE-Conv-L3_ObjectBased_R2.pth,Full,5,2,26,73.050186,215,Background
SE-Conv-L3_ObjectBased_R2.pth,Full,6,2,59,72.05512,164,Background
SE-Conv-L3_ObjectBased_R2.pth,Full,7,2,26,65.36492,198,Background
SE-Conv-L3_ObjectBased_R2.pth,Full,8,2,26,71.49609,164,Background
SE-Conv-L3_ObjectBased_R2.pth,Full,9,2,60,86.85734,198,Background
SE-Conv-L3_ObjectBased_R2.pth,Full,10,2,26,75.96847,198,Background
SE-Conv-L3_ObjectBased_R2.pth,Full,11,2,60,67.59121,164,Background
SE-Conv-L3_ObjectBased_R2.pth,Full,12,2,60,82.6156,164,Background
SE-Conv-L3_ObjectBased_R2.pth,Full,13,2,60,100.697655,146,Background
SE-Conv-L3_ObjectBased_R2.pth,Full,14,2,26,65.16084,146,Background
SE-Conv-L3_ObjectBased_R2.pth,Full,15,2,60,76.59593,164,Background
SE-Conv-L3_ObjectBased_R2.pth,Full,16,2,26,66.79819,164,Background
SE-Conv-L3_ObjectBased_R2.pth,Full,17,2,60,69.36611,164,Background
SE-Conv-L3_ObjectBased_R2.pth,Full,18,2,60,63.93106,0,Background
SE-Conv-L3_ObjectBased_R2.pth,Full,19,2,60,73.80773,164,Background
SE-Conv-L3_ObjectBased_R2.pth,Full,20,2,60,53.411064,164,Background
SE-Conv-L3_ObjectBased_R2.pth,Full,21,2,77,75.68868,198,Eyes
SE-Conv-L3_ObjectBased_R2.pth,M,1,2,94,97.18889,164,Eyes
SE-Conv-L3_ObjectBased_R2.pth,M,2,2,94,101.40172,163,Eyes
SE-Conv-L3_ObjectBased_R2.pth,M,3,2,94,95.370316,164,Eyes
SE-Conv-L3_ObjectBased_R2.pth,M,4,2,25,90.4382,164,Background
SE-Conv-L3_ObjectBased_R2.pth,M,5,2,25,87.226074,164,Background
SE-Conv-L3_ObjectBased_R2.pth,M,6,2,25,76.21736,164,Background
SE-Conv-L3_ObjectBased_R2.pth,M,7,2,25,75.04343,164,Background
SE-Conv-L3_ObjectBased_R2.pth,M,8,2,26,73.86138,164,Background
SE-Conv-L3_ObjectBased_R2.pth,M,9,2,25,75.31644,197,Background
SE-Conv-L3_ObjectBased_R2.pth,M,10,2,25,68.46921,164,Background
SE-Conv-L3_ObjectBased_R2.pth,M,11,2,25,67.27562,197,Background
SE-Conv-L3_ObjectBased_R2.pth,M,12,2,25,65.60675,180,Background
SE-Conv-L3_ObjectBased_R2.pth,M,13,2,25,66.45413,164,Background
SE-Conv-L3_ObjectBased_R2.pth,M,14,2,111,72.30284,164,Background
SE-Conv-L3_ObjectBased_R2.pth,M,15,2,95,76.06552,163,Eyes
SE-Conv-L3_ObjectBased_R2.pth,M,16,2,25,74.80385,163,Background
SE-Conv-L3_ObjectBased_R2.pth,M,17,2,25,68.795074,164,Background
SE-Conv-L3_ObjectBased_R2.pth,M,18,2,95,54.38665,146,Eyes
SE-Conv-L3_ObjectBased_R2.pth,M,19,2,25,55.34691,43,Background
SE-Conv-L3_ObjectBased_R2.pth,M,20,2,94,67.965,43,Eyes
SE-Conv-L3_ObjectBased_R2.pth,M,21,2,94,65.13266,146,Eyes
SE-Conv-L3_ObjectBased_R2.pth,N,1,2,26,137.18999,129,Background
SE-Conv-L3_ObjectBased_R2.pth,N,2,2,26,158.38383,129,Background
SE-Conv-L3_ObjectBased_R2.pth,N,3,2,26,158.0617,146,Background
SE-Conv-L3_ObjectBased_R2.pth,N,4,2,26,142.07037,129,Background
SE-Conv-L3_ObjectBased_R2.pth,N,5,2,26,149.63092,129,Background
SE-Conv-L3_ObjectBased_R2.pth,N,6,2,25,157.64825,146,Background
SE-Conv-L3_ObjectBased_R2.pth,N,7,2,25,142.12297,146,Background
SE-Conv-L3_ObjectBased_R2.pth,N,8,2,26,142.84868,146,Background
SE-Conv-L3_ObjectBased_R2.pth,N,9,2,25,153.9135,146,Background
SE-Conv-L3_ObjectBased_R2.pth,N,10,2,25,156.56047,129,Background
SE-Conv-L3_ObjectBased_R2.pth,N,11,2,25,174.27507,129,Background
SE-Conv-L3_ObjectBased_R2.pth,N,12,2,25,149.89664,146,Background
SE-Conv-L3_ObjectBased_R2.pth,N,13,2,42,89.11047,129,Background
SE-Conv-L3_ObjectBased_R2.pth,N,14,2,26,123.38793,112,Background
SE-Conv-L3_ObjectBased_R2.pth,N,15,2,26,116.95394,111,Background
SE-Conv-L3_ObjectBased_R2.pth,N,16,2,25,94.10843,112,Background
SE-Conv-L3_ObjectBased_R2.pth,N,17,2,25,95.84273,146,Background
SE-Conv-L3_ObjectBased_R2.pth,N,18,2,25,106.111755,146,Background
SE-Conv-L3_ObjectBased_R2.pth,N,19,2,25,124.70481,163,Background
SE-Conv-L3_ObjectBased_R2.pth,N,20,2,26,118.73533,146,Background
SE-Conv-L3_ObjectBased_R2.pth,N,21,2,25,118.86305,163,Background
SE-Conv-L3_ObjectBased_R32.pth,E,1,32,215,79.46481,197,Background
SE-Conv-L3_ObjectBased_R32.pth,E,2,32,215,74.88202,197,Background
SE-Conv-L3_ObjectBased_R32.pth,E,3,32,215,86.075424,197,Background
SE-Conv-L3_ObjectBased_R32.pth,E,4,32,215,116.800446,95,Background
SE-Conv-L3_ObjectBased_R32.pth,E,5,32,215,96.09197,25,Background
SE-Conv-L3_ObjectBased_R32.pth,E,6,32,215,96.247574,26,Background
SE-Conv-L3_ObjectBased_R32.pth,E,7,32,221,110.00909,77,Background
SE-Conv-L3_ObjectBased_R32.pth,E,8,32,215,79.02576,25,Background
SE-Conv-L3_ObjectBased_R32.pth,E,9,32,215,93.8907,163,Background
SE-Conv-L3_ObjectBased_R32.pth,E,10,32,220,73.95439,60,Background
SE-Conv-L3_ObjectBased_R32.pth,E,11,32,218,65.68584,197,Background
SE-Conv-L3_ObjectBased_R32.pth,E,12,32,42,106.99483,94,Background
SE-Conv-L3_ObjectBased_R32.pth,E,13,32,215,65.54699,77,Background
SE-Conv-L3_ObjectBased_R32.pth,E,14,32,215,56.777084,198,Background
SE-Conv-L3_ObjectBased_R32.pth,E,15,32,0,77.13234,77,Background
SE-Conv-L3_ObjectBased_R32.pth,E,16,32,0,32.13903,60,Background
SE-Conv-L3_ObjectBased_R32.pth,E,17,32,215,55.270103,26,Background
SE-Conv-L3_ObjectBased_R32.pth,E,18,32,42,47.663094,164,Background
SE-Conv-L3_ObjectBased_R32.pth,E,19,32,215,30.248743,163,Background
SE-Conv-L3_ObjectBased_R32.pth,E,20,32,215,53.294838,163,Background
SE-Conv-L3_ObjectBased_R32.pth,E,21,32,42,92.41298,77,Background
SE-Conv-L3_ObjectBased_R32.pth,Full,1,32,217,111.15253,25,Background
SE-Conv-L3_ObjectBased_R32.pth,Full,2,32,215,110.366806,163,Background
SE-Conv-L3_ObjectBased_R32.pth,Full,3,32,215,117.55826,146,Background
SE-Conv-L3_ObjectBased_R32.pth,Full,4,32,215,120.5109,146,Background
SE-Conv-L3_ObjectBased_R32.pth,Full,5,32,216,119.39381,112,Background
SE-Conv-L3_ObjectBased_R32.pth,Full,6,32,215,125.81369,25,Background
SE-Conv-L3_ObjectBased_R32.pth,Full,7,32,215,114.971596,25,Background
SE-Conv-L3_ObjectBased_R32.pth,Full,8,32,215,106.08999,146,Background
SE-Conv-L3_ObjectBased_R32.pth,Full,9,32,60,99.39101,25,Background
SE-Conv-L3_ObjectBased_R32.pth,Full,10,32,215,104.283066,25,Background
SE-Conv-L3_ObjectBased_R32.pth,Full,11,32,215,95.85481,25,Background
SE-Conv-L3_ObjectBased_R32.pth,Full,12,32,215,118.61273,128,Background
SE-Conv-L3_ObjectBased_R32.pth,Full,13,32,60,111.40912,111,Background
SE-Conv-L3_ObjectBased_R32.pth,Full,14,32,60,96.966354,112,Background
SE-Conv-L3_ObjectBased_R32.pth,Full,15,32,215,86.22067,26,Background
SE-Conv-L3_ObjectBased_R32.pth,Full,16,32,215,95.12686,25,Background
SE-Conv-L3_ObjectBased_R32.pth,Full,17,32,215,94.69006,25,Background
SE-Conv-L3_ObjectBased_R32.pth,Full,18,32,60,75.95193,25,Background
SE-Conv-L3_ObjectBased_R32.pth,Full,19,32,60,63.430984,163,Background
SE-Conv-L3_ObjectBased_R32.pth,Full,20,32,60,71.09972,163,Background
SE-Conv-L3_ObjectBased_R32.pth,Full,21,32,43,111.917816,111,Background
SE-Conv-L3_ObjectBased_R32.pth,M,1,32,215,83.169754,26,Background
SE-Conv-L3_ObjectBased_R32.pth,M,2,32,215,87.86362,146,Background
SE-Conv-L3_ObjectBased_R32.pth,M,3,32,0,110.67772,146,Background
SE-Conv-L3_ObjectBased_R32.pth,M,4,32,215,107.57233,146,Background
SE-Conv-L3_ObjectBased_R32.pth,M,5,32,0,94.80134,146,Background
SE-Conv-L3_ObjectBased_R32.pth,M,6,32,215,89.24727,146,Background
SE-Conv-L3_ObjectBased_R32.pth,M,7,32,215,93.981445,145,Background
SE-Conv-L3_ObjectBased_R32.pth,M,8,32,215,77.676926,129,Background
SE-Conv-L3_ObjectBased_R32.pth,M,9,32,215,47.4968,0,Background
SE-Conv-L3_ObjectBased_R32.pth,M,10,32,215,52.18034,0,Background
SE-Conv-L3_ObjectBased_R32.pth,M,11,32,215,44.607098,26,Background
SE-Conv-L3_ObjectBased_R32.pth,M,12,32,215,43.70954,26,Background
SE-Conv-L3_ObjectBased_R32.pth,M,13,32,215,51.02841,129,Background
SE-Conv-L3_ObjectBased_R32.pth,M,14,32,215,50.86561,0,Background
SE-Conv-L3_ObjectBased_R32.pth,M,15,32,215,42.807487,26,Background
SE-Conv-L3_ObjectBased_R32.pth,M,16,32,215,46.4463,129,Background
SE-Conv-L3_ObjectBased_R32.pth,M,17,32,215,53.603245,145,Background
SE-Conv-L3_ObjectBased_R32.pth,M,18,32,215,45.167564,0,Background
SE-Conv-L3_ObjectBased_R32.pth,M,19,32,60,45.169685,0,Background
SE-Conv-L3_ObjectBased_R32.pth,M,20,32,215,66.97719,0,Background
SE-Conv-L3_ObjectBased_R32.pth,M,21,32,26,59.42048,129,Background
SE-Conv-L3_ObjectBased_R32.pth,N,1,32,43,109.89162,112,Background
SE-Conv-L3_ObjectBased_R32.pth,N,2,32,43,83.89252,112,Background
SE-Conv-L3_ObjectBased_R32.pth,N,3,32,43,89.86141,146,Background
SE-Conv-L3_ObjectBased_R32.pth,N,4,32,43,106.19062,146,Background
SE-Conv-L3_ObjectBased_R32.pth,N,5,32,42,120.474396,146,Background
SE-Conv-L3_ObjectBased_R32.pth,N,6,32,26,112.042725,146,Background
SE-Conv-L3_ObjectBased_R32.pth,N,7,32,26,112.68286,146,Background
SE-Conv-L3_ObjectBased_R32.pth,N,8,32,197,87.85636,77,Mouth
SE-Conv-L3_ObjectBased_R32.pth,N,9,32,26,134.43404,112,Background
SE-Conv-L3_ObjectBased_R32.pth,N,10,32,26,133.71066,112,Background
SE-Conv-L3_ObjectBased_R32.pth,N,11,32,42,108.95035,129,Background
SE-Conv-L3_ObjectBased_R32.pth,N,12,32,42,131.5272,112,Background
SE-Conv-L3_ObjectBased_R32.pth,N,13,32,42,133.87112,146,Background
SE-Conv-L3_ObjectBased_R32.pth,N,14,32,42,142.59927,112,Background
SE-Conv-L3_ObjectBased_R32.pth,N,15,32,42,125.84912,112,Background
SE-Conv-L3_ObjectBased_R32.pth,N,16,32,42,100.22096,112,Background
SE-Conv-L3_ObjectBased_R32.pth,N,17,32,42,107.80578,112,Background
SE-Conv-L3_ObjectBased_R32.pth,N,18,32,42,114.53308,111,Background
SE-Conv-L3_ObjectBased_R32.pth,N,19,32,26,98.31694,111,Background
SE-Conv-L3_ObjectBased_R32.pth,N,20,32,26,90.657394,111,Background
SE-Conv-L3_ObjectBased_R32.pth,N,21,32,181,90.37453,94,Mouth
SE-Conv-L3_ObjectBased_R4.pth,E,1,4,129,56.79095,0,Nose
SE-Conv-L3_ObjectBased_R4.pth,E,2,4,129,39.663937,0,Nose
SE-Conv-L3_ObjectBased_R4.pth,E,3,4,215,49.094444,0,Background
SE-Conv-L3_ObjectBased_R4.pth,E,4,4,25,49.893753,0,Background
SE-Conv-L3_ObjectBased_R4.pth,E,5,4,25,71.24299,77,Background
SE-Conv-L3_ObjectBased_R4.pth,E,6,4,129,66.892746,60,Nose
SE-Conv-L3_ObjectBased_R4.pth,E,7,4,129,56.32398,60,Nose
SE-Conv-L3_ObjectBased_R4.pth,E,8,4,25,59.58171,60,Background
SE-Conv-L3_ObjectBased_R4.pth,E,9,4,129,85.61965,77,Nose
SE-Conv-L3_ObjectBased_R4.pth,E,10,4,129,59.824184,43,Nose
SE-Conv-L3_ObjectBased_R4.pth,E,11,4,129,84.71678,59,Nose
SE-Conv-L3_ObjectBased_R4.pth,E,12,4,128,59.69722,0,Nose
SE-Conv-L3_ObjectBased_R4.pth,E,13,4,25,51.242012,94,Background
SE-Conv-L3_ObjectBased_R4.pth,E,14,4,129,98.44811,60,Nose
SE-Conv-L3_ObjectBased_R4.pth,E,15,4,128,114.17775,59,Nose
SE-Conv-L3_ObjectBased_R4.pth,E,16,4,112,111.65841,59,Background
SE-Conv-L3_ObjectBased_R4.pth,E,17,4,129,98.33296,43,Nose
SE-Conv-L3_ObjectBased_R4.pth,E,18,4,129,73.591,60,Nose
SE-Conv-L3_ObjectBased_R4.pth,E,19,4,129,116.24381,77,Nose
SE-Conv-L3_ObjectBased_R4.pth,E,20,4,129,65.71686,198,Nose
SE-Conv-L3_ObjectBased_R4.pth,E,21,4,129,92.43752,198,Nose
SE-Conv-L3_ObjectBased_R4.pth,Full,1,4,129,35.216812,0,Nose
SE-Conv-L3_ObjectBased_R4.pth,Full,2,4,129,44.89906,0,Nose
SE-Conv-L3_ObjectBased_R4.pth,Full,3,4,129,34.546574,0,Nose
SE-Conv-L3_ObjectBased_R4.pth,Full,4,4,129,27.87242,0,Nose
SE-Conv-L3_ObjectBased_R4.pth,Full,5,4,0,0,0,Background
SE-Conv-L3_ObjectBased_R4.pth,Full,6,4,146,17.424381,0,Nose
SE-Conv-L3_ObjectBased_R4.pth,Full,7,4,129,18.387394,0,Nose
SE-Conv-L3_ObjectBased_R4.pth,Full,8,4,129,17.574196,0,Nose
SE-Conv-L3_ObjectBased_R4.pth,Full,9,4,129,36.60661,0,Nose
SE-Conv-L3_ObjectBased_R4.pth,Full,10,4,129,53.79856,0,Nose
SE-Conv-L3_ObjectBased_R4.pth,Full,11,4,146,35.0248,0,Nose
SE-Conv-L3_ObjectBased_R4.pth,Full,12,4,129,47.33937,0,Nose
SE-Conv-L3_ObjectBased_R4.pth,Full,13,4,129,51.748497,0,Nose
SE-Conv-L3_ObjectBased_R4.pth,Full,14,4,129,36.776325,0,Nose
SE-Conv-L3_ObjectBased_R4.pth,Full,15,4,128,61.051086,0,Nose
SE-Conv-L3_ObjectBased_R4.pth,Full,16,4,77,70.52586,0,Eyes
SE-Conv-L3_ObjectBased_R4.pth,Full,17,4,77,79.295685,0,Eyes
SE-Conv-L3_ObjectBased_R4.pth,Full,18,4,77,67.66196,0,Eyes
SE-Conv-L3_ObjectBased_R4.pth,Full,19,4,77,96.636505,0,Eyes
SE-Conv-L3_ObjectBased_R4.pth,Full,20,4,77,48.89354,0,Eyes
SE-Conv-L3_ObjectBased_R4.pth,Full,21,4,77,33.28887,0,Eyes
SE-Conv-L3_ObjectBased_R4.pth,M,1,4,215,17.501133,0,Background
SE-Conv-L3_ObjectBased_R4.pth,M,2,4,215,17.501135,0,Background
SE-Conv-L3_ObjectBased_R4.pth,M,3,4,112,22.00315,0,Background
SE-Conv-L3_ObjectBased_R4.pth,M,4,4,112,42.483635,0,Background
SE-Conv-L3_ObjectBased_R4.pth,M,5,4,112,34.519,0,Background
SE-Conv-L3_ObjectBased_R4.pth,M,6,4,112,42.885372,0,Background
SE-Conv-L3_ObjectBased_R4.pth,M,7,4,111,33.459953,0,Background
SE-Conv-L3_ObjectBased_R4.pth,M,8,4,111,28.015821,0,Background
SE-Conv-L3_ObjectBased_R4.pth,M,9,4,111,17.424377,0,Background
SE-Conv-L3_ObjectBased_R4.pth,M,10,4,112,25.909527,0,Background
SE-Conv-L3_ObjectBased_R4.pth,M,11,4,128,22.532427,0,Nose
SE-Conv-L3_ObjectBased_R4.pth,M,12,4,129,17.424377,0,Nose
SE-Conv-L3_ObjectBased_R4.pth,M,13,4,0,0,0,Background
SE-Conv-L3_ObjectBased_R4.pth,M,14,4,77,17.424377,0,Eyes
SE-Conv-L3_ObjectBased_R4.pth,M,15,4,94,32.7523,0,Eyes
SE-Conv-L3_ObjectBased_R4.pth,M,16,4,77,38.65515,0,Eyes
SE-Conv-L3_ObjectBased_R4.pth,M,17,4,77,24.806381,0,Eyes
SE-Conv-L3_ObjectBased_R4.pth,M,18,4,60,39.18103,0,Background
SE-Conv-L3_ObjectBased_R4.pth,M,19,4,60,43.75068,0,Background
SE-Conv-L3_ObjectBased_R4.pth,M,20,4,60,50.375454,0,Background
SE-Conv-L3_ObjectBased_R4.pth,M,21,4,77,48.250053,197,Eyes
SE-Conv-L3_ObjectBased_R4.pth,N,1,4,145,25.709312,0,Nose
SE-Conv-L3_ObjectBased_R4.pth,N,2,4,146,24.832054,0,Nose
SE-Conv-L3_ObjectBased_R4.pth,N,3,4,163,17.277397,0,Background
SE-Conv-L3_ObjectBased_R4.pth,N,4,4,112,17.277397,0,Background
SE-Conv-L3_ObjectBased_R4.pth,N,5,4,145,31.879053,0,Nose
SE-Conv-L3_ObjectBased_R4.pth,N,6,4,146,17.277397,0,Nose
SE-Conv-L3_ObjectBased_R4.pth,N,7,4,146,17.649498,0,Nose
SE-Conv-L3_ObjectBased_R4.pth,N,8,4,146,29.661552,0,Nose
SE-Conv-L3_ObjectBased_R4.pth,N,9,4,146,40.44732,0,Nose
SE-Conv-L3_ObjectBased_R4.pth,N,10,4,146,48.22824,26,Nose
SE-Conv-L3_ObjectBased_R4.pth,N,11,4,146,46.721024,0,Nose
SE-Conv-L3_ObjectBased_R4.pth,N,12,4,146,50.653965,0,Nose
SE-Conv-L3_ObjectBased_R4.pth,N,13,4,146,60.85202,26,Nose
SE-Conv-L3_ObjectBased_R4.pth,N,14,4,146,43.119698,26,Nose
SE-Conv-L3_ObjectBased_R4.pth,N,15,4,146,17.277397,0,Nose
SE-Conv-L3_ObjectBased_R4.pth,N,16,4,146,33.413322,26,Nose
SE-Conv-L3_ObjectBased_R4.pth,N,17,4,146,27.388828,0,Nose
SE-Conv-L3_ObjectBased_R4.pth,N,18,4,218,26.43699,26,Background
SE-Conv-L3_ObjectBased_R4.pth,N,19,4,215,31.700666,26,Background
SE-Conv-L3_ObjectBased_R4.pth,N,20,4,146,17.424377,0,Nose
SE-Conv-L3_ObjectBased_R4.pth,N,21,4,146,17.424377,0,Nose
SE-Conv-L3_ObjectBased_R8.pth,E,1,8,26,24.162285,0,Background
SE-Conv-L3_ObjectBased_R8.pth,E,2,8,26,30.866692,112,Background
SE-Conv-L3_ObjectBased_R8.pth,E,3,8,60,36.305748,146,Background
SE-Conv-L3_ObjectBased_R8.pth,E,4,8,25,25.537392,95,Background
SE-Conv-L3_ObjectBased_R8.pth,E,5,8,25,17.794247,0,Background
SE-Conv-L3_ObjectBased_R8.pth,E,6,8,0,34.751087,146,Background
SE-Conv-L3_ObjectBased_R8.pth,E,7,8,216,42.2665,26,Background
SE-Conv-L3_ObjectBased_R8.pth,E,8,8,215,54.269867,78,Background
SE-Conv-L3_ObjectBased_R8.pth,E,9,8,146,28.506113,0,Nose
SE-Conv-L3_ObjectBased_R8.pth,E,10,8,215,85.85782,78,Background
SE-Conv-L3_ObjectBased_R8.pth,E,11,8,60,42.563927,78,Background
SE-Conv-L3_ObjectBased_R8.pth,E,12,8,163,25.972393,78,Background
SE-Conv-L3_ObjectBased_R8.pth,E,13,8,0,95.286476,112,Background
SE-Conv-L3_ObjectBased_R8.pth,E,14,8,215,58.273693,95,Background
SE-Conv-L3_ObjectBased_R8.pth,E,15,8,0,126.50541,146,Background
SE-Conv-L3_ObjectBased_R8.pth,E,16,8,0,0,0,Background
SE-Conv-L3_ObjectBased_R8.pth,E,17,8,0,144.52213,146,Background
SE-Conv-L3_ObjectBased_R8.pth,E,18,8,0,126.93492,146,Background
SE-Conv-L3_ObjectBased_R8.pth,E,19,8,60,117.16694,146,Background
SE-Conv-L3_ObjectBased_R8.pth,E,20,8,0,90.46621,112,Background
SE-Conv-L3_ObjectBased_R8.pth,E,21,8,0,103.11684,146,Background
SE-Conv-L3_ObjectBased_R8.pth,Full,1,8,0,0,0,Background
SE-Conv-L3_ObjectBased_R8.pth,Full,2,8,0,0,0,Background
SE-Conv-L3_ObjectBased_R8.pth,Full,3,8,0,0,0,Background
SE-Conv-L3_ObjectBased_R8.pth,Full,4,8,0,0,0,Background
SE-Conv-L3_ObjectBased_R8.pth,Full,5,8,0,0,0,Background
SE-Conv-L3_ObjectBased_R8.pth,Full,6,8,0,0,0,Background
SE-Conv-L3_ObjectBased_R8.pth,Full,7,8,0,0,0,Background
SE-Conv-L3_ObjectBased_R8.pth,Full,8,8,0,0,0,Background
SE-Conv-L3_ObjectBased_R8.pth,Full,9,8,180,17.277397,0,Mouth
SE-Conv-L3_ObjectBased_R8.pth,Full,10,8,0,0,0,Background
SE-Conv-L3_ObjectBased_R8.pth,Full,11,8,0,0,0,Background
SE-Conv-L3_ObjectBased_R8.pth,Full,12,8,0,0,0,Background
SE-Conv-L3_ObjectBased_R8.pth,Full,13,8,0,0,0,Background
SE-Conv-L3_ObjectBased_R8.pth,Full,14,8,215,17.234371,0,Background
SE-Conv-L3_ObjectBased_R8.pth,Full,15,8,215,17.661327,0,Background
SE-Conv-L3_ObjectBased_R8.pth,Full,16,8,216,48.480247,0,Background
SE-Conv-L3_ObjectBased_R8.pth,Full,17,8,0,0,0,Background
SE-Conv-L3_ObjectBased_R8.pth,Full,18,8,215,38.763805,0,Background
SE-Conv-L3_ObjectBased_R8.pth,Full,19,8,215,17.234371,0,Background
SE-Conv-L3_ObjectBased_R8.pth,Full,20,8,215,17.234371,0,Background
SE-Conv-L3_ObjectBased_R8.pth,Full,21,8,215,24.632582,0,Background
SE-Conv-L3_ObjectBased_R8.pth,M,1,8,215,62.887173,0,Background
SE-Conv-L3_ObjectBased_R8.pth,M,2,8,215,51.56463,0,Background
SE-Conv-L3_ObjectBased_R8.pth,M,3,8,218,89.424614,0,Background
SE-Conv-L3_ObjectBased_R8.pth,M,4,8,215,105.85364,0,Background
SE-Conv-L3_ObjectBased_R8.pth,M,5,8,215,122.32894,0,Background
SE-Conv-L3_ObjectBased_R8.pth,M,6,8,215,124.08822,0,Background
SE-Conv-L3_ObjectBased_R8.pth,M,7,8,215,136.36174,0,Background
SE-Conv-L3_ObjectBased_R8.pth,M,8,8,215,71.18538,0,Background
SE-Conv-L3_ObjectBased_R8.pth,M,9,8,215,96.449425,0,Background
SE-Conv-L3_ObjectBased_R8.pth,M,10,8,218,109.43122,0,Background
SE-Conv-L3_ObjectBased_R8.pth,M,11,8,215,118.91477,0,Background
SE-Conv-L3_ObjectBased_R8.pth,M,12,8,215,78.2103,0,Background
SE-Conv-L3_ObjectBased_R8.pth,M,13,8,215,108.685936,0,Background
SE-Conv-L3_ObjectBased_R8.pth,M,14,8,215,64.23542,0,Background
SE-Conv-L3_ObjectBased_R8.pth,M,15,8,60,74.41608,0,Background
SE-Conv-L3_ObjectBased_R8.pth,M,16,8,60,55.628265,0,Background
SE-Conv-L3_ObjectBased_R8.pth,M,17,8,60,56.996296,0,Background
SE-Conv-L3_ObjectBased_R8.pth,M,18,8,60,92.17001,0,Background
SE-Conv-L3_ObjectBased_R8.pth,M,19,8,215,84.71716,0,Background
SE-Conv-L3_ObjectBased_R8.pth,M,20,8,215,102.71156,0,Background
SE-Conv-L3_ObjectBased_R8.pth,M,21,8,215,110.16325,0,Background
SE-Conv-L3_ObjectBased_R8.pth,N,1,8,217,111.73,77,Background
SE-Conv-L3_ObjectBased_R8.pth,N,2,8,181,90.22267,78,Mouth
SE-Conv-L3_ObjectBased_R8.pth,N,3,8,215,98.05524,25,Background
SE-Conv-L3_ObjectBased_R8.pth,N,4,8,215,111.30687,94,Background
SE-Conv-L3_ObjectBased_R8.pth,N,5,8,215,127.66582,94,Background
SE-Conv-L3_ObjectBased_R8.pth,N,6,8,215,45.661636,0,Background
SE-Conv-L3_ObjectBased_R8.pth,N,7,8,215,55.81488,0,Background
SE-Conv-L3_ObjectBased_R8.pth,N,8,8,215,47.93753,0,Background
SE-Conv-L3_ObjectBased_R8.pth,N,9,8,215,85.68798,25,Background
SE-Conv-L3_ObjectBased_R8.pth,N,10,8,215,49.542744,0,Background
SE-Conv-L3_ObjectBased_R8.pth,N,11,8,163,39.79181,0,Background
SE-Conv-L3_ObjectBased_R8.pth,N,12,8,216,62.913486,0,Background
SE-Conv-L3_ObjectBased_R8.pth,N,13,8,215,70.81178,0,Background
SE-Conv-L3_ObjectBased_R8.pth,N,14,8,215,45.34399,0,Background
SE-Conv-L3_ObjectBased_R8.pth,N,15,8,215,32.385063,0,Background
SE-Conv-L3_ObjectBased_R8.pth,N,16,8,219,65.97583,0,Background
SE-Conv-L3_ObjectBased_R8.pth,N,17,8,215,96.46048,0,Background
SE-Conv-L3_ObjectBased_R8.pth,N,18,8,215,54.18161,0,Background
SE-Conv-L3_ObjectBased_R8.pth,N,19,8,215,41.626,0,Background
SE-Conv-L3_ObjectBased_R8.pth,N,20,8,215,47.0335,0,Background
SE-Conv-L3_ObjectBased_R8.pth,N,21,8,215,32.03885,0,Background
SE-Conv-L4_FaceBased_R16.pth,E,1,16,215,112.469734,128,Background
SE-Conv-L4_FaceBased_R16.pth,E,2,16,219,139.50885,128,Background
SE-Conv-L4_FaceBased_R16.pth,E,3,16,215,158.36198,129,Background
SE-Conv-L4_FaceBased_R16.pth,E,4,16,215,155.38106,0,Background
SE-Conv-L4_FaceBased_R16.pth,E,5,16,215,169.32858,129,Background
SE-Conv-L4_FaceBased_R16.pth,E,6,16,215,173.60803,146,Background
SE-Conv-L4_FaceBased_R16.pth,E,7,16,215,174.28148,0,Background
SE-Conv-L4_FaceBased_R16.pth,E,8,16,215,166.16718,180,Background
SE-Conv-L4_FaceBased_R16.pth,E,9,16,215,152.64758,0,Background
SE-Conv-L4_FaceBased_R16.pth,E,10,16,215,163.3414,181,Background
SE-Conv-L4_FaceBased_R16.pth,E,11,16,215,143.26276,180,Background
SE-Conv-L4_FaceBased_R16.pth,E,12,16,215,168.70654,180,Background
SE-Conv-L4_FaceBased_R16.pth,E,13,16,215,150.68309,0,Background
SE-Conv-L4_FaceBased_R16.pth,E,14,16,215,145.72673,0,Background
SE-Conv-L4_FaceBased_R16.pth,E,15,16,215,157.4617,0,Background
SE-Conv-L4_FaceBased_R16.pth,E,16,16,216,110.82123,0,Background
SE-Conv-L4_FaceBased_R16.pth,E,17,16,215,114.584305,0,Background
SE-Conv-L4_FaceBased_R16.pth,E,18,16,215,76.4136,0,Background
SE-Conv-L4_FaceBased_R16.pth,E,19,16,146,83.319786,181,Nose
SE-Conv-L4_FaceBased_R16.pth,E,20,16,146,17.661327,0,Nose
SE-Conv-L4_FaceBased_R16.pth,E,21,16,146,17.661327,0,Nose
SE-Conv-L4_FaceBased_R16.pth,Full,1,16,181,79.426765,0,Mouth
SE-Conv-L4_FaceBased_R16.pth,Full,2,16,129,100.475296,0,Nose
SE-Conv-L4_FaceBased_R16.pth,Full,3,16,129,101.72335,0,Nose
SE-Conv-L4_FaceBased_R16.pth,Full,4,16,146,29.27939,0,Nose
SE-Conv-L4_FaceBased_R16.pth,Full,5,16,146,30.612658,0,Nose
SE-Conv-L4_FaceBased_R16.pth,Full,6,16,94,93.79236,0,Eyes
SE-Conv-L4_FaceBased_R16.pth,Full,7,16,0,0,0,Background
SE-Conv-L4_FaceBased_R16.pth,Full,8,16,0,0,0,Background
SE-Conv-L4_FaceBased_R16.pth,Full,9,16,0,0,0,Background
SE-Conv-L4_FaceBased_R16.pth,Full,10,16,0,0,0,Background
SE-Conv-L4_FaceBased_R16.pth,Full,11,16,0,0,0,Background
SE-Conv-L4_FaceBased_R16.pth,Full,12,16,215,107.77441,0,Background
SE-Conv-L4_FaceBased_R16.pth,Full,13,16,215,119.31142,0,Background
SE-Conv-L4_FaceBased_R16.pth,Full,14,16,163,58.158985,0,Background
SE-Conv-L4_FaceBased_R16.pth,Full,15,16,146,51.779995,0,Nose
SE-Conv-L4_FaceBased_R16.pth,Full,16,16,60,75.64865,0,Background
SE-Conv-L4_FaceBased_R16.pth,Full,17,16,60,57.575294,0,Background
SE-Conv-L4_FaceBased_R16.pth,Full,18,16,60,82.52273,0,Background
SE-Conv-L4_FaceBased_R16.pth,Full,19,16,77,72.67188,0,Eyes
SE-Conv-L4_FaceBased_R16.pth,Full,20,16,94,72.45485,0,Eyes
SE-Conv-L4_FaceBased_R16.pth,Full,21,16,94,92.62459,0,Eyes
SE-Conv-L4_FaceBased_R16.pth,M,1,16,77,95.69715,0,Eyes
SE-Conv-L4_FaceBased_R16.pth,M,2,16,77,89.975464,0,Eyes
SE-Conv-L4_FaceBased_R16.pth,M,3,16,77,91.23593,0,Eyes
SE-Conv-L4_FaceBased_R16.pth,M,4,16,77,86.29178,0,Eyes
SE-Conv-L4_FaceBased_R16.pth,M,5,16,77,87.98341,0,Eyes
SE-Conv-L4_FaceBased_R16.pth,M,6,16,181,86.56181,0,Mouth
SE-Conv-L4_FaceBased_R16.pth,M,7,16,146,73.64224,0,Nose
SE-Conv-L4_FaceBased_R16.pth,M,8,16,146,105.03335,0,Nose
SE-Conv-L4_FaceBased_R16.pth,M,9,16,146,106.10472,0,Nose
SE-Conv-L4_FaceBased_R16.pth,M,10,16,146,71.77806,0,Nose
SE-Conv-L4_FaceBased_R16.pth,M,11,16,146,81.46898,0,Nose
SE-Conv-L4_FaceBased_R16.pth,M,12,16,146,103.746315,0,Nose
SE-Conv-L4_FaceBased_R16.pth,M,13,16,146,34.099575,0,Nose
SE-Conv-L4_FaceBased_R16.pth,M,14,16,94,34.609047,0,Eyes
SE-Conv-L4_FaceBased_R16.pth,M,15,16,77,50.288445,0,Eyes
SE-Conv-L4_FaceBased_R16.pth,M,16,16,94,45.75701,0,Eyes
SE-Conv-L4_FaceBased_R16.pth,M,17,16,95,58.855404,0,Eyes
SE-Conv-L4_FaceBased_R16.pth,M,18,16,94,62.80317,0,Eyes
SE-Conv-L4_FaceBased_R16.pth,M,19,16,77,47.379066,0,Eyes
SE-Conv-L4_FaceBased_R16.pth,M,20,16,77,68.57001,0,Eyes
SE-Conv-L4_FaceBased_R16.pth,M,21,16,77,75.240005,0,Eyes
SE-Conv-L4_FaceBased_R16.pth,N,1,16,215,88.662254,0,Background
SE-Conv-L4_FaceBased_R16.pth,N,2,16,198,96.58071,0,Mouth
SE-Conv-L4_FaceBased_R16.pth,N,3,16,198,118.824036,0,Mouth
SE-Conv-L4_FaceBased_R16.pth,N,4,16,198,140.02046,0,Mouth
SE-Conv-L4_FaceBased_R16.pth,N,5,16,198,134.0932,0,Mouth
SE-Conv-L4_FaceBased_R16.pth,N,6,16,198,134.71367,0,Mouth
SE-Conv-L4_FaceBased_R16.pth,N,7,16,198,143.2395,146,Mouth
SE-Conv-L4_FaceBased_R16.pth,N,8,16,215,152.52893,0,Background
SE-Conv-L4_FaceBased_R16.pth,N,9,16,198,112.28827,0,Mouth
SE-Conv-L4_FaceBased_R16.pth,N,10,16,215,96.57593,0,Background
SE-Conv-L4_FaceBased_R16.pth,N,11,16,198,22.062979,0,Mouth
SE-Conv-L4_FaceBased_R16.pth,N,12,16,60,49.282005,0,Background
SE-Conv-L4_FaceBased_R16.pth,N,13,16,60,58.37808,0,Background
SE-Conv-L4_FaceBased_R16.pth,N,14,16,60,119.39462,0,Background
SE-Conv-L4_FaceBased_R16.pth,N,15,16,198,69.94452,0,Mouth
SE-Conv-L4_FaceBased_R16.pth,N,16,16,198,120.160385,111,Mouth
SE-Conv-L4_FaceBased_R16.pth,N,17,16,198,118.96834,111,Mouth
SE-Conv-L4_FaceBased_R16.pth,N,18,16,198,109.78659,95,Mouth
SE-Conv-L4_FaceBased_R16.pth,N,19,16,198,121.64524,111,Mouth
SE-Conv-L4_FaceBased_R16.pth,N,20,16,198,137.41113,112,Mouth
SE-Conv-L4_FaceBased_R16.pth,N,21,16,198,127.95035,111,Mouth
SE-Conv-L4_FaceBased_R2.pth,E,1,2,146,17.661327,0,Nose
SE-Conv-L4_FaceBased_R2.pth,E,2,2,146,17.661327,0,Nose
SE-Conv-L4_FaceBased_R2.pth,E,3,2,0,0,0,Background
SE-Conv-L4_FaceBased_R2.pth,E,4,2,146,17.661327,0,Nose
SE-Conv-L4_FaceBased_R2.pth,E,5,2,146,17.661327,0,Nose
SE-Conv-L4_FaceBased_R2.pth,E,6,2,146,27.258972,0,Nose
SE-Conv-L4_FaceBased_R2.pth,E,7,2,146,17.661327,0,Nose
SE-Conv-L4_FaceBased_R2.pth,E,8,2,146,28.23808,0,Nose
SE-Conv-L4_FaceBased_R2.pth,E,9,2,146,29.806751,0,Nose
SE-Conv-L4_FaceBased_R2.pth,E,10,2,163,36.260742,0,Background
SE-Conv-L4_FaceBased_R2.pth,E,11,2,146,25.272251,0,Nose
SE-Conv-L4_FaceBased_R2.pth,E,12,2,146,17.661327,0,Nose
SE-Conv-L4_FaceBased_R2.pth,E,13,2,180,28.163605,0,Mouth
SE-Conv-L4_FaceBased_R2.pth,E,14,2,0,0,0,Background
SE-Conv-L4_FaceBased_R2.pth,E,15,2,0,0,0,Background
SE-Conv-L4_FaceBased_R2.pth,E,16,2,180,80.56093,146,Mouth
SE-Conv-L4_FaceBased_R2.pth,E,17,2,180,78.84648,145,Mouth
SE-Conv-L4_FaceBased_R2.pth,E,18,2,180,80.652176,95,Mouth
SE-Conv-L4_FaceBased_R2.pth,E,19,2,180,33.63903,0,Mouth
SE-Conv-L4_FaceBased_R2.pth,E,20,2,180,86.689545,0,Mouth
SE-Conv-L4_FaceBased_R2.pth,E,21,2,180,92.05503,145,Mouth
SE-Conv-L4_FaceBased_R2.pth,Full,1,2,180,30.929855,0,Mouth
SE-Conv-L4_FaceBased_R2.pth,Full,2,2,180,67.30761,0,Mouth
SE-Conv-L4_FaceBased_R2.pth,Full,3,2,164,75.78546,0,Background
SE-Conv-L4_FaceBased_R2.pth,Full,4,2,164,74.9875,215,Background
SE-Conv-L4_FaceBased_R2.pth,Full,5,2,180,63.452797,128,Mouth
SE-Conv-L4_FaceBased_R2.pth,Full,6,2,180,50.218487,60,Mouth
SE-Conv-L4_FaceBased_R2.pth,Full,7,2,180,75.68006,111,Mouth
SE-Conv-L4_FaceBased_R2.pth,Full,8,2,180,83.5316,95,Mouth
SE-Conv-L4_FaceBased_R2.pth,Full,9,2,164,62.921623,215,Background
SE-Conv-L4_FaceBased_R2.pth,Full,10,2,0,81.48244,215,Background
SE-Conv-L4_FaceBased_R2.pth,Full,11,2,180,95.033806,215,Mouth
SE-Conv-L4_FaceBased_R2.pth,Full,12,2,215,153.05016,0,Background
SE-Conv-L4_FaceBased_R2.pth,Full,13,2,215,155.479,0,Background
SE-Conv-L4_FaceBased_R2.pth,Full,14,2,215,125.11921,0,Background
SE-Conv-L4_FaceBased_R2.pth,Full,15,2,215,144.80681,0,Background
SE-Conv-L4_FaceBased_R2.pth,Full,16,2,163,82.6131,60,Background
SE-Conv-L4_FaceBased_R2.pth,Full,17,2,163,81.500595,26,Background
SE-Conv-L4_FaceBased_R2.pth,Full,18,2,181,100.80478,0,Mouth
SE-Conv-L4_FaceBased_R2.pth,Full,19,2,163,45.534096,0,Background
SE-Conv-L4_FaceBased_R2.pth,Full,20,2,215,39.38915,0,Background
SE-Conv-L4_FaceBased_R2.pth,Full,21,2,146,17.661327,0,Nose
SE-Conv-L4_FaceBased_R2.pth,M,1,2,0,0,0,Background
SE-Conv-L4_FaceBased_R2.pth,M,2,2,0,0,0,Background
SE-Conv-L4_FaceBased_R2.pth,M,3,2,0,37.29196,26,Background
SE-Conv-L4_FaceBased_R2.pth,M,4,2,215,17.234375,0,Background
SE-Conv-L4_FaceBased_R2.pth,M,5,2,77,37.71994,59,Eyes
SE-Conv-L4_FaceBased_R2.pth,M,6,2,112,34.13831,60,Background
SE-Conv-L4_FaceBased_R2.pth,M,7,2,218,53.367203,0,Background
SE-Conv-L4_FaceBased_R2.pth,M,8,2,215,89.750046,0,Background
SE-Conv-L4_FaceBased_R2.pth,M,9,2,0,0,0,Background
SE-Conv-L4_FaceBased_R2.pth,M,10,2,0,0,0,Background
SE-Conv-L4_FaceBased_R2.pth,M,11,2,60,30.70048,0,Background
SE-Conv-L4_FaceBased_R2.pth,M,12,2,215,17.501135,0,Background
SE-Conv-L4_FaceBased_R2.pth,M,13,2,0,0,0,Background
SE-Conv-L4_FaceBased_R2.pth,M,14,2,129,17.424381,0,Nose
SE-Conv-L4_FaceBased_R2.pth,M,15,2,146,44.836433,0,Nose
SE-Conv-L4_FaceBased_R2.pth,M,16,2,129,17.424381,0,Nose
SE-Conv-L4_FaceBased_R2.pth,M,17,2,60,42.435883,0,Background
SE-Conv-L4_FaceBased_R2.pth,M,18,2,0,0,0,Background
SE-Conv-L4_FaceBased_R2.pth,M,19,2,215,26.060102,0,Background
SE-Conv-L4_FaceBased_R2.pth,M,20,2,60,31.843885,0,Background
SE-Conv-L4_FaceBased_R2.pth,M,21,2,215,104.00119,0,Background
SE-Conv-L4_FaceBased_R2.pth,N,1,2,77,25.140987,0,Eyes
SE-Conv-L4_FaceBased_R2.pth,N,2,2,60,19.35445,0,Background
SE-Conv-L4_FaceBased_R2.pth,N,3,2,215,73.203674,43,Background
SE-Conv-L4_FaceBased_R2.pth,N,4,2,215,76.040115,43,Background
SE-Conv-L4_FaceBased_R2.pth,N,5,2,215,90.8436,78,Background
SE-Conv-L4_FaceBased_R2.pth,N,6,2,198,48.338165,78,Mouth
SE-Conv-L4_FaceBased_R2.pth,N,7,2,198,106.15124,77,Mouth
SE-Conv-L4_FaceBased_R2.pth,N,8,2,215,84.55448,60,Background
SE-Conv-L4_FaceBased_R2.pth,N,9,2,215,80.499115,60,Background
SE-Conv-L4_FaceBased_R2.pth,N,10,2,198,43.44181,0,Mouth
SE-Conv-L4_FaceBased_R2.pth,N,11,2,218,56.815586,26,Background
SE-Conv-L4_FaceBased_R2.pth,N,12,2,215,70.3291,0,Background
SE-Conv-L4_FaceBased_R2.pth,N,13,2,215,98.11452,0,Background
SE-Conv-L4_FaceBased_R2.pth,N,14,2,215,139.35431,0,Background
SE-Conv-L4_FaceBased_R2.pth,N,15,2,215,101.99291,0,Background
SE-Conv-L4_FaceBased_R2.pth,N,16,2,217,126.66253,0,Background
SE-Conv-L4_FaceBased_R2.pth,N,17,2,215,102.21662,0,Background
SE-Conv-L4_FaceBased_R2.pth,N,18,2,215,167.02164,0,Background
SE-Conv-L4_FaceBased_R2.pth,N,19,2,215,135.88477,0,Background
SE-Conv-L4_FaceBased_R2.pth,N,20,2,215,110.09096,0,Background
SE-Conv-L4_FaceBased_R2.pth,N,21,2,215,129.62367,146,Background
SE-Conv-L4_FaceBased_R32.pth,E,1,32,112,65.822105,0,Background
SE-Conv-L4_FaceBased_R32.pth,E,2,32,111,55.30486,0,Background
SE-Conv-L4_FaceBased_R32.pth,E,3,32,0,0,0,Background
SE-Conv-L4_FaceBased_R32.pth,E,4,32,0,0,0,Background
SE-Conv-L4_FaceBased_R32.pth,E,5,32,0,0,0,Background
SE-Conv-L4_FaceBased_R32.pth,E,6,32,0,0,0,Background
SE-Conv-L4_FaceBased_R32.pth,E,7,32,0,0,0,Background
SE-Conv-L4_FaceBased_R32.pth,E,8,32,0,0,0,Background
SE-Conv-L4_FaceBased_R32.pth,E,9,32,0,0,0,Background
SE-Conv-L4_FaceBased_R32.pth,E,10,32,0,0,0,Background
SE-Conv-L4_FaceBased_R32.pth,E,11,32,0,0,0,Background
SE-Conv-L4_FaceBased_R32.pth,E,12,32,0,0,0,Background
SE-Conv-L4_FaceBased_R32.pth,E,13,32,0,0,0,Background
SE-Conv-L4_FaceBased_R32.pth,E,14,32,0,0,0,Background
SE-Conv-L4_FaceBased_R32.pth,E,15,32,163,19.937351,0,Background
SE-Conv-L4_FaceBased_R32.pth,E,16,32,0,0,0,Background
SE-Conv-L4_FaceBased_R32.pth,E,17,32,0,0,0,Background
SE-Conv-L4_FaceBased_R32.pth,E,18,32,0,0,0,Background
SE-Conv-L4_FaceBased_R32.pth,E,19,32,180,17.66895,0,Mouth
SE-Conv-L4_FaceBased_R32.pth,E,20,32,112,17.277405,0,Background
SE-Conv-L4_FaceBased_R32.pth,E,21,32,180,34.873672,0,Mouth
SE-Conv-L4_FaceBased_R32.pth,Full,1,32,215,57.800213,0,Background
SE-Conv-L4_FaceBased_R32.pth,Full,2,32,77,34.67717,0,Eyes
SE-Conv-L4_FaceBased_R32.pth,Full,3,32,77,22.70516,0,Eyes
SE-Conv-L4_FaceBased_R32.pth,Full,4,32,94,41.16028,0,Eyes
SE-Conv-L4_FaceBased_R32.pth,Full,5,32,129,17.424381,0,Nose
SE-Conv-L4_FaceBased_R32.pth,Full,6,32,111,62.621315,0,Background
SE-Conv-L4_FaceBased_R32.pth,Full,7,32,180,38.971497,0,Mouth
SE-Conv-L4_FaceBased_R32.pth,Full,8,32,129,54.489838,0,Nose
SE-Conv-L4_FaceBased_R32.pth,Full,9,32,219,17.661327,0,Background
SE-Conv-L4_FaceBased_R32.pth,Full,10,32,129,17.501133,0,Nose
SE-Conv-L4_FaceBased_R32.pth,Full,11,32,129,26.69012,0,Nose
SE-Conv-L4_FaceBased_R32.pth,Full,12,32,0,0,0,Background
SE-Conv-L4_FaceBased_R32.pth,Full,13,32,146,41.560856,198,Nose
SE-Conv-L4_FaceBased_R32.pth,Full,14,32,146,74.22861,215,Nose
SE-Conv-L4_FaceBased_R32.pth,Full,15,32,60,48.525375,164,Background
SE-Conv-L4_FaceBased_R32.pth,Full,16,32,146,79.43288,215,Nose
SE-Conv-L4_FaceBased_R32.pth,Full,17,32,94,67.74471,198,Eyes
SE-Conv-L4_FaceBased_R32.pth,Full,18,32,0,0,0,Background
SE-Conv-L4_FaceBased_R32.pth,Full,19,32,163,17.424377,0,Background
SE-Conv-L4_FaceBased_R32.pth,Full,20,32,163,17.424377,0,Background
SE-Conv-L4_FaceBased_R32.pth,Full,21,32,0,0,0,Background
SE-Conv-L4_FaceBased_R32.pth,M,1,32,77,79.67067,0,Eyes
SE-Conv-L4_FaceBased_R32.pth,M,2,32,77,73.77848,0,Eyes
SE-Conv-L4_FaceBased_R32.pth,M,3,32,77,74.45108,0,Eyes
SE-Conv-L4_FaceBased_R32.pth,M,4,32,77,68.96166,0,Eyes
SE-Conv-L4_FaceBased_R32.pth,M,5,32,77,46.437958,0,Eyes
SE-Conv-L4_FaceBased_R32.pth,M,6,32,94,56.547623,0,Eyes
SE-Conv-L4_FaceBased_R32.pth,M,7,32,94,62.192917,0,Eyes
SE-Conv-L4_FaceBased_R32.pth,M,8,32,111,66.75174,26,Background
SE-Conv-L4_FaceBased_R32.pth,M,9,32,95,64.79932,26,Eyes
SE-Conv-L4_FaceBased_R32.pth,M,10,32,94,72.531204,43,Eyes
SE-Conv-L4_FaceBased_R32.pth,M,11,32,95,69.93715,181,Eyes
SE-Conv-L4_FaceBased_R32.pth,M,12,32,95,71.34741,198,Eyes
SE-Conv-L4_FaceBased_R32.pth,M,13,32,111,80.533516,43,Background
SE-Conv-L4_FaceBased_R32.pth,M,14,32,128,81.75624,43,Nose
SE-Conv-L4_FaceBased_R32.pth,M,15,32,111,85.89739,198,Background
SE-Conv-L4_FaceBased_R32.pth,M,16,32,94,75.10158,26,Eyes
SE-Conv-L4_FaceBased_R32.pth,M,17,32,112,88.99521,43,Background
SE-Conv-L4_FaceBased_R32.pth,M,18,32,95,80.33158,26,Eyes
SE-Conv-L4_FaceBased_R32.pth,M,19,32,129,57.311077,0,Nose
SE-Conv-L4_FaceBased_R32.pth,M,20,32,112,66.06448,26,Background
SE-Conv-L4_FaceBased_R32.pth,M,21,32,112,77.29651,164,Background
SE-Conv-L4_FaceBased_R32.pth,N,1,32,0,0,0,Background
SE-Conv-L4_FaceBased_R32.pth,N,2,32,0,0,0,Background
SE-Conv-L4_FaceBased_R32.pth,N,3,32,0,0,0,Background
SE-Conv-L4_FaceBased_R32.pth,N,4,32,0,0,0,Background
SE-Conv-L4_FaceBased_R32.pth,N,5,32,0,0,0,Background
SE-Conv-L4_FaceBased_R32.pth,N,6,32,0,0,0,Background
SE-Conv-L4_FaceBased_R32.pth,N,7,32,0,0,0,Background
SE-Conv-L4_FaceBased_R32.pth,N,8,32,0,0,0,Background
SE-Conv-L4_FaceBased_R32.pth,N,9,32,0,0,0,Background
SE-Conv-L4_FaceBased_R32.pth,N,10,32,0,0,0,Background
SE-Conv-L4_FaceBased_R32.pth,N,11,32,0,0,0,Background
SE-Conv-L4_FaceBased_R32.pth,N,12,32,0,0,0,Background
SE-Conv-L4_FaceBased_R32.pth,N,13,32,0,0,0,Background
SE-Conv-L4_FaceBased_R32.pth,N,14,32,0,0,0,Background
SE-Conv-L4_FaceBased_R32.pth,N,15,32,215,17.424381,0,Background
SE-Conv-L4_FaceBased_R32.pth,N,16,32,0,0,0,Background
SE-Conv-L4_FaceBased_R32.pth,N,17,32,215,17.424381,0,Background
SE-Conv-L4_FaceBased_R32.pth,N,18,32,215,38.929424,0,Background
SE-Conv-L4_FaceBased_R32.pth,N,19,32,215,71.52976,0,Background
SE-Conv-L4_FaceBased_R32.pth,N,20,32,215,112.83594,0,Background
SE-Conv-L4_FaceBased_R32.pth,N,21,32,215,133.09227,26,Background
SE-Conv-L4_FaceBased_R4.pth,E,1,4,129,17.277397,0,Nose
SE-Conv-L4_FaceBased_R4.pth,E,2,4,129,24.694113,0,Nose
SE-Conv-L4_FaceBased_R4.pth,E,3,4,129,47.862473,0,Nose
SE-Conv-L4_FaceBased_R4.pth,E,4,4,0,17.234367,26,Background
SE-Conv-L4_FaceBased_R4.pth,E,5,4,112,17.991701,0,Background
SE-Conv-L4_FaceBased_R4.pth,E,6,4,0,0,0,Background
SE-Conv-L4_FaceBased_R4.pth,E,7,4,0,0,0,Background
SE-Conv-L4_FaceBased_R4.pth,E,8,4,0,0,0,Background
SE-Conv-L4_FaceBased_R4.pth,E,9,4,198,45.95881,26,Mouth
SE-Conv-L4_FaceBased_R4.pth,E,10,4,129,71.75423,215,Nose
SE-Conv-L4_FaceBased_R4.pth,E,11,4,129,87.223526,60,Nose
SE-Conv-L4_FaceBased_R4.pth,E,12,4,129,83.05168,26,Nose
SE-Conv-L4_FaceBased_R4.pth,E,13,4,129,71.27316,0,Nose
SE-Conv-L4_FaceBased_R4.pth,E,14,4,129,87.87447,26,Nose
SE-Conv-L4_FaceBased_R4.pth,E,15,4,129,23.330814,0,Nose
SE-Conv-L4_FaceBased_R4.pth,E,16,4,129,56.123672,0,Nose
SE-Conv-L4_FaceBased_R4.pth,E,17,4,129,23.116022,0,Nose
SE-Conv-L4_FaceBased_R4.pth,E,18,4,129,20.753365,0,Nose
SE-Conv-L4_FaceBased_R4.pth,E,19,4,180,64.72957,0,Mouth
SE-Conv-L4_FaceBased_R4.pth,E,20,4,180,63.645008,0,Mouth
SE-Conv-L4_FaceBased_R4.pth,E,21,4,77,76.96831,0,Eyes
SE-Conv-L4_FaceBased_R4.pth,Full,1,4,146,20.671415,78,Nose
SE-Conv-L4_FaceBased_R4.pth,Full,2,4,94,38.99814,0,Eyes
SE-Conv-L4_FaceBased_R4.pth,Full,3,4,94,46.52787,198,Eyes
SE-Conv-L4_FaceBased_R4.pth,Full,4,4,94,42.74633,215,Eyes
SE-Conv-L4_FaceBased_R4.pth,Full,5,4,94,17.66134,26,Eyes
SE-Conv-L4_FaceBased_R4.pth,Full,6,4,94,18.165102,26,Eyes
SE-Conv-L4_FaceBased_R4.pth,Full,7,4,129,20.703064,26,Nose
SE-Conv-L4_FaceBased_R4.pth,Full,8,4,95,26.887285,198,Eyes
SE-Conv-L4_FaceBased_R4.pth,Full,9,4,111,54.16802,215,Background
SE-Conv-L4_FaceBased_R4.pth,Full,10,4,94,94.66609,215,Eyes
SE-Conv-L4_FaceBased_R4.pth,Full,11,4,94,103.61335,215,Eyes
SE-Conv-L4_FaceBased_R4.pth,Full,12,4,94,106.17813,215,Eyes
SE-Conv-L4_FaceBased_R4.pth,Full,13,4,94,108.94185,215,Eyes
SE-Conv-L4_FaceBased_R4.pth,Full,14,4,94,86.80119,215,Eyes
SE-Conv-L4_FaceBased_R4.pth,Full,15,4,0,48.031075,198,Background
SE-Conv-L4_FaceBased_R4.pth,Full,16,4,94,97.82153,197,Eyes
SE-Conv-L4_FaceBased_R4.pth,Full,17,4,215,38.046585,0,Background
SE-Conv-L4_FaceBased_R4.pth,Full,18,4,60,113.642044,0,Background
SE-Conv-L4_FaceBased_R4.pth,Full,19,4,180,72.12367,0,Mouth
SE-Conv-L4_FaceBased_R4.pth,Full,20,4,180,43.37695,129,Mouth
SE-Conv-L4_FaceBased_R4.pth,Full,21,4,60,28.954908,0,Background
SE-Conv-L4_FaceBased_R4.pth,M,1,4,111,71.17134,181,Background
SE-Conv-L4_FaceBased_R4.pth,M,2,4,95,75.03735,197,Eyes
SE-Conv-L4_FaceBased_R4.pth,M,3,4,43,90.19061,180,Background
SE-Conv-L4_FaceBased_R4.pth,M,4,4,94,86.37344,180,Eyes
SE-Conv-L4_FaceBased_R4.pth,M,5,4,94,76.06891,180,Eyes
SE-Conv-L4_FaceBased_R4.pth,M,6,4,94,68.15013,129,Eyes
SE-Conv-L4_FaceBased_R4.pth,M,7,4,77,67.33082,129,Eyes
SE-Conv-L4_FaceBased_R4.pth,M,8,4,42,98.892685,129,Background
SE-Conv-L4_FaceBased_R4.pth,M,9,4,77,90.27003,129,Eyes
SE-Conv-L4_FaceBased_R4.pth,M,10,4,77,90.08275,129,Eyes
SE-Conv-L4_FaceBased_R4.pth,M,11,4,60,100.85599,129,Background
SE-Conv-L4_FaceBased_R4.pth,M,12,4,77,99.46284,129,Eyes
SE-Conv-L4_FaceBased_R4.pth,M,13,4,94,79.62738,0,Eyes
SE-Conv-L4_FaceBased_R4.pth,M,14,4,94,76.924805,180,Eyes
SE-Conv-L4_FaceBased_R4.pth,M,15,4,94,78.388336,180,Eyes
SE-Conv-L4_FaceBased_R4.pth,M,16,4,94,85.09546,197,Eyes
SE-Conv-L4_FaceBased_R4.pth,M,17,4,94,86.4738,0,Eyes
SE-Conv-L4_FaceBased_R4.pth,M,18,4,94,90.59347,197,Eyes
SE-Conv-L4_FaceBased_R4.pth,M,19,4,94,99.889404,197,Eyes
SE-Conv-L4_FaceBased_R4.pth,M,20,4,95,94.50173,181,Eyes
SE-Conv-L4_FaceBased_R4.pth,M,21,4,94,98.26504,197,Eyes
SE-Conv-L4_FaceBased_R4.pth,N,1,4,94,74.53332,0,Eyes
SE-Conv-L4_FaceBased_R4.pth,N,2,4,94,62.715992,0,Eyes
SE-Conv-L4_FaceBased_R4.pth,N,3,4,94,76.7854,0,Eyes
SE-Conv-L4_FaceBased_R4.pth,N,4,4,77,78.61771,0,Eyes
SE-Conv-L4_FaceBased_R4.pth,N,5,4,94,72.09707,0,Eyes
SE-Conv-L4_FaceBased_R4.pth,N,6,4,94,70.7928,0,Eyes
SE-Conv-L4_FaceBased_R4.pth,N,7,4,94,63.55524,0,Eyes
SE-Conv-L4_FaceBased_R4.pth,N,8,4,77,72.85308,25,Eyes
SE-Conv-L4_FaceBased_R4.pth,N,9,4,94,70.79291,0,Eyes
SE-Conv-L4_FaceBased_R4.pth,N,10,4,94,91.49161,146,Eyes
SE-Conv-L4_FaceBased_R4.pth,N,11,4,77,80.79993,146,Eyes
SE-Conv-L4_FaceBased_R4.pth,N,12,4,94,87.42186,0,Eyes
SE-Conv-L4_FaceBased_R4.pth,N,13,4,94,99.37392,146,Eyes
SE-Conv-L4_FaceBased_R4.pth,N,14,4,94,93.22068,25,Eyes
SE-Conv-L4_FaceBased_R4.pth,N,15,4,78,79.7397,0,Eyes
SE-Conv-L4_FaceBased_R4.pth,N,16,4,111,93.52855,25,Background
SE-Conv-L4_FaceBased_R4.pth,N,17,4,111,62.384216,25,Background
SE-Conv-L4_FaceBased_R4.pth,N,18,4,95,74.1982,25,Eyes
SE-Conv-L4_FaceBased_R4.pth,N,19,4,77,87.78322,0,Eyes
SE-Conv-L4_FaceBased_R4.pth,N,20,4,111,86.43921,25,Background
SE-Conv-L4_FaceBased_R4.pth,N,21,4,111,77.3778,25,Background
SE-Conv-L4_FaceBased_R8.pth,E,1,8,197,75.257416,0,Mouth
SE-Conv-L4_FaceBased_R8.pth,E,2,8,215,63.414032,0,Background
SE-Conv-L4_FaceBased_R8.pth,E,3,8,215,68.1298,0,Background
SE-Conv-L4_FaceBased_R8.pth,E,4,8,215,76.85013,0,Background
SE-Conv-L4_FaceBased_R8.pth,E,5,8,181,71.93691,0,Mouth
SE-Conv-L4_FaceBased_R8.pth,E,6,8,146,76.870605,59,Nose
SE-Conv-L4_FaceBased_R8.pth,E,7,8,146,66.204346,43,Nose
SE-Conv-L4_FaceBased_R8.pth,E,8,8,0,63.850792,26,Background
SE-Conv-L4_FaceBased_R8.pth,E,9,8,146,77.056946,26,Nose
SE-Conv-L4_FaceBased_R8.pth,E,10,8,146,79.38929,26,Nose
SE-Conv-L4_FaceBased_R8.pth,E,11,8,0,111.544846,43,Background
SE-Conv-L4_FaceBased_R8.pth,E,12,8,0,118.16412,59,Background
SE-Conv-L4_FaceBased_R8.pth,E,13,8,146,89.86328,59,Nose
SE-Conv-L4_FaceBased_R8.pth,E,14,8,180,88.71867,59,Mouth
SE-Conv-L4_FaceBased_R8.pth,E,15,8,181,88.95529,43,Mouth
SE-Conv-L4_FaceBased_R8.pth,E,16,8,181,90.6275,59,Mouth
SE-Conv-L4_FaceBased_R8.pth,E,17,8,181,80.24331,26,Mouth
SE-Conv-L4_FaceBased_R8.pth,E,18,8,197,94.16922,60,Mouth
SE-Conv-L4_FaceBased_R8.pth,E,19,8,180,72.25839,26,Mouth
SE-Conv-L4_FaceBased_R8.pth,E,20,8,181,91.7087,26,Mouth
SE-Conv-L4_FaceBased_R8.pth,E,21,8,181,114.38031,215,Mouth
SE-Conv-L4_FaceBased_R8.pth,Full,1,8,215,39.580006,26,Background
SE-Conv-L4_FaceBased_R8.pth,Full,2,8,112,49.635727,26,Background
SE-Conv-L4_FaceBased_R8.pth,Full,3,8,77,72.20348,180,Eyes
SE-Conv-L4_FaceBased_R8.pth,Full,4,8,78,58.32606,180,Eyes
SE-Conv-L4_FaceBased_R8.pth,Full,5,8,112,34.81525,26,Background
SE-Conv-L4_FaceBased_R8.pth,Full,6,8,215,79.004745,180,Background
SE-Conv-L4_FaceBased_R8.pth,Full,7,8,0,45.2472,180,Background
SE-Conv-L4_FaceBased_R8.pth,Full,8,8,215,89.22414,164,Background
SE-Conv-L4_FaceBased_R8.pth,Full,9,8,215,143.5527,180,Background
SE-Conv-L4_FaceBased_R8.pth,Full,10,8,77,86.43059,197,Eyes
SE-Conv-L4_FaceBased_R8.pth,Full,11,8,77,74.12985,0,Eyes
SE-Conv-L4_FaceBased_R8.pth,Full,12,8,215,107.422455,0,Background
SE-Conv-L4_FaceBased_R8.pth,Full,13,8,215,137.87326,25,Background
SE-Conv-L4_FaceBased_R8.pth,Full,14,8,94,73.24501,26,Eyes
SE-Conv-L4_FaceBased_R8.pth,Full,15,8,77,106.794655,25,Eyes
SE-Conv-L4_FaceBased_R8.pth,Full,16,8,181,100.65522,146,Mouth
SE-Conv-L4_FaceBased_R8.pth,Full,17,8,180,63.603386,26,Mouth
SE-Conv-L4_FaceBased_R8.pth,Full,18,8,180,78.16682,26,Mouth
SE-Conv-L4_FaceBased_R8.pth,Full,19,8,180,80.33519,0,Mouth
SE-Conv-L4_FaceBased_R8.pth,Full,20,8,180,56.534714,0,Mouth
SE-Conv-L4_FaceBased_R8.pth,Full,21,8,180,58.626476,0,Mouth
SE-Conv-L4_FaceBased_R8.pth,M,1,8,215,184.33829,146,Background
SE-Conv-L4_FaceBased_R8.pth,M,2,8,215,187.46413,146,Background
SE-Conv-L4_FaceBased_R8.pth,M,3,8,215,113.99259,0,Background
SE-Conv-L4_FaceBased_R8.pth,M,4,8,215,108.57463,0,Background
SE-Conv-L4_FaceBased_R8.pth,M,5,8,215,129.37553,0,Background
SE-Conv-L4_FaceBased_R8.pth,M,6,8,215,188.21754,0,Background
SE-Conv-L4_FaceBased_R8.pth,M,7,8,215,191.38977,0,Background
SE-Conv-L4_FaceBased_R8.pth,M,8,8,215,166.77538,94,Background
SE-Conv-L4_FaceBased_R8.pth,M,9,8,198,146.43839,94,Mouth
SE-Conv-L4_FaceBased_R8.pth,M,10,8,42,132.16396,94,Background
SE-Conv-L4_FaceBased_R8.pth,M,11,8,59,134.91841,0,Background
SE-Conv-L4_FaceBased_R8.pth,M,12,8,26,134.53491,0,Background
SE-Conv-L4_FaceBased_R8.pth,M,13,8,215,121.06935,0,Background
SE-Conv-L4_FaceBased_R8.pth,M,14,8,215,103.82803,0,Background
SE-Conv-L4_FaceBased_R8.pth,M,15,8,215,146.31516,0,Background
SE-Conv-L4_FaceBased_R8.pth,M,16,8,219,171.55959,0,Background
SE-Conv-L4_FaceBased_R8.pth,M,17,8,215,141.40752,0,Background
SE-Conv-L4_FaceBased_R8.pth,M,18,8,220,191.17784,0,Background
SE-Conv-L4_FaceBased_R8.pth,M,19,8,215,183.71179,0,Background
SE-Conv-L4_FaceBased_R8.pth,M,20,8,215,128.33398,0,Background
SE-Conv-L4_FaceBased_R8.pth,M,21,8,60,87.79944,0,Background
SE-Conv-L4_FaceBased_R8.pth,N,1,8,77,98.34271,0,Eyes
SE-Conv-L4_FaceBased_R8.pth,N,2,8,77,106.77478,0,Eyes
SE-Conv-L4_FaceBased_R8.pth,N,3,8,26,103.31041,0,Background
SE-Conv-L4_FaceBased_R8.pth,N,4,8,146,125.7831,0,Nose
SE-Conv-L4_FaceBased_R8.pth,N,5,8,197,110.51861,215,Mouth
SE-Conv-L4_FaceBased_R8.pth,N,6,8,197,138.29564,215,Mouth
SE-Conv-L4_FaceBased_R8.pth,N,7,8,163,112.218704,215,Background
SE-Conv-L4_FaceBased_R8.pth,N,8,8,112,123.11949,215,Background
SE-Conv-L4_FaceBased_R8.pth,N,9,8,111,122.70109,60,Background
SE-Conv-L4_FaceBased_R8.pth,N,10,8,111,100.25746,0,Background
SE-Conv-L4_FaceBased_R8.pth,N,11,8,111,104.539345,215,Background
SE-Conv-L4_FaceBased_R8.pth,N,12,8,26,131.22253,217,Background
SE-Conv-L4_FaceBased_R8.pth,N,13,8,25,135.39369,215,Background
SE-Conv-L4_FaceBased_R8.pth,N,14,8,25,142.75815,215,Background
SE-Conv-L4_FaceBased_R8.pth,N,15,8,25,162.01648,215,Background
SE-Conv-L4_FaceBased_R8.pth,N,16,8,25,150.22572,215,Background
SE-Conv-L4_FaceBased_R8.pth,N,17,8,25,133.15018,215,Background
SE-Conv-L4_FaceBased_R8.pth,N,18,8,25,125.65669,215,Background
SE-Conv-L4_FaceBased_R8.pth,N,19,8,146,96.47447,215,Nose
SE-Conv-L4_FaceBased_R8.pth,N,20,8,146,89.96259,215,Nose
SE-Conv-L4_FaceBased_R8.pth,N,21,8,146,80.190834,198,Nose
SE-Conv-L4_ObjectBased_R16.pth,E,1,16,129,72.58596,0,Nose
SE-Conv-L4_ObjectBased_R16.pth,E,2,16,146,82.59766,0,Nose
SE-Conv-L4_ObjectBased_R16.pth,E,3,16,146,77.58314,0,Nose
SE-Conv-L4_ObjectBased_R16.pth,E,4,16,129,80.14051,0,Nose
SE-Conv-L4_ObjectBased_R16.pth,E,5,16,129,88.10865,0,Nose
SE-Conv-L4_ObjectBased_R16.pth,E,6,16,146,80.53108,0,Nose
SE-Conv-L4_ObjectBased_R16.pth,E,7,16,129,93.24543,0,Nose
SE-Conv-L4_ObjectBased_R16.pth,E,8,16,146,102.52887,0,Nose
SE-Conv-L4_ObjectBased_R16.pth,E,9,16,146,88.301994,0,Nose
SE-Conv-L4_ObjectBased_R16.pth,E,10,16,129,87.809525,0,Nose
SE-Conv-L4_ObjectBased_R16.pth,E,11,16,129,80.51394,0,Nose
SE-Conv-L4_ObjectBased_R16.pth,E,12,16,129,88.93998,0,Nose
SE-Conv-L4_ObjectBased_R16.pth,E,13,16,60,108.90851,0,Background
SE-Conv-L4_ObjectBased_R16.pth,E,14,16,129,66.09327,0,Nose
SE-Conv-L4_ObjectBased_R16.pth,E,15,16,60,96.41755,0,Background
SE-Conv-L4_ObjectBased_R16.pth,E,16,16,43,87.12168,0,Background
SE-Conv-L4_ObjectBased_R16.pth,E,17,16,180,76.40394,0,Mouth
SE-Conv-L4_ObjectBased_R16.pth,E,18,16,180,80.23608,94,Mouth
SE-Conv-L4_ObjectBased_R16.pth,E,19,16,180,96.12669,0,Mouth
SE-Conv-L4_ObjectBased_R16.pth,E,20,16,180,99.06386,94,Mouth
SE-Conv-L4_ObjectBased_R16.pth,E,21,16,180,119.35408,94,Mouth
SE-Conv-L4_ObjectBased_R16.pth,Full,1,16,181,69.24938,0,Mouth
SE-Conv-L4_ObjectBased_R16.pth,Full,2,16,181,68.71857,0,Mouth
SE-Conv-L4_ObjectBased_R16.pth,Full,3,16,180,65.055664,0,Mouth
SE-Conv-L4_ObjectBased_R16.pth,Full,4,16,180,54.558823,0,Mouth
SE-Conv-L4_ObjectBased_R16.pth,Full,5,16,60,82.58878,0,Background
SE-Conv-L4_ObjectBased_R16.pth,Full,6,16,60,76.40835,0,Background
SE-Conv-L4_ObjectBased_R16.pth,Full,7,16,60,71.30046,0,Background
SE-Conv-L4_ObjectBased_R16.pth,Full,8,16,60,102.532364,215,Background
SE-Conv-L4_ObjectBased_R16.pth,Full,9,16,60,104.240845,215,Background
SE-Conv-L4_ObjectBased_R16.pth,Full,10,16,60,121.04454,216,Background
SE-Conv-L4_ObjectBased_R16.pth,Full,11,16,60,102.91993,215,Background
SE-Conv-L4_ObjectBased_R16.pth,Full,12,16,60,119.1179,215,Background
SE-Conv-L4_ObjectBased_R16.pth,Full,13,16,60,94.78047,0,Background
SE-Conv-L4_ObjectBased_R16.pth,Full,14,16,180,108.88026,0,Mouth
SE-Conv-L4_ObjectBased_R16.pth,Full,15,16,77,88.49512,0,Eyes
SE-Conv-L4_ObjectBased_R16.pth,Full,16,16,60,80.54514,0,Background
SE-Conv-L4_ObjectBased_R16.pth,Full,17,16,164,108.58636,0,Background
SE-Conv-L4_ObjectBased_R16.pth,Full,18,16,180,101.04216,0,Mouth
SE-Conv-L4_ObjectBased_R16.pth,Full,19,16,180,97.64441,0,Mouth
SE-Conv-L4_ObjectBased_R16.pth,Full,20,16,180,90.2898,0,Mouth
SE-Conv-L4_ObjectBased_R16.pth,Full,21,16,180,115.22686,0,Mouth
SE-Conv-L4_ObjectBased_R16.pth,M,1,16,77,74.89557,0,Eyes
SE-Conv-L4_ObjectBased_R16.pth,M,2,16,77,66.0944,0,Eyes
SE-Conv-L4_ObjectBased_R16.pth,M,3,16,77,79.704865,0,Eyes
SE-Conv-L4_ObjectBased_R16.pth,M,4,16,77,59.89662,0,Eyes
SE-Conv-L4_ObjectBased_R16.pth,M,5,16,77,77.47646,0,Eyes
SE-Conv-L4_ObjectBased_R16.pth,M,6,16,43,89.94359,164,Background
SE-Conv-L4_ObjectBased_R16.pth,M,7,16,77,71.15747,0,Eyes
SE-Conv-L4_ObjectBased_R16.pth,M,8,16,77,86.1525,0,Eyes
SE-Conv-L4_ObjectBased_R16.pth,M,9,16,77,87.83394,0,Eyes
SE-Conv-L4_ObjectBased_R16.pth,M,10,16,77,79.93243,0,Eyes
SE-Conv-L4_ObjectBased_R16.pth,M,11,16,77,76.696365,0,Eyes
SE-Conv-L4_ObjectBased_R16.pth,M,12,16,77,83.653534,0,Eyes
SE-Conv-L4_ObjectBased_R16.pth,M,13,16,94,87.53624,0,Eyes
SE-Conv-L4_ObjectBased_R16.pth,M,14,16,77,77.8396,0,Eyes
SE-Conv-L4_ObjectBased_R16.pth,M,15,16,77,71.8896,163,Eyes
SE-Conv-L4_ObjectBased_R16.pth,M,16,16,94,80.651695,0,Eyes
SE-Conv-L4_ObjectBased_R16.pth,M,17,16,43,78.97143,0,Background
SE-Conv-L4_ObjectBased_R16.pth,M,18,16,94,101.11307,0,Eyes
SE-Conv-L4_ObjectBased_R16.pth,M,19,16,111,84.619064,0,Background
SE-Conv-L4_ObjectBased_R16.pth,M,20,16,111,99.46685,0,Background
SE-Conv-L4_ObjectBased_R16.pth,M,21,16,77,77.86642,0,Eyes
SE-Conv-L4_ObjectBased_R16.pth,N,1,16,180,57.015766,0,Mouth
SE-Conv-L4_ObjectBased_R16.pth,N,2,16,163,49.819008,0,Background
SE-Conv-L4_ObjectBased_R16.pth,N,3,16,60,60.843502,0,Background
SE-Conv-L4_ObjectBased_R16.pth,N,4,16,43,69.957,0,Background
SE-Conv-L4_ObjectBased_R16.pth,N,5,16,180,76.95296,0,Mouth
SE-Conv-L4_ObjectBased_R16.pth,N,6,16,43,72.95055,0,Background
SE-Conv-L4_ObjectBased_R16.pth,N,7,16,43,89.85653,0,Background
SE-Conv-L4_ObjectBased_R16.pth,N,8,16,59,82.46875,0,Background
SE-Conv-L4_ObjectBased_R16.pth,N,9,16,43,92.31055,0,Background
SE-Conv-L4_ObjectBased_R16.pth,N,10,16,43,96.73755,0,Background
SE-Conv-L4_ObjectBased_R16.pth,N,11,16,180,81.163895,0,Mouth
SE-Conv-L4_ObjectBased_R16.pth,N,12,16,59,63.76641,0,Background
SE-Conv-L4_ObjectBased_R16.pth,N,13,16,180,73.73959,0,Mouth
SE-Conv-L4_ObjectBased_R16.pth,N,14,16,43,76.56569,0,Background
SE-Conv-L4_ObjectBased_R16.pth,N,15,16,43,89.98247,0,Background
SE-Conv-L4_ObjectBased_R16.pth,N,16,16,43,90.92883,0,Background
SE-Conv-L4_ObjectBased_R16.pth,N,17,16,43,93.69171,0,Background
SE-Conv-L4_ObjectBased_R16.pth,N,18,16,43,103.95798,0,Background
SE-Conv-L4_ObjectBased_R16.pth,N,19,16,43,79.511826,0,Background
SE-Conv-L4_ObjectBased_R16.pth,N,20,16,59,77.35469,0,Background
SE-Conv-L4_ObjectBased_R16.pth,N,21,16,180,77.66204,0,Mouth
SE-Conv-L4_ObjectBased_R2.pth,E,1,2,180,40.667057,60,Mouth
SE-Conv-L4_ObjectBased_R2.pth,E,2,2,180,69.93832,43,Mouth
SE-Conv-L4_ObjectBased_R2.pth,E,3,2,25,62.56948,43,Background
SE-Conv-L4_ObjectBased_R2.pth,E,4,2,180,58.740715,43,Mouth
SE-Conv-L4_ObjectBased_R2.pth,E,5,2,181,65.340805,43,Mouth
SE-Conv-L4_ObjectBased_R2.pth,E,6,2,198,72.9741,43,Mouth
SE-Conv-L4_ObjectBased_R2.pth,E,7,2,25,61.988537,43,Background
SE-Conv-L4_ObjectBased_R2.pth,E,8,2,25,80.21661,94,Background
SE-Conv-L4_ObjectBased_R2.pth,E,9,2,25,85.56732,94,Background
SE-Conv-L4_ObjectBased_R2.pth,E,10,2,198,71.03291,43,Mouth
SE-Conv-L4_ObjectBased_R2.pth,E,11,2,25,81.11429,94,Background
SE-Conv-L4_ObjectBased_R2.pth,E,12,2,25,62.368717,60,Background
SE-Conv-L4_ObjectBased_R2.pth,E,13,2,25,63.57615,60,Background
SE-Conv-L4_ObjectBased_R2.pth,E,14,2,25,83.561874,94,Background
SE-Conv-L4_ObjectBased_R2.pth,E,15,2,25,59.424915,197,Background
SE-Conv-L4_ObjectBased_R2.pth,E,16,2,25,68.18315,181,Background
SE-Conv-L4_ObjectBased_R2.pth,E,17,2,0,35.665188,43,Background
SE-Conv-L4_ObjectBased_R2.pth,E,18,2,25,101.91281,43,Background
SE-Conv-L4_ObjectBased_R2.pth,E,19,2,25,96.029724,43,Background
SE-Conv-L4_ObjectBased_R2.pth,E,20,2,25,67.824844,60,Background
SE-Conv-L4_ObjectBased_R2.pth,E,21,2,146,86.48398,198,Nose
SE-Conv-L4_ObjectBased_R2.pth,Full,1,2,94,33.874516,0,Eyes
SE-Conv-L4_ObjectBased_R2.pth,Full,2,2,94,95.83519,25,Eyes
SE-Conv-L4_ObjectBased_R2.pth,Full,3,2,94,32.490623,25,Eyes
SE-Conv-L4_ObjectBased_R2.pth,Full,4,2,77,85.60002,215,Eyes
SE-Conv-L4_ObjectBased_R2.pth,Full,5,2,146,60.560593,0,Nose
SE-Conv-L4_ObjectBased_R2.pth,Full,6,2,146,89.81508,0,Nose
SE-Conv-L4_ObjectBased_R2.pth,Full,7,2,60,73.70067,197,Background
SE-Conv-L4_ObjectBased_R2.pth,Full,8,2,77,43.542526,181,Eyes
SE-Conv-L4_ObjectBased_R2.pth,Full,9,2,0,59.989536,181,Background
SE-Conv-L4_ObjectBased_R2.pth,Full,10,2,26,82.15825,215,Background
SE-Conv-L4_ObjectBased_R2.pth,Full,11,2,0,68.15611,198,Background
SE-Conv-L4_ObjectBased_R2.pth,Full,12,2,42,73.11592,198,Background
SE-Conv-L4_ObjectBased_R2.pth,Full,13,2,129,20.293001,0,Nose
SE-Conv-L4_ObjectBased_R2.pth,Full,14,2,146,68.55106,215,Nose
SE-Conv-L4_ObjectBased_R2.pth,Full,15,2,95,83.77341,0,Eyes
SE-Conv-L4_ObjectBased_R2.pth,Full,16,2,77,87.56929,198,Eyes
SE-Conv-L4_ObjectBased_R2.pth,Full,17,2,111,78.90388,0,Background
SE-Conv-L4_ObjectBased_R2.pth,Full,18,2,128,83.7733,0,Nose
SE-Conv-L4_ObjectBased_R2.pth,Full,19,2,128,66.05833,0,Nose
SE-Conv-L4_ObjectBased_R2.pth,Full,20,2,129,124.60056,215,Nose
SE-Conv-L4_ObjectBased_R2.pth,Full,21,2,129,92.176285,215,Nose
SE-Conv-L4_ObjectBased_R2.pth,M,1,2,43,78.75725,94,Background
SE-Conv-L4_ObjectBased_R2.pth,M,2,2,43,76.30608,94,Background
SE-Conv-L4_ObjectBased_R2.pth,M,3,2,43,81.18934,164,Background
SE-Conv-L4_ObjectBased_R2.pth,M,4,2,43,85.52126,94,Background
SE-Conv-L4_ObjectBased_R2.pth,M,5,2,43,86.7974,94,Background
SE-Conv-L4_ObjectBased_R2.pth,M,6,2,59,85.12447,94,Background
SE-Conv-L4_ObjectBased_R2.pth,M,7,2,43,102.33684,94,Background
SE-Conv-L4_ObjectBased_R2.pth,M,8,2,43,95.285324,94,Background
SE-Conv-L4_ObjectBased_R2.pth,M,9,2,43,95.14412,180,Background
SE-Conv-L4_ObjectBased_R2.pth,M,10,2,59,104.06362,94,Background
SE-Conv-L4_ObjectBased_R2.pth,M,11,2,43,101.600365,215,Background
SE-Conv-L4_ObjectBased_R2.pth,M,12,2,43,95.964096,94,Background
SE-Conv-L4_ObjectBased_R2.pth,M,13,2,43,92.08646,94,Background
SE-Conv-L4_ObjectBased_R2.pth,M,14,2,43,87.293,94,Background
SE-Conv-L4_ObjectBased_R2.pth,M,15,2,42,93.67686,215,Background
SE-Conv-L4_ObjectBased_R2.pth,M,16,2,42,92.97249,95,Background
SE-Conv-L4_ObjectBased_R2.pth,M,17,2,42,77.43779,95,Background
SE-Conv-L4_ObjectBased_R2.pth,M,18,2,25,69.68516,95,Background
SE-Conv-L4_ObjectBased_R2.pth,M,19,2,42,77.18405,95,Background
SE-Conv-L4_ObjectBased_R2.pth,M,20,2,0,86.387825,94,Background
SE-Conv-L4_ObjectBased_R2.pth,M,21,2,0,85.83357,94,Background
SE-Conv-L4_ObjectBased_R2.pth,N,1,2,0,0,0,Background
SE-Conv-L4_ObjectBased_R2.pth,N,2,2,111,17.445423,0,Background
SE-Conv-L4_ObjectBased_R2.pth,N,3,2,94,58.41127,0,Eyes
SE-Conv-L4_ObjectBased_R2.pth,N,4,2,94,43.662605,0,Eyes
SE-Conv-L4_ObjectBased_R2.pth,N,5,2,94,57.417423,0,Eyes
SE-Conv-L4_ObjectBased_R2.pth,N,6,2,94,62.66251,0,Eyes
SE-Conv-L4_ObjectBased_R2.pth,N,7,2,94,64.96442,0,Eyes
SE-Conv-L4_ObjectBased_R2.pth,N,8,2,94,59.935894,0,Eyes
SE-Conv-L4_ObjectBased_R2.pth,N,9,2,94,67.28021,215,Eyes
SE-Conv-L4_ObjectBased_R2.pth,N,10,2,94,51.583187,0,Eyes
SE-Conv-L4_ObjectBased_R2.pth,N,11,2,94,36.560677,0,Eyes
SE-Conv-L4_ObjectBased_R2.pth,N,12,2,129,46.110874,77,Nose
SE-Conv-L4_ObjectBased_R2.pth,N,13,2,94,63.495758,26,Eyes
SE-Conv-L4_ObjectBased_R2.pth,N,14,2,94,68.07205,0,Eyes
SE-Conv-L4_ObjectBased_R2.pth,N,15,2,94,52.845856,0,Eyes
SE-Conv-L4_ObjectBased_R2.pth,N,16,2,94,28.752792,0,Eyes
SE-Conv-L4_ObjectBased_R2.pth,N,17,2,94,38.879845,112,Eyes
SE-Conv-L4_ObjectBased_R2.pth,N,18,2,0,21.689228,112,Background
SE-Conv-L4_ObjectBased_R2.pth,N,19,2,94,23.50897,26,Eyes
SE-Conv-L4_ObjectBased_R2.pth,N,20,2,94,42.178703,26,Eyes
SE-Conv-L4_ObjectBased_R2.pth,N,21,2,94,54.997387,164,Eyes
SE-Conv-L4_ObjectBased_R32.pth,E,1,32,180,48.186806,215,Mouth
SE-Conv-L4_ObjectBased_R32.pth,E,2,32,26,60.305798,215,Background
SE-Conv-L4_ObjectBased_R32.pth,E,3,32,180,58.488625,215,Mouth
SE-Conv-L4_ObjectBased_R32.pth,E,4,32,26,52.80052,215,Background
SE-Conv-L4_ObjectBased_R32.pth,E,5,32,164,42.053337,215,Background
SE-Conv-L4_ObjectBased_R32.pth,E,6,32,180,46.17661,215,Mouth
SE-Conv-L4_ObjectBased_R32.pth,E,7,32,180,48.69439,215,Mouth
SE-Conv-L4_ObjectBased_R32.pth,E,8,32,180,60.723507,215,Mouth
SE-Conv-L4_ObjectBased_R32.pth,E,9,32,180,59.41393,215,Mouth
SE-Conv-L4_ObjectBased_R32.pth,E,10,32,164,52.44429,215,Background
SE-Conv-L4_ObjectBased_R32.pth,E,11,32,180,56.089546,0,Mouth
SE-Conv-L4_ObjectBased_R32.pth,E,12,32,180,61.263523,215,Mouth
SE-Conv-L4_ObjectBased_R32.pth,E,13,32,180,65.85236,217,Mouth
SE-Conv-L4_ObjectBased_R32.pth,E,14,32,164,63.998985,218,Background
SE-Conv-L4_ObjectBased_R32.pth,E,15,32,180,52.756466,218,Mouth
SE-Conv-L4_ObjectBased_R32.pth,E,16,32,180,47.067245,0,Mouth
SE-Conv-L4_ObjectBased_R32.pth,E,17,32,164,46.324707,42,Background
SE-Conv-L4_ObjectBased_R32.pth,E,18,32,77,55.059357,0,Eyes
SE-Conv-L4_ObjectBased_R32.pth,E,19,32,77,41.358482,0,Eyes
SE-Conv-L4_ObjectBased_R32.pth,E,20,32,180,132.24683,43,Mouth
SE-Conv-L4_ObjectBased_R32.pth,E,21,32,215,121.75371,0,Background
SE-Conv-L4_ObjectBased_R32.pth,Full,1,32,180,118.839066,112,Mouth
SE-Conv-L4_ObjectBased_R32.pth,Full,2,32,180,145.1393,77,Mouth
SE-Conv-L4_ObjectBased_R32.pth,Full,3,32,180,137.37502,112,Mouth
SE-Conv-L4_ObjectBased_R32.pth,Full,4,32,215,94.00099,0,Background
SE-Conv-L4_ObjectBased_R32.pth,Full,5,32,215,93.40726,0,Background
SE-Conv-L4_ObjectBased_R32.pth,Full,6,32,215,101.87784,0,Background
SE-Conv-L4_ObjectBased_R32.pth,Full,7,32,26,125.80188,95,Background
SE-Conv-L4_ObjectBased_R32.pth,Full,8,32,215,118.23535,94,Background
SE-Conv-L4_ObjectBased_R32.pth,Full,9,32,198,114.70482,77,Mouth
SE-Conv-L4_ObjectBased_R32.pth,Full,10,32,198,121.84985,77,Mouth
SE-Conv-L4_ObjectBased_R32.pth,Full,11,32,215,103.44382,129,Background
SE-Conv-L4_ObjectBased_R32.pth,Full,12,32,198,123.526924,77,Mouth
SE-Conv-L4_ObjectBased_R32.pth,Full,13,32,215,114.60642,129,Background
SE-Conv-L4_ObjectBased_R32.pth,Full,14,32,215,138.03139,129,Background
SE-Conv-L4_ObjectBased_R32.pth,Full,15,32,198,138.06454,77,Mouth
SE-Conv-L4_ObjectBased_R32.pth,Full,16,32,198,128.7467,111,Mouth
SE-Conv-L4_ObjectBased_R32.pth,Full,17,32,215,114.79672,94,Background
SE-Conv-L4_ObjectBased_R32.pth,Full,18,32,219,115.30522,94,Background
SE-Conv-L4_ObjectBased_R32.pth,Full,19,32,216,137.8979,94,Background
SE-Conv-L4_ObjectBased_R32.pth,Full,20,32,215,135.15143,94,Background
SE-Conv-L4_ObjectBased_R32.pth,Full,21,32,215,143.04349,94,Background
SE-Conv-L4_ObjectBased_R32.pth,M,1,32,26,75.40309,129,Background
SE-Conv-L4_ObjectBased_R32.pth,M,2,32,181,60.24223,94,Mouth
SE-Conv-L4_ObjectBased_R32.pth,M,3,32,42,76.55173,94,Background
SE-Conv-L4_ObjectBased_R32.pth,M,4,32,26,69.16489,94,Background
SE-Conv-L4_ObjectBased_R32.pth,M,5,32,180,102.11806,94,Mouth
SE-Conv-L4_ObjectBased_R32.pth,M,6,32,180,123.18849,0,Mouth
SE-Conv-L4_ObjectBased_R32.pth,M,7,32,181,121.74432,129,Mouth
SE-Conv-L4_ObjectBased_R32.pth,M,8,32,181,103.74979,0,Mouth
SE-Conv-L4_ObjectBased_R32.pth,M,9,32,181,103.19142,129,Mouth
SE-Conv-L4_ObjectBased_R32.pth,M,10,32,181,105.95174,129,Mouth
SE-Conv-L4_ObjectBased_R32.pth,M,11,32,181,122.68553,77,Mouth
SE-Conv-L4_ObjectBased_R32.pth,M,12,32,181,133.40753,129,Mouth
SE-Conv-L4_ObjectBased_R32.pth,M,13,32,180,96.04403,60,Mouth
SE-Conv-L4_ObjectBased_R32.pth,M,14,32,181,110.47433,77,Mouth
SE-Conv-L4_ObjectBased_R32.pth,M,15,32,181,112.08275,77,Mouth
SE-Conv-L4_ObjectBased_R32.pth,M,16,32,180,97.69178,26,Mouth
SE-Conv-L4_ObjectBased_R32.pth,M,17,32,181,109.115295,94,Mouth
SE-Conv-L4_ObjectBased_R32.pth,M,18,32,180,98.48939,198,Mouth
SE-Conv-L4_ObjectBased_R32.pth,M,19,32,180,88.05299,128,Mouth
SE-Conv-L4_ObjectBased_R32.pth,M,20,32,180,94.785736,128,Mouth
SE-Conv-L4_ObjectBased_R32.pth,M,21,32,60,45.73748,0,Background
SE-Conv-L4_ObjectBased_R32.pth,N,1,32,112,116.23553,0,Background
SE-Conv-L4_ObjectBased_R32.pth,N,2,32,112,113.72737,0,Background
SE-Conv-L4_ObjectBased_R32.pth,N,3,32,112,116.02844,0,Background
SE-Conv-L4_ObjectBased_R32.pth,N,4,32,112,101.19754,0,Background
SE-Conv-L4_ObjectBased_R32.pth,N,5,32,163,119.491486,77,Background
SE-Conv-L4_ObjectBased_R32.pth,N,6,32,163,100.92801,0,Background
SE-Conv-L4_ObjectBased_R32.pth,N,7,32,163,127.26628,77,Background
SE-Conv-L4_ObjectBased_R32.pth,N,8,32,163,124.83926,77,Background
SE-Conv-L4_ObjectBased_R32.pth,N,9,32,163,106.2121,0,Background
SE-Conv-L4_ObjectBased_R32.pth,N,10,32,146,86.52592,0,Nose
SE-Conv-L4_ObjectBased_R32.pth,N,11,32,163,69.70986,0,Background
SE-Conv-L4_ObjectBased_R32.pth,N,12,32,146,85.07051,0,Nose
SE-Conv-L4_ObjectBased_R32.pth,N,13,32,163,82.5936,0,Background
SE-Conv-L4_ObjectBased_R32.pth,N,14,32,163,83.14963,0,Background
SE-Conv-L4_ObjectBased_R32.pth,N,15,32,180,99.03732,0,Mouth
SE-Conv-L4_ObjectBased_R32.pth,N,16,32,180,108.47605,0,Mouth
SE-Conv-L4_ObjectBased_R32.pth,N,17,32,163,109.14099,0,Background
SE-Conv-L4_ObjectBased_R32.pth,N,18,32,180,90.88153,0,Mouth
SE-Conv-L4_ObjectBased_R32.pth,N,19,32,180,91.58884,0,Mouth
SE-Conv-L4_ObjectBased_R32.pth,N,20,32,180,94.40118,0,Mouth
SE-Conv-L4_ObjectBased_R32.pth,N,21,32,180,67.186676,0,Mouth
SE-Conv-L4_ObjectBased_R4.pth,E,1,4,215,114.34249,77,Background
SE-Conv-L4_ObjectBased_R4.pth,E,2,4,43,47.284294,0,Background
SE-Conv-L4_ObjectBased_R4.pth,E,3,4,43,27.467564,0,Background
SE-Conv-L4_ObjectBased_R4.pth,E,4,4,60,30.394333,0,Background
SE-Conv-L4_ObjectBased_R4.pth,E,5,4,60,44.27488,0,Background
SE-Conv-L4_ObjectBased_R4.pth,E,6,4,60,31.730442,0,Background
SE-Conv-L4_ObjectBased_R4.pth,E,7,4,215,92.59233,77,Background
SE-Conv-L4_ObjectBased_R4.pth,E,8,4,59,19.61611,0,Background
SE-Conv-L4_ObjectBased_R4.pth,E,9,4,60,25.54261,0,Background
SE-Conv-L4_ObjectBased_R4.pth,E,10,4,198,37.555393,94,Mouth
SE-Conv-L4_ObjectBased_R4.pth,E,11,4,198,38.43089,0,Mouth
SE-Conv-L4_ObjectBased_R4.pth,E,12,4,129,72.13742,77,Nose
SE-Conv-L4_ObjectBased_R4.pth,E,13,4,129,76.09015,77,Nose
SE-Conv-L4_ObjectBased_R4.pth,E,14,4,129,64.58243,77,Nose
SE-Conv-L4_ObjectBased_R4.pth,E,15,4,112,70.682236,146,Background
SE-Conv-L4_ObjectBased_R4.pth,E,16,4,0,78.30215,77,Background
SE-Conv-L4_ObjectBased_R4.pth,E,17,4,215,115.978165,77,Background
SE-Conv-L4_ObjectBased_R4.pth,E,18,4,198,32.029137,0,Mouth
SE-Conv-L4_ObjectBased_R4.pth,E,19,4,128,38.033226,43,Nose
SE-Conv-L4_ObjectBased_R4.pth,E,20,4,163,39.706253,26,Background
SE-Conv-L4_ObjectBased_R4.pth,E,21,4,112,78.582985,60,Background
SE-Conv-L4_ObjectBased_R4.pth,Full,1,4,198,61.87181,43,Mouth
SE-Conv-L4_ObjectBased_R4.pth,Full,2,4,198,77.37803,43,Mouth
SE-Conv-L4_ObjectBased_R4.pth,Full,3,4,146,51.327477,43,Nose
SE-Conv-L4_ObjectBased_R4.pth,Full,4,4,129,45.854584,0,Nose
SE-Conv-L4_ObjectBased_R4.pth,Full,5,4,129,51.295757,0,Nose
SE-Conv-L4_ObjectBased_R4.pth,Full,6,4,129,53.714935,0,Nose
SE-Conv-L4_ObjectBased_R4.pth,Full,7,4,146,42.394367,0,Nose
SE-Conv-L4_ObjectBased_R4.pth,Full,8,4,129,71.41245,0,Nose
SE-Conv-L4_ObjectBased_R4.pth,Full,9,4,129,67.53663,0,Nose
SE-Conv-L4_ObjectBased_R4.pth,Full,10,4,129,72.94584,26,Nose
SE-Conv-L4_ObjectBased_R4.pth,Full,11,4,129,59.54297,0,Nose
SE-Conv-L4_ObjectBased_R4.pth,Full,12,4,129,64.29806,0,Nose
SE-Conv-L4_ObjectBased_R4.pth,Full,13,4,129,75.90466,77,Nose
SE-Conv-L4_ObjectBased_R4.pth,Full,14,4,129,63.135918,26,Nose
SE-Conv-L4_ObjectBased_R4.pth,Full,15,4,129,59.995964,26,Nose
SE-Conv-L4_ObjectBased_R4.pth,Full,16,4,128,61.866405,77,Nose
SE-Conv-L4_ObjectBased_R4.pth,Full,17,4,129,50.36274,77,Nose
SE-Conv-L4_ObjectBased_R4.pth,Full,18,4,129,38.816025,0,Nose
SE-Conv-L4_ObjectBased_R4.pth,Full,19,4,129,53.068024,43,Nose
SE-Conv-L4_ObjectBased_R4.pth,Full,20,4,0,81.86703,60,Background
SE-Conv-L4_ObjectBased_R4.pth,Full,21,4,215,74.9698,94,Background
SE-Conv-L4_ObjectBased_R4.pth,M,1,4,60,73.55789,0,Background
SE-Conv-L4_ObjectBased_R4.pth,M,2,4,60,80.52937,0,Background
SE-Conv-L4_ObjectBased_R4.pth,M,3,4,60,62.663353,0,Background
SE-Conv-L4_ObjectBased_R4.pth,M,4,4,146,31.985321,0,Nose
SE-Conv-L4_ObjectBased_R4.pth,M,5,4,146,69.22107,0,Nose
SE-Conv-L4_ObjectBased_R4.pth,M,6,4,146,60.901047,0,Nose
SE-Conv-L4_ObjectBased_R4.pth,M,7,4,146,69.34056,0,Nose
SE-Conv-L4_ObjectBased_R4.pth,M,8,4,146,80.40204,0,Nose
SE-Conv-L4_ObjectBased_R4.pth,M,9,4,146,74.64807,0,Nose
SE-Conv-L4_ObjectBased_R4.pth,M,10,4,146,69.95102,0,Nose
SE-Conv-L4_ObjectBased_R4.pth,M,11,4,146,68.03403,0,Nose
SE-Conv-L4_ObjectBased_R4.pth,M,12,4,146,64.34094,0,Nose
SE-Conv-L4_ObjectBased_R4.pth,M,13,4,146,71.95766,0,Nose
SE-Conv-L4_ObjectBased_R4.pth,M,14,4,146,58.50081,0,Nose
SE-Conv-L4_ObjectBased_R4.pth,M,15,4,146,72.87353,0,Nose
SE-Conv-L4_ObjectBased_R4.pth,M,16,4,146,73.21037,0,Nose
SE-Conv-L4_ObjectBased_R4.pth,M,17,4,94,33.753098,0,Eyes
SE-Conv-L4_ObjectBased_R4.pth,M,18,4,111,35.527924,0,Background
SE-Conv-L4_ObjectBased_R4.pth,M,19,4,111,45.11309,0,Background
SE-Conv-L4_ObjectBased_R4.pth,M,20,4,146,29.215862,0,Nose
SE-Conv-L4_ObjectBased_R4.pth,M,21,4,146,32.53112,0,Nose
SE-Conv-L4_ObjectBased_R4.pth,N,1,4,129,118.20523,77,Nose
SE-Conv-L4_ObjectBased_R4.pth,N,2,4,129,108.13283,77,Nose
SE-Conv-L4_ObjectBased_R4.pth,N,3,4,129,102.71509,77,Nose
SE-Conv-L4_ObjectBased_R4.pth,N,4,4,129,65.914566,26,Nose
SE-Conv-L4_ObjectBased_R4.pth,N,5,4,129,80.18325,60,Nose
SE-Conv-L4_ObjectBased_R4.pth,N,6,4,0,85.42694,26,Background
SE-Conv-L4_ObjectBased_R4.pth,N,7,4,129,70.58568,26,Nose
SE-Conv-L4_ObjectBased_R4.pth,N,8,4,129,62.926476,26,Nose
SE-Conv-L4_ObjectBased_R4.pth,N,9,4,0,44.50036,26,Background
SE-Conv-L4_ObjectBased_R4.pth,N,10,4,129,50.579933,26,Nose
SE-Conv-L4_ObjectBased_R4.pth,N,11,4,0,29.840496,26,Background
SE-Conv-L4_ObjectBased_R4.pth,N,12,4,0,0,0,Background
SE-Conv-L4_ObjectBased_R4.pth,N,13,4,0,22.519676,26,Background
SE-Conv-L4_ObjectBased_R4.pth,N,14,4,215,38.227985,26,Background
SE-Conv-L4_ObjectBased_R4.pth,N,15,4,0,0,0,Background
SE-Conv-L4_ObjectBased_R4.pth,N,16,4,129,17.424377,0,Nose
SE-Conv-L4_ObjectBased_R4.pth,N,17,4,129,25.818558,0,Nose
SE-Conv-L4_ObjectBased_R4.pth,N,18,4,215,75.33888,26,Background
SE-Conv-L4_ObjectBased_R4.pth,N,19,4,163,32.17778,0,Background
SE-Conv-L4_ObjectBased_R4.pth,N,20,4,163,32.496105,26,Background
SE-Conv-L4_ObjectBased_R4.pth,N,21,4,146,58.198456,26,Nose
SE-Conv-L4_ObjectBased_R8.pth,E,1,8,42,48.07762,181,Background
SE-Conv-L4_ObjectBased_R8.pth,E,2,8,129,46.40873,0,Nose
SE-Conv-L4_ObjectBased_R8.pth,E,3,8,43,54.879066,198,Background
SE-Conv-L4_ObjectBased_R8.pth,E,4,8,129,55.81874,198,Nose
SE-Conv-L4_ObjectBased_R8.pth,E,5,8,129,51.62914,181,Nose
SE-Conv-L4_ObjectBased_R8.pth,E,6,8,129,43.952778,164,Nose
SE-Conv-L4_ObjectBased_R8.pth,E,7,8,129,70.995255,181,Nose
SE-Conv-L4_ObjectBased_R8.pth,E,8,8,129,70.47525,181,Nose
SE-Conv-L4_ObjectBased_R8.pth,E,9,8,77,37.002014,0,Eyes
SE-Conv-L4_ObjectBased_R8.pth,E,10,8,43,49.87932,164,Background
SE-Conv-L4_ObjectBased_R8.pth,E,11,8,43,88.50604,164,Background
SE-Conv-L4_ObjectBased_R8.pth,E,12,8,43,53.14612,164,Background
SE-Conv-L4_ObjectBased_R8.pth,E,13,8,43,58.271255,0,Background
SE-Conv-L4_ObjectBased_R8.pth,E,14,8,129,38.474354,0,Nose
SE-Conv-L4_ObjectBased_R8.pth,E,15,8,43,37.6763,78,Background
SE-Conv-L4_ObjectBased_R8.pth,E,16,8,43,24.83857,0,Background
SE-Conv-L4_ObjectBased_R8.pth,E,17,8,43,88.9191,146,Background
SE-Conv-L4_ObjectBased_R8.pth,E,18,8,43,63.23893,0,Background
SE-Conv-L4_ObjectBased_R8.pth,E,19,8,43,68.671875,0,Background
SE-Conv-L4_ObjectBased_R8.pth,E,20,8,77,73.76735,0,Eyes
SE-Conv-L4_ObjectBased_R8.pth,E,21,8,42,61.4582,0,Background
SE-Conv-L4_ObjectBased_R8.pth,Full,1,8,197,148.79419,77,Mouth
SE-Conv-L4_ObjectBased_R8.pth,Full,2,8,198,150.30154,77,Mouth
SE-Conv-L4_ObjectBased_R8.pth,Full,3,8,198,147.82983,112,Mouth
SE-Conv-L4_ObjectBased_R8.pth,Full,4,8,198,156.11624,77,Mouth
SE-Conv-L4_ObjectBased_R8.pth,Full,5,8,198,166.71594,77,Mouth
SE-Conv-L4_ObjectBased_R8.pth,Full,6,8,198,161.48721,77,Mouth
SE-Conv-L4_ObjectBased_R8.pth,Full,7,8,60,90.87848,197,Background
SE-Conv-L4_ObjectBased_R8.pth,Full,8,8,60,96.89015,164,Background
SE-Conv-L4_ObjectBased_R8.pth,Full,9,8,77,76.67079,164,Eyes
SE-Conv-L4_ObjectBased_R8.pth,Full,10,8,60,82.761086,164,Background
SE-Conv-L4_ObjectBased_R8.pth,Full,11,8,198,133.14767,112,Mouth
SE-Conv-L4_ObjectBased_R8.pth,Full,12,8,60,74.8253,163,Background
SE-Conv-L4_ObjectBased_R8.pth,Full,13,8,60,66.34456,197,Background
SE-Conv-L4_ObjectBased_R8.pth,Full,14,8,60,75.468414,163,Background
SE-Conv-L4_ObjectBased_R8.pth,Full,15,8,215,107.35431,146,Background
SE-Conv-L4_ObjectBased_R8.pth,Full,16,8,0,102.16122,146,Background
SE-Conv-L4_ObjectBased_R8.pth,Full,17,8,0,96.831116,129,Background
SE-Conv-L4_ObjectBased_R8.pth,Full,18,8,0,88.106995,146,Background
SE-Conv-L4_ObjectBased_R8.pth,Full,19,8,215,131.5603,129,Background
SE-Conv-L4_ObjectBased_R8.pth,Full,20,8,215,124.92958,129,Background
SE-Conv-L4_ObjectBased_R8.pth,Full,21,8,146,34.51513,198,Nose
SE-Conv-L4_ObjectBased_R8.pth,M,1,8,43,70.173996,0,Background
SE-Conv-L4_ObjectBased_R8.pth,M,2,8,43,59.32837,0,Background
SE-Conv-L4_ObjectBased_R8.pth,M,3,8,198,71.53613,26,Mouth
SE-Conv-L4_ObjectBased_R8.pth,M,4,8,60,66.964294,181,Background
SE-Conv-L4_ObjectBased_R8.pth,M,5,8,77,78.216965,181,Eyes
SE-Conv-L4_ObjectBased_R8.pth,M,6,8,43,54.552406,146,Background
SE-Conv-L4_ObjectBased_R8.pth,M,7,8,43,63.993217,146,Background
SE-Conv-L4_ObjectBased_R8.pth,M,8,8,77,83.33296,164,Eyes
SE-Conv-L4_ObjectBased_R8.pth,M,9,8,43,64.59193,164,Background
SE-Conv-L4_ObjectBased_R8.pth,M,10,8,60,73.924614,164,Background
SE-Conv-L4_ObjectBased_R8.pth,M,11,8,60,71.14492,164,Background
SE-Conv-L4_ObjectBased_R8.pth,M,12,8,60,71.88339,146,Background
SE-Conv-L4_ObjectBased_R8.pth,M,13,8,77,71.31012,0,Eyes
SE-Conv-L4_ObjectBased_R8.pth,M,14,8,60,73.87869,0,Background
SE-Conv-L4_ObjectBased_R8.pth,M,15,8,60,69.02425,146,Background
SE-Conv-L4_ObjectBased_R8.pth,M,16,8,77,53.708855,0,Eyes
SE-Conv-L4_ObjectBased_R8.pth,M,17,8,77,69.29367,0,Eyes
SE-Conv-L4_ObjectBased_R8.pth,M,18,8,77,56.230087,0,Eyes
SE-Conv-L4_ObjectBased_R8.pth,M,19,8,60,65.3031,0,Background
SE-Conv-L4_ObjectBased_R8.pth,M,20,8,60,70.40004,164,Background
SE-Conv-L4_ObjectBased_R8.pth,M,21,8,60,79.04495,164,Background
SE-Conv-L4_ObjectBased_R8.pth,N,1,8,77,83.78615,42,Eyes
SE-Conv-L4_ObjectBased_R8.pth,N,2,8,77,76.95001,215,Eyes
SE-Conv-L4_ObjectBased_R8.pth,N,3,8,77,91.2403,215,Eyes
SE-Conv-L4_ObjectBased_R8.pth,N,4,8,77,84.72693,146,Eyes
SE-Conv-L4_ObjectBased_R8.pth,N,5,8,77,89.71531,215,Eyes
SE-Conv-L4_ObjectBased_R8.pth,N,6,8,60,91.818535,215,Background
SE-Conv-L4_ObjectBased_R8.pth,N,7,8,60,106.87096,145,Background
SE-Conv-L4_ObjectBased_R8.pth,N,8,8,77,85.85162,129,Eyes
SE-Conv-L4_ObjectBased_R8.pth,N,9,8,60,99.70965,129,Background
SE-Conv-L4_ObjectBased_R8.pth,N,10,8,60,104.61565,215,Background
SE-Conv-L4_ObjectBased_R8.pth,N,11,8,60,115.18829,129,Background
SE-Conv-L4_ObjectBased_R8.pth,N,12,8,60,103.75203,146,Background
SE-Conv-L4_ObjectBased_R8.pth,N,13,8,60,105.61487,215,Background
SE-Conv-L4_ObjectBased_R8.pth,N,14,8,60,106.77446,129,Background
SE-Conv-L4_ObjectBased_R8.pth,N,15,8,60,99.42866,129,Background
SE-Conv-L4_ObjectBased_R8.pth,N,16,8,60,88.02823,146,Background
SE-Conv-L4_ObjectBased_R8.pth,N,17,8,60,101.10768,146,Background
SE-Conv-L4_ObjectBased_R8.pth,N,18,8,60,99.03754,146,Background
SE-Conv-L4_ObjectBased_R8.pth,N,19,8,60,90.66547,146,Background
SE-Conv-L4_ObjectBased_R8.pth,N,20,8,60,103.4963,146,Background
SE-Conv-L4_ObjectBased_R8.pth,N,21,8,60,104.60557,146,Background
SE-FC-L1_FaceBased_R16.pth,E,1,16,215,40.335266,0,Background
SE-FC-L1_FaceBased_R16.pth,E,2,16,215,44.351772,0,Background
SE-FC-L1_FaceBased_R16.pth,E,3,16,215,35.427635,0,Background
SE-FC-L1_FaceBased_R16.pth,E,4,16,215,40.98123,0,Background
SE-FC-L1_FaceBased_R16.pth,E,5,16,215,45.02622,0,Background
SE-FC-L1_FaceBased_R16.pth,E,6,16,215,39.67658,0,Background
SE-FC-L1_FaceBased_R16.pth,E,7,16,215,42.398594,0,Background
SE-FC-L1_FaceBased_R16.pth,E,8,16,215,50.73504,0,Background
SE-FC-L1_FaceBased_R16.pth,E,9,16,215,36.96845,0,Background
SE-FC-L1_FaceBased_R16.pth,E,10,16,215,51.10334,0,Background
SE-FC-L1_FaceBased_R16.pth,E,11,16,215,45.610603,0,Background
SE-FC-L1_FaceBased_R16.pth,E,12,16,215,41.90998,0,Background
SE-FC-L1_FaceBased_R16.pth,E,13,16,215,52.127182,0,Background
SE-FC-L1_FaceBased_R16.pth,E,14,16,215,41.96113,0,Background
SE-FC-L1_FaceBased_R16.pth,E,15,16,215,47.89148,0,Background
SE-FC-L1_FaceBased_R16.pth,E,16,16,215,47.555195,0,Background
SE-FC-L1_FaceBased_R16.pth,E,17,16,215,45.967823,0,Background
SE-FC-L1_FaceBased_R16.pth,E,18,16,215,46.15592,0,Background
SE-FC-L1_FaceBased_R16.pth,E,19,16,215,42.351265,0,Background
SE-FC-L1_FaceBased_R16.pth,E,20,16,215,38.390514,0,Background
SE-FC-L1_FaceBased_R16.pth,E,21,16,215,33.066456,0,Background
SE-FC-L1_FaceBased_R16.pth,Full,1,16,215,17.580864,0,Background
SE-FC-L1_FaceBased_R16.pth,Full,2,16,0,0,0,Background
SE-FC-L1_FaceBased_R16.pth,Full,3,16,0,0,0,Background
SE-FC-L1_FaceBased_R16.pth,Full,4,16,215,17.580862,0,Background
SE-FC-L1_FaceBased_R16.pth,Full,5,16,215,17.580862,0,Background
SE-FC-L1_FaceBased_R16.pth,Full,6,16,215,17.580862,0,Background
SE-FC-L1_FaceBased_R16.pth,Full,7,16,215,17.580862,0,Background
SE-FC-L1_FaceBased_R16.pth,Full,8,16,215,17.580864,0,Background
SE-FC-L1_FaceBased_R16.pth,Full,9,16,215,17.580862,0,Background
SE-FC-L1_FaceBased_R16.pth,Full,10,16,215,17.580862,0,Background
SE-FC-L1_FaceBased_R16.pth,Full,11,16,215,17.580864,0,Background
SE-FC-L1_FaceBased_R16.pth,Full,12,16,215,17.580864,0,Background
SE-FC-L1_FaceBased_R16.pth,Full,13,16,215,17.580862,0,Background
SE-FC-L1_FaceBased_R16.pth,Full,14,16,215,17.580862,0,Background
SE-FC-L1_FaceBased_R16.pth,Full,15,16,215,17.580864,0,Background
SE-FC-L1_FaceBased_R16.pth,Full,16,16,215,17.580864,0,Background
SE-FC-L1_FaceBased_R16.pth,Full,17,16,215,17.580862,0,Background
SE-FC-L1_FaceBased_R16.pth,Full,18,16,0,0,0,Background
SE-FC-L1_FaceBased_R16.pth,Full,19,16,0,0,0,Background
SE-FC-L1_FaceBased_R16.pth,Full,20,16,0,0,0,Background
SE-FC-L1_FaceBased_R16.pth,Full,21,16,0,0,0,Background
SE-FC-L1_FaceBased_R16.pth,M,1,16,198,17.541677,0,Mouth
SE-FC-L1_FaceBased_R16.pth,M,2,16,198,17.234371,0,Mouth
SE-FC-L1_FaceBased_R16.pth,M,3,16,198,17.234371,0,Mouth
SE-FC-L1_FaceBased_R16.pth,M,4,16,0,0,0,Background
SE-FC-L1_FaceBased_R16.pth,M,5,16,198,17.234371,0,Mouth
SE-FC-L1_FaceBased_R16.pth,M,6,16,0,0,0,Background
SE-FC-L1_FaceBased_R16.pth,M,7,16,0,0,0,Background
SE-FC-L1_FaceBased_R16.pth,M,8,16,0,0,0,Background
SE-FC-L1_FaceBased_R16.pth,M,9,16,0,0,0,Background
SE-FC-L1_FaceBased_R16.pth,M,10,16,0,0,0,Background
SE-FC-L1_FaceBased_R16.pth,M,11,16,0,0,0,Background
SE-FC-L1_FaceBased_R16.pth,M,12,16,0,0,0,Background
SE-FC-L1_FaceBased_R16.pth,M,13,16,0,0,0,Background
SE-FC-L1_FaceBased_R16.pth,M,14,16,0,0,0,Background
SE-FC-L1_FaceBased_R16.pth,M,15,16,0,0,0,Background
SE-FC-L1_FaceBased_R16.pth,M,16,16,43,17.234371,0,Background
SE-FC-L1_FaceBased_R16.pth,M,17,16,198,22.123238,0,Mouth
SE-FC-L1_FaceBased_R16.pth,M,18,16,198,17.251677,0,Mouth
SE-FC-L1_FaceBased_R16.pth,M,19,16,198,17.446568,0,Mouth
SE-FC-L1_FaceBased_R16.pth,M,20,16,198,17.349937,0,Mouth
SE-FC-L1_FaceBased_R16.pth,M,21,16,198,17.34097,0,Mouth
SE-FC-L1_FaceBased_R16.pth,N,1,16,198,17.334507,0,Mouth
SE-FC-L1_FaceBased_R16.pth,N,2,16,198,17.313631,0,Mouth
SE-FC-L1_FaceBased_R16.pth,N,3,16,198,17.273367,0,Mouth
SE-FC-L1_FaceBased_R16.pth,N,4,16,198,17.306572,0,Mouth
SE-FC-L1_FaceBased_R16.pth,N,5,16,198,17.307957,0,Mouth
SE-FC-L1_FaceBased_R16.pth,N,6,16,198,17.295563,0,Mouth
SE-FC-L1_FaceBased_R16.pth,N,7,16,198,17.30069,0,Mouth
SE-FC-L1_FaceBased_R16.pth,N,8,16,198,17.260912,0,Mouth
SE-FC-L1_FaceBased_R16.pth,N,9,16,198,17.254993,0,Mouth
SE-FC-L1_FaceBased_R16.pth,N,10,16,198,17.234371,0,Mouth
SE-FC-L1_FaceBased_R16.pth,N,11,16,197,17.234371,0,Mouth
SE-FC-L1_FaceBased_R16.pth,N,12,16,197,17.234371,0,Mouth
SE-FC-L1_FaceBased_R16.pth,N,13,16,198,17.310665,0,Mouth
SE-FC-L1_FaceBased_R16.pth,N,14,16,198,17.28799,0,Mouth
SE-FC-L1_FaceBased_R16.pth,N,15,16,198,17.298033,0,Mouth
SE-FC-L1_FaceBased_R16.pth,N,16,16,198,17.287012,0,Mouth
SE-FC-L1_FaceBased_R16.pth,N,17,16,198,17.288897,0,Mouth
SE-FC-L1_FaceBased_R16.pth,N,18,16,198,17.289713,0,Mouth
SE-FC-L1_FaceBased_R16.pth,N,19,16,198,17.370352,0,Mouth
SE-FC-L1_FaceBased_R16.pth,N,20,16,198,17.352493,0,Mouth
SE-FC-L1_FaceBased_R16.pth,N,21,16,198,17.416298,0,Mouth
SE-FC-L1_FaceBased_R2.pth,E,1,2,43,140.44345,217,Background
SE-FC-L1_FaceBased_R2.pth,E,2,2,0,153.99548,77,Background
SE-FC-L1_FaceBased_R2.pth,E,3,2,0,150.08804,215,Background
SE-FC-L1_FaceBased_R2.pth,E,4,2,0,152.2487,77,Background
SE-FC-L1_FaceBased_R2.pth,E,5,2,0,145.32755,215,Background
SE-FC-L1_FaceBased_R2.pth,E,6,2,0,160.7098,215,Background
SE-FC-L1_FaceBased_R2.pth,E,7,2,0,156.89044,215,Background
SE-FC-L1_FaceBased_R2.pth,E,8,2,0,167.32394,215,Background
SE-FC-L1_FaceBased_R2.pth,E,9,2,42,141.07751,215,Background
SE-FC-L1_FaceBased_R2.pth,E,10,2,0,163.57169,215,Background
SE-FC-L1_FaceBased_R2.pth,E,11,2,0,154.54758,215,Background
SE-FC-L1_FaceBased_R2.pth,E,12,2,0,160.77686,77,Background
SE-FC-L1_FaceBased_R2.pth,E,13,2,0,165.00327,77,Background
SE-FC-L1_FaceBased_R2.pth,E,14,2,0,153.63062,77,Background
SE-FC-L1_FaceBased_R2.pth,E,15,2,0,158.93,77,Background
SE-FC-L1_FaceBased_R2.pth,E,16,2,0,150.25659,77,Background
SE-FC-L1_FaceBased_R2.pth,E,17,2,0,158.30605,77,Background
SE-FC-L1_FaceBased_R2.pth,E,18,2,0,160.87204,77,Background
SE-FC-L1_FaceBased_R2.pth,E,19,2,0,156.72916,77,Background
SE-FC-L1_FaceBased_R2.pth,E,20,2,0,154.20778,77,Background
SE-FC-L1_FaceBased_R2.pth,E,21,2,0,152.6665,77,Background
SE-FC-L1_FaceBased_R2.pth,Full,1,2,0,178.47305,216,Background
SE-FC-L1_FaceBased_R2.pth,Full,2,2,0,177.88675,215,Background
SE-FC-L1_FaceBased_R2.pth,Full,3,2,0,177.98451,215,Background
SE-FC-L1_FaceBased_R2.pth,Full,4,2,0,175.77524,215,Background
SE-FC-L1_FaceBased_R2.pth,Full,5,2,0,177.5983,215,Background
SE-FC-L1_FaceBased_R2.pth,Full,6,2,0,172.56613,215,Background
SE-FC-L1_FaceBased_R2.pth,Full,7,2,0,170.64333,218,Background
SE-FC-L1_FaceBased_R2.pth,Full,8,2,0,173.78355,220,Background
SE-FC-L1_FaceBased_R2.pth,Full,9,2,0,170.20476,215,Background
SE-FC-L1_FaceBased_R2.pth,Full,10,2,0,169.05151,215,Background
SE-FC-L1_FaceBased_R2.pth,Full,11,2,0,170.27837,219,Background
SE-FC-L1_FaceBased_R2.pth,Full,12,2,0,169.88968,215,Background
SE-FC-L1_FaceBased_R2.pth,Full,13,2,0,174.44069,215,Background
SE-FC-L1_FaceBased_R2.pth,Full,14,2,0,173.80972,215,Background
SE-FC-L1_FaceBased_R2.pth,Full,15,2,0,169.76076,215,Background
SE-FC-L1_FaceBased_R2.pth,Full,16,2,0,171.14331,215,Background
SE-FC-L1_FaceBased_R2.pth,Full,17,2,0,171.24292,215,Background
SE-FC-L1_FaceBased_R2.pth,Full,18,2,0,171.64874,215,Background
SE-FC-L1_FaceBased_R2.pth,Full,19,2,0,170.53366,215,Background
SE-FC-L1_FaceBased_R2.pth,Full,20,2,0,169.44926,215,Background
SE-FC-L1_FaceBased_R2.pth,Full,21,2,0,173.2881,215,Background
SE-FC-L1_FaceBased_R2.pth,M,1,2,129,160.74442,215,Nose
SE-FC-L1_FaceBased_R2.pth,M,2,2,129,158.13501,218,Nose
SE-FC-L1_FaceBased_R2.pth,M,3,2,129,160.81177,215,Nose
SE-FC-L1_FaceBased_R2.pth,M,4,2,0,166.0984,221,Background
SE-FC-L1_FaceBased_R2.pth,M,5,2,129,160.46448,215,Nose
SE-FC-L1_FaceBased_R2.pth,M,6,2,0,156.93402,215,Background
SE-FC-L1_FaceBased_R2.pth,M,7,2,129,157.01001,215,Nose
SE-FC-L1_FaceBased_R2.pth,M,8,2,129,161.06497,215,Nose
SE-FC-L1_FaceBased_R2.pth,M,9,2,129,156.22209,215,Nose
SE-FC-L1_FaceBased_R2.pth,M,10,2,0,161.64801,215,Background
SE-FC-L1_FaceBased_R2.pth,M,11,2,0,153.80444,215,Background
SE-FC-L1_FaceBased_R2.pth,M,12,2,0,162.54213,215,Background
SE-FC-L1_FaceBased_R2.pth,M,13,2,0,163.46939,220,Background
SE-FC-L1_FaceBased_R2.pth,M,14,2,129,153.6926,215,Nose
SE-FC-L1_FaceBased_R2.pth,M,15,2,0,153.85747,215,Background
SE-FC-L1_FaceBased_R2.pth,M,16,2,0,157.36493,215,Background
SE-FC-L1_FaceBased_R2.pth,M,17,2,0,156.15552,223,Background
SE-FC-L1_FaceBased_R2.pth,M,18,2,129,151.18561,220,Nose
SE-FC-L1_FaceBased_R2.pth,M,19,2,129,155.695,215,Nose
SE-FC-L1_FaceBased_R2.pth,M,20,2,0,168.32312,215,Background
SE-FC-L1_FaceBased_R2.pth,M,21,2,0,166.44855,215,Background
SE-FC-L1_FaceBased_R2.pth,N,1,2,0,147.59137,129,Background
SE-FC-L1_FaceBased_R2.pth,N,2,2,0,148.57506,129,Background
SE-FC-L1_FaceBased_R2.pth,N,3,2,0,146.83441,129,Background
SE-FC-L1_FaceBased_R2.pth,N,4,2,0,145.16902,129,Background
SE-FC-L1_FaceBased_R2.pth,N,5,2,0,140.20535,129,Background
SE-FC-L1_FaceBased_R2.pth,N,6,2,0,141.96594,129,Background
SE-FC-L1_FaceBased_R2.pth,N,7,2,0,150.24194,129,Background
SE-FC-L1_FaceBased_R2.pth,N,8,2,0,136.78941,129,Background
SE-FC-L1_FaceBased_R2.pth,N,9,2,0,146.06662,129,Background
SE-FC-L1_FaceBased_R2.pth,N,10,2,0,151.05913,129,Background
SE-FC-L1_FaceBased_R2.pth,N,11,2,0,143.22375,129,Background
SE-FC-L1_FaceBased_R2.pth,N,12,2,0,145.36844,129,Background
SE-FC-L1_FaceBased_R2.pth,N,13,2,0,146.70609,129,Background
SE-FC-L1_FaceBased_R2.pth,N,14,2,0,146.04608,129,Background
SE-FC-L1_FaceBased_R2.pth,N,15,2,0,149.44888,129,Background
SE-FC-L1_FaceBased_R2.pth,N,16,2,0,155.30899,129,Background
SE-FC-L1_FaceBased_R2.pth,N,17,2,0,159.1913,129,Background
SE-FC-L1_FaceBased_R2.pth,N,18,2,0,157.13478,129,Background
SE-FC-L1_FaceBased_R2.pth,N,19,2,0,150.86339,215,Background
SE-FC-L1_FaceBased_R2.pth,N,20,2,0,149.96344,215,Background
SE-FC-L1_FaceBased_R2.pth,N,21,2,0,157.82484,215,Background
SE-FC-L1_FaceBased_R32.pth,E,1,32,25,169.73192,198,Background
SE-FC-L1_FaceBased_R32.pth,E,2,32,26,169.86423,198,Background
SE-FC-L1_FaceBased_R32.pth,E,3,32,26,171.12347,198,Background
SE-FC-L1_FaceBased_R32.pth,E,4,32,26,168.88846,215,Background
SE-FC-L1_FaceBased_R32.pth,E,5,32,26,172.10284,198,Background
SE-FC-L1_FaceBased_R32.pth,E,6,32,25,175.32248,198,Background
SE-FC-L1_FaceBased_R32.pth,E,7,32,26,179.5232,198,Background
SE-FC-L1_FaceBased_R32.pth,E,8,32,26,180.72404,198,Background
SE-FC-L1_FaceBased_R32.pth,E,9,32,26,175.15802,198,Background
SE-FC-L1_FaceBased_R32.pth,E,10,32,26,173.34706,198,Background
SE-FC-L1_FaceBased_R32.pth,E,11,32,26,177.14075,198,Background
SE-FC-L1_FaceBased_R32.pth,E,12,32,26,173.87317,198,Background
SE-FC-L1_FaceBased_R32.pth,E,13,32,26,173.27435,198,Background
SE-FC-L1_FaceBased_R32.pth,E,14,32,26,168.608,198,Background
SE-FC-L1_FaceBased_R32.pth,E,15,32,26,172.43811,215,Background
SE-FC-L1_FaceBased_R32.pth,E,16,32,26,169.48752,215,Background
SE-FC-L1_FaceBased_R32.pth,E,17,32,26,171.09544,215,Background
SE-FC-L1_FaceBased_R32.pth,E,18,32,26,169.6796,215,Background
SE-FC-L1_FaceBased_R32.pth,E,19,32,26,171.70227,215,Background
SE-FC-L1_FaceBased_R32.pth,E,20,32,26,169.89925,215,Background
SE-FC-L1_FaceBased_R32.pth,E,21,32,26,168.01685,215,Background
SE-FC-L1_FaceBased_R32.pth,Full,1,32,25,156.14749,215,Background
SE-FC-L1_FaceBased_R32.pth,Full,2,32,25,152.63696,215,Background
SE-FC-L1_FaceBased_R32.pth,Full,3,32,25,150.70175,221,Background
SE-FC-L1_FaceBased_R32.pth,Full,4,32,25,149.40308,215,Background
SE-FC-L1_FaceBased_R32.pth,Full,5,32,25,151.9031,215,Background
SE-FC-L1_FaceBased_R32.pth,Full,6,32,25,159.93118,215,Background
SE-FC-L1_FaceBased_R32.pth,Full,7,32,25,158.69485,215,Background
SE-FC-L1_FaceBased_R32.pth,Full,8,32,25,158.2669,215,Background
SE-FC-L1_FaceBased_R32.pth,Full,9,32,25,166.84427,215,Background
SE-FC-L1_FaceBased_R32.pth,Full,10,32,25,170.06506,215,Background
SE-FC-L1_FaceBased_R32.pth,Full,11,32,25,169.87102,215,Background
SE-FC-L1_FaceBased_R32.pth,Full,12,32,25,151.41138,215,Background
SE-FC-L1_FaceBased_R32.pth,Full,13,32,25,153.04622,216,Background
SE-FC-L1_FaceBased_R32.pth,Full,14,32,25,151.27206,215,Background
SE-FC-L1_FaceBased_R32.pth,Full,15,32,25,153.4998,215,Background
SE-FC-L1_FaceBased_R32.pth,Full,16,32,60,140.32639,215,Background
SE-FC-L1_FaceBased_R32.pth,Full,17,32,163,141.35448,215,Background
SE-FC-L1_FaceBased_R32.pth,Full,18,32,60,154.48056,215,Background
SE-FC-L1_FaceBased_R32.pth,Full,19,32,60,156.56409,215,Background
SE-FC-L1_FaceBased_R32.pth,Full,20,32,60,147.9609,215,Background
SE-FC-L1_FaceBased_R32.pth,Full,21,32,60,142.24045,215,Background
SE-FC-L1_FaceBased_R32.pth,M,1,32,25,155.87033,215,Background
SE-FC-L1_FaceBased_R32.pth,M,2,32,163,160.07066,215,Background
SE-FC-L1_FaceBased_R32.pth,M,3,32,163,162.43033,215,Background
SE-FC-L1_FaceBased_R32.pth,M,4,32,163,158.29349,215,Background
SE-FC-L1_FaceBased_R32.pth,M,5,32,163,152.23914,215,Background
SE-FC-L1_FaceBased_R32.pth,M,6,32,163,152.62738,215,Background
SE-FC-L1_FaceBased_R32.pth,M,7,32,163,152.69879,215,Background
SE-FC-L1_FaceBased_R32.pth,M,8,32,163,158.83394,215,Background
SE-FC-L1_FaceBased_R32.pth,M,9,32,163,159.76495,219,Background
SE-FC-L1_FaceBased_R32.pth,M,10,32,163,152.17842,215,Background
SE-FC-L1_FaceBased_R32.pth,M,11,32,163,153.57005,215,Background
SE-FC-L1_FaceBased_R32.pth,M,12,32,163,151.49652,220,Background
SE-FC-L1_FaceBased_R32.pth,M,13,32,163,152.96545,215,Background
SE-FC-L1_FaceBased_R32.pth,M,14,32,163,152.21602,215,Background
SE-FC-L1_FaceBased_R32.pth,M,15,32,163,152.43199,215,Background
SE-FC-L1_FaceBased_R32.pth,M,16,32,146,146.44678,215,Nose
SE-FC-L1_FaceBased_R32.pth,M,17,32,163,144.32219,215,Background
SE-FC-L1_FaceBased_R32.pth,M,18,32,163,147.08667,215,Background
SE-FC-L1_FaceBased_R32.pth,M,19,32,163,147.81784,0,Background
SE-FC-L1_FaceBased_R32.pth,M,20,32,163,149.18869,215,Background
SE-FC-L1_FaceBased_R32.pth,M,21,32,163,150.1653,215,Background
SE-FC-L1_FaceBased_R32.pth,N,1,32,95,156.93973,215,Eyes
SE-FC-L1_FaceBased_R32.pth,N,2,32,95,156.73943,215,Eyes
SE-FC-L1_FaceBased_R32.pth,N,3,32,94,165.88524,215,Eyes
SE-FC-L1_FaceBased_R32.pth,N,4,32,94,165.12984,215,Eyes
SE-FC-L1_FaceBased_R32.pth,N,5,32,94,165.82144,215,Eyes
SE-FC-L1_FaceBased_R32.pth,N,6,32,94,162.55978,215,Eyes
SE-FC-L1_FaceBased_R32.pth,N,7,32,94,162.9639,215,Eyes
SE-FC-L1_FaceBased_R32.pth,N,8,32,95,168.2472,215,Eyes
SE-FC-L1_FaceBased_R32.pth,N,9,32,94,169.51175,215,Eyes
SE-FC-L1_FaceBased_R32.pth,N,10,32,95,173.979,215,Eyes
SE-FC-L1_FaceBased_R32.pth,N,11,32,94,171.4426,215,Eyes
SE-FC-L1_FaceBased_R32.pth,N,12,32,94,169.7318,215,Eyes
SE-FC-L1_FaceBased_R32.pth,N,13,32,95,172.05148,215,Eyes
SE-FC-L1_FaceBased_R32.pth,N,14,32,94,173.8512,215,Eyes
SE-FC-L1_FaceBased_R32.pth,N,15,32,94,177.70865,215,Eyes
SE-FC-L1_FaceBased_R32.pth,N,16,32,95,172.32619,215,Eyes
SE-FC-L1_FaceBased_R32.pth,N,17,32,94,173.28062,215,Eyes
SE-FC-L1_FaceBased_R32.pth,N,18,32,94,170.4209,215,Eyes
SE-FC-L1_FaceBased_R32.pth,N,19,32,94,173.25822,215,Eyes
SE-FC-L1_FaceBased_R32.pth,N,20,32,94,171.54774,215,Eyes
SE-FC-L1_FaceBased_R32.pth,N,21,32,163,171.85437,215,Background
SE-FC-L1_FaceBased_R4.pth,E,1,4,215,126.62839,59,Background
SE-FC-L1_FaceBased_R4.pth,E,2,4,215,117.6033,60,Background
SE-FC-L1_FaceBased_R4.pth,E,3,4,215,123.151474,180,Background
SE-FC-L1_FaceBased_R4.pth,E,4,4,217,124.051735,180,Background
SE-FC-L1_FaceBased_R4.pth,E,5,4,215,119.19455,181,Background
SE-FC-L1_FaceBased_R4.pth,E,6,4,215,128.92352,60,Background
SE-FC-L1_FaceBased_R4.pth,E,7,4,215,127.51244,60,Background
SE-FC-L1_FaceBased_R4.pth,E,8,4,215,131.34705,60,Background
SE-FC-L1_FaceBased_R4.pth,E,9,4,215,131.80788,180,Background
SE-FC-L1_FaceBased_R4.pth,E,10,4,215,120.77212,60,Background
SE-FC-L1_FaceBased_R4.pth,E,11,4,215,112.14136,60,Background
SE-FC-L1_FaceBased_R4.pth,E,12,4,215,120.2009,60,Background
SE-FC-L1_FaceBased_R4.pth,E,13,4,215,86.80141,181,Background
SE-FC-L1_FaceBased_R4.pth,E,14,4,215,107.00355,60,Background
SE-FC-L1_FaceBased_R4.pth,E,15,4,94,105.256226,60,Eyes
SE-FC-L1_FaceBased_R4.pth,E,16,4,94,115.221115,60,Eyes
SE-FC-L1_FaceBased_R4.pth,E,17,4,215,118.27019,60,Background
SE-FC-L1_FaceBased_R4.pth,E,18,4,215,104.14906,60,Background
SE-FC-L1_FaceBased_R4.pth,E,19,4,94,75.05285,60,Eyes
SE-FC-L1_FaceBased_R4.pth,E,20,4,94,97.80247,60,Eyes
SE-FC-L1_FaceBased_R4.pth,E,21,4,94,109.8734,60,Eyes
SE-FC-L1_FaceBased_R4.pth,Full,1,4,215,135.15001,180,Background
SE-FC-L1_FaceBased_R4.pth,Full,2,4,215,107.20999,180,Background
SE-FC-L1_FaceBased_R4.pth,Full,3,4,215,83.35855,180,Background
SE-FC-L1_FaceBased_R4.pth,Full,4,4,215,90.78023,180,Background
SE-FC-L1_FaceBased_R4.pth,Full,5,4,215,97.67673,180,Background
SE-FC-L1_FaceBased_R4.pth,Full,6,4,215,96.98823,180,Background
SE-FC-L1_FaceBased_R4.pth,Full,7,4,215,116.58098,180,Background
SE-FC-L1_FaceBased_R4.pth,Full,8,4,215,118.38498,180,Background
SE-FC-L1_FaceBased_R4.pth,Full,9,4,215,124.15772,180,Background
SE-FC-L1_FaceBased_R4.pth,Full,10,4,215,119.863914,180,Background
SE-FC-L1_FaceBased_R4.pth,Full,11,4,215,109.281685,180,Background
SE-FC-L1_FaceBased_R4.pth,Full,12,4,215,110.55333,180,Background
SE-FC-L1_FaceBased_R4.pth,Full,13,4,215,86.792564,180,Background
SE-FC-L1_FaceBased_R4.pth,Full,14,4,215,114.2124,180,Background
SE-FC-L1_FaceBased_R4.pth,Full,15,4,218,106.04574,180,Background
SE-FC-L1_FaceBased_R4.pth,Full,16,4,215,99.76781,180,Background
SE-FC-L1_FaceBased_R4.pth,Full,17,4,215,116.57141,180,Background
SE-FC-L1_FaceBased_R4.pth,Full,18,4,215,89.86476,180,Background
SE-FC-L1_FaceBased_R4.pth,Full,19,4,215,90.5708,180,Background
SE-FC-L1_FaceBased_R4.pth,Full,20,4,215,102.20577,180,Background
SE-FC-L1_FaceBased_R4.pth,Full,21,4,215,128.63872,180,Background
SE-FC-L1_FaceBased_R4.pth,M,1,4,198,99.036736,112,Mouth
SE-FC-L1_FaceBased_R4.pth,M,2,4,198,100.8237,112,Mouth
SE-FC-L1_FaceBased_R4.pth,M,3,4,198,59.6485,146,Mouth
SE-FC-L1_FaceBased_R4.pth,M,4,4,198,61.586117,112,Mouth
SE-FC-L1_FaceBased_R4.pth,M,5,4,198,50.85294,112,Mouth
SE-FC-L1_FaceBased_R4.pth,M,6,4,215,92.58256,163,Background
SE-FC-L1_FaceBased_R4.pth,M,7,4,215,90.52629,146,Background
SE-FC-L1_FaceBased_R4.pth,M,8,4,215,90.02058,145,Background
SE-FC-L1_FaceBased_R4.pth,M,9,4,215,77.605194,163,Background
SE-FC-L1_FaceBased_R4.pth,M,10,4,215,109.1098,163,Background
SE-FC-L1_FaceBased_R4.pth,M,11,4,198,71.83233,163,Mouth
SE-FC-L1_FaceBased_R4.pth,M,12,4,198,99.797295,163,Mouth
SE-FC-L1_FaceBased_R4.pth,M,13,4,215,94.23862,163,Background
SE-FC-L1_FaceBased_R4.pth,M,14,4,215,131.22339,163,Background
SE-FC-L1_FaceBased_R4.pth,M,15,4,215,135.50542,163,Background
SE-FC-L1_FaceBased_R4.pth,M,16,4,215,144.96165,163,Background
SE-FC-L1_FaceBased_R4.pth,M,17,4,215,102.02647,163,Background
SE-FC-L1_FaceBased_R4.pth,M,18,4,219,115.87101,163,Background
SE-FC-L1_FaceBased_R4.pth,M,19,4,215,117.90679,0,Background
SE-FC-L1_FaceBased_R4.pth,M,20,4,215,130.92609,0,Background
SE-FC-L1_FaceBased_R4.pth,M,21,4,215,128.3294,163,Background
SE-FC-L1_FaceBased_R4.pth,N,1,4,215,136.4866,181,Background
SE-FC-L1_FaceBased_R4.pth,N,2,4,215,117.31014,181,Background
SE-FC-L1_FaceBased_R4.pth,N,3,4,215,115.36952,181,Background
SE-FC-L1_FaceBased_R4.pth,N,4,4,215,129.42236,181,Background
SE-FC-L1_FaceBased_R4.pth,N,5,4,215,110.898605,181,Background
SE-FC-L1_FaceBased_R4.pth,N,6,4,215,135.03784,181,Background
SE-FC-L1_FaceBased_R4.pth,N,7,4,215,119.172165,181,Background
SE-FC-L1_FaceBased_R4.pth,N,8,4,215,125.92363,0,Background
SE-FC-L1_FaceBased_R4.pth,N,9,4,215,101.68347,181,Background
SE-FC-L1_FaceBased_R4.pth,N,10,4,215,99.9547,181,Background
SE-FC-L1_FaceBased_R4.pth,N,11,4,215,100.21817,181,Background
SE-FC-L1_FaceBased_R4.pth,N,12,4,215,105.87779,0,Background
SE-FC-L1_FaceBased_R4.pth,N,13,4,215,120.72481,0,Background
SE-FC-L1_FaceBased_R4.pth,N,14,4,215,89.41884,181,Background
SE-FC-L1_FaceBased_R4.pth,N,15,4,215,107.2769,0,Background
SE-FC-L1_FaceBased_R4.pth,N,16,4,215,100.88543,0,Background
SE-FC-L1_FaceBased_R4.pth,N,17,4,215,104.80846,0,Background
SE-FC-L1_FaceBased_R4.pth,N,18,4,215,104.373856,181,Background
SE-FC-L1_FaceBased_R4.pth,N,19,4,215,122.29784,181,Background
SE-FC-L1_FaceBased_R4.pth,N,20,4,215,95.81268,112,Background
SE-FC-L1_FaceBased_R4.pth,N,21,4,215,87.82689,181,Background
SE-FC-L1_FaceBased_R8.pth,E,1,8,43,154.86108,0,Background
SE-FC-L1_FaceBased_R8.pth,E,2,8,43,151.92264,0,Background
SE-FC-L1_FaceBased_R8.pth,E,3,8,197,156.80737,0,Mouth
SE-FC-L1_FaceBased_R8.pth,E,4,8,197,154.4448,0,Mouth
SE-FC-L1_FaceBased_R8.pth,E,5,8,43,154.88919,0,Background
SE-FC-L1_FaceBased_R8.pth,E,6,8,197,152.61668,0,Mouth
SE-FC-L1_FaceBased_R8.pth,E,7,8,94,152.28679,0,Eyes
SE-FC-L1_FaceBased_R8.pth,E,8,8,197,149.36827,0,Mouth
SE-FC-L1_FaceBased_R8.pth,E,9,8,197,147.53299,0,Mouth
SE-FC-L1_FaceBased_R8.pth,E,10,8,43,148.24057,0,Background
SE-FC-L1_FaceBased_R8.pth,E,11,8,43,151.78282,0,Background
SE-FC-L1_FaceBased_R8.pth,E,12,8,43,152.72363,0,Background
SE-FC-L1_FaceBased_R8.pth,E,13,8,43,151.20288,0,Background
SE-FC-L1_FaceBased_R8.pth,E,14,8,43,160.93225,0,Background
SE-FC-L1_FaceBased_R8.pth,E,15,8,43,159.7722,0,Background
SE-FC-L1_FaceBased_R8.pth,E,16,8,43,157.7019,0,Background
SE-FC-L1_FaceBased_R8.pth,E,17,8,43,152.58295,0,Background
SE-FC-L1_FaceBased_R8.pth,E,18,8,43,156.81984,0,Background
SE-FC-L1_FaceBased_R8.pth,E,19,8,43,154.53955,0,Background
SE-FC-L1_FaceBased_R8.pth,E,20,8,43,157.72778,0,Background
SE-FC-L1_FaceBased_R8.pth,E,21,8,43,158.3577,0,Background
SE-FC-L1_FaceBased_R8.pth,Full,1,8,197,154.16385,0,Mouth
SE-FC-L1_FaceBased_R8.pth,Full,2,8,197,152.28444,0,Mouth
SE-FC-L1_FaceBased_R8.pth,Full,3,8,197,147.72363,0,Mouth
SE-FC-L1_FaceBased_R8.pth,Full,4,8,197,149.42822,0,Mouth
SE-FC-L1_FaceBased_R8.pth,Full,5,8,197,152.09514,0,Mouth
SE-FC-L1_FaceBased_R8.pth,Full,6,8,197,154.63203,0,Mouth
SE-FC-L1_FaceBased_R8.pth,Full,7,8,197,149.76978,0,Mouth
SE-FC-L1_FaceBased_R8.pth,Full,8,8,197,152.48322,0,Mouth
SE-FC-L1_FaceBased_R8.pth,Full,9,8,197,151.94519,0,Mouth
SE-FC-L1_FaceBased_R8.pth,Full,10,8,197,153.96089,215,Mouth
SE-FC-L1_FaceBased_R8.pth,Full,11,8,197,155.07248,215,Mouth
SE-FC-L1_FaceBased_R8.pth,Full,12,8,197,153.95175,215,Mouth
SE-FC-L1_FaceBased_R8.pth,Full,13,8,197,153.89117,0,Mouth
SE-FC-L1_FaceBased_R8.pth,Full,14,8,197,152.99887,0,Mouth
SE-FC-L1_FaceBased_R8.pth,Full,15,8,197,155.43997,0,Mouth
SE-FC-L1_FaceBased_R8.pth,Full,16,8,197,158.12253,215,Mouth
SE-FC-L1_FaceBased_R8.pth,Full,17,8,197,150.01532,0,Mouth
SE-FC-L1_FaceBased_R8.pth,Full,18,8,197,155.00357,0,Mouth
SE-FC-L1_FaceBased_R8.pth,Full,19,8,197,153.61017,0,Mouth
SE-FC-L1_FaceBased_R8.pth,Full,20,8,197,159.21594,0,Mouth
SE-FC-L1_FaceBased_R8.pth,Full,21,8,197,155.97023,0,Mouth
SE-FC-L1_FaceBased_R8.pth,M,1,8,181,147.01584,217,Mouth
SE-FC-L1_FaceBased_R8.pth,M,2,8,181,154.89487,215,Mouth
SE-FC-L1_FaceBased_R8.pth,M,3,8,181,147.6983,215,Mouth
SE-FC-L1_FaceBased_R8.pth,M,4,8,181,148.83472,215,Mouth
SE-FC-L1_FaceBased_R8.pth,M,5,8,181,154.36456,215,Mouth
SE-FC-L1_FaceBased_R8.pth,M,6,8,181,149.47769,215,Mouth
SE-FC-L1_FaceBased_R8.pth,M,7,8,181,146.29517,215,Mouth
SE-FC-L1_FaceBased_R8.pth,M,8,8,181,148.61086,215,Mouth
SE-FC-L1_FaceBased_R8.pth,M,9,8,181,151.95886,215,Mouth
SE-FC-L1_FaceBased_R8.pth,M,10,8,181,149.45386,0,Mouth
SE-FC-L1_FaceBased_R8.pth,M,11,8,181,149.47156,0,Mouth
SE-FC-L1_FaceBased_R8.pth,M,12,8,181,152.11847,215,Mouth
SE-FC-L1_FaceBased_R8.pth,M,13,8,181,148.66069,215,Mouth
SE-FC-L1_FaceBased_R8.pth,M,14,8,181,150.80893,0,Mouth
SE-FC-L1_FaceBased_R8.pth,M,15,8,181,154.31331,0,Mouth
SE-FC-L1_FaceBased_R8.pth,M,16,8,181,152.79645,0,Mouth
SE-FC-L1_FaceBased_R8.pth,M,17,8,181,154.26877,0,Mouth
SE-FC-L1_FaceBased_R8.pth,M,18,8,181,154.61583,0,Mouth
SE-FC-L1_FaceBased_R8.pth,M,19,8,181,156.47398,0,Mouth
SE-FC-L1_FaceBased_R8.pth,M,20,8,181,156.43945,0,Mouth
SE-FC-L1_FaceBased_R8.pth,M,21,8,181,162.27615,0,Mouth
SE-FC-L1_FaceBased_R8.pth,N,1,8,197,135.82024,0,Mouth
SE-FC-L1_FaceBased_R8.pth,N,2,8,197,132.03123,0,Mouth
SE-FC-L1_FaceBased_R8.pth,N,3,8,197,134.8052,0,Mouth
SE-FC-L1_FaceBased_R8.pth,N,4,8,197,138.52786,0,Mouth
SE-FC-L1_FaceBased_R8.pth,N,5,8,197,140.38977,0,Mouth
SE-FC-L1_FaceBased_R8.pth,N,6,8,197,146.02042,0,Mouth
SE-FC-L1_FaceBased_R8.pth,N,7,8,95,132.32138,0,Eyes
SE-FC-L1_FaceBased_R8.pth,N,8,8,197,134.09422,0,Mouth
SE-FC-L1_FaceBased_R8.pth,N,9,8,197,134.65356,0,Mouth
SE-FC-L1_FaceBased_R8.pth,N,10,8,197,134.92029,0,Mouth
SE-FC-L1_FaceBased_R8.pth,N,11,8,95,132.11511,0,Eyes
SE-FC-L1_FaceBased_R8.pth,N,12,8,95,128.48822,0,Eyes
SE-FC-L1_FaceBased_R8.pth,N,13,8,197,121.25219,0,Mouth
SE-FC-L1_FaceBased_R8.pth,N,14,8,197,124.01277,0,Mouth
SE-FC-L1_FaceBased_R8.pth,N,15,8,197,131.92705,0,Mouth
SE-FC-L1_FaceBased_R8.pth,N,16,8,197,145.86354,0,Mouth
SE-FC-L1_FaceBased_R8.pth,N,17,8,197,137.0193,0,Mouth
SE-FC-L1_FaceBased_R8.pth,N,18,8,197,138.72812,0,Mouth
SE-FC-L1_FaceBased_R8.pth,N,19,8,197,138.5162,0,Mouth
SE-FC-L1_FaceBased_R8.pth,N,20,8,197,140.37988,0,Mouth
SE-FC-L1_FaceBased_R8.pth,N,21,8,197,139.66528,0,Mouth
SE-FC-L1_ObjectBased_R16.pth,E,1,16,60,136.55972,198,Background
SE-FC-L1_ObjectBased_R16.pth,E,2,16,60,128.21751,198,Background
SE-FC-L1_ObjectBased_R16.pth,E,3,16,60,131.48859,198,Background
SE-FC-L1_ObjectBased_R16.pth,E,4,16,60,135.34479,198,Background
SE-FC-L1_ObjectBased_R16.pth,E,5,16,60,131.85771,198,Background
SE-FC-L1_ObjectBased_R16.pth,E,6,16,60,128.00356,198,Background
SE-FC-L1_ObjectBased_R16.pth,E,7,16,60,125.36508,198,Background
SE-FC-L1_ObjectBased_R16.pth,E,8,16,60,128.59012,198,Background
SE-FC-L1_ObjectBased_R16.pth,E,9,16,60,124.46796,198,Background
SE-FC-L1_ObjectBased_R16.pth,E,10,16,60,124.925224,198,Background
SE-FC-L1_ObjectBased_R16.pth,E,11,16,60,129.1973,198,Background
SE-FC-L1_ObjectBased_R16.pth,E,12,16,94,137.59,0,Eyes
SE-FC-L1_ObjectBased_R16.pth,E,13,16,60,130.62209,0,Background
SE-FC-L1_ObjectBased_R16.pth,E,14,16,60,129.36995,0,Background
SE-FC-L1_ObjectBased_R16.pth,E,15,16,111,132.0146,0,Background
SE-FC-L1_ObjectBased_R16.pth,E,16,16,95,130.90959,198,Eyes
SE-FC-L1_ObjectBased_R16.pth,E,17,16,60,132.42174,0,Background
SE-FC-L1_ObjectBased_R16.pth,E,18,16,95,128.4165,0,Eyes
SE-FC-L1_ObjectBased_R16.pth,E,19,16,95,125.32704,198,Eyes
SE-FC-L1_ObjectBased_R16.pth,E,20,16,60,125.435905,0,Background
SE-FC-L1_ObjectBased_R16.pth,E,21,16,60,122.51514,0,Background
SE-FC-L1_ObjectBased_R16.pth,Full,1,16,26,128.50082,0,Background
SE-FC-L1_ObjectBased_R16.pth,Full,2,16,180,124.19304,0,Mouth
SE-FC-L1_ObjectBased_R16.pth,Full,3,16,26,125.455444,0,Background
SE-FC-L1_ObjectBased_R16.pth,Full,4,16,26,121.96767,94,Background
SE-FC-L1_ObjectBased_R16.pth,Full,5,16,26,125.47966,95,Background
SE-FC-L1_ObjectBased_R16.pth,Full,6,16,26,127.247635,0,Background
SE-FC-L1_ObjectBased_R16.pth,Full,7,16,26,123.95598,0,Background
SE-FC-L1_ObjectBased_R16.pth,Full,8,16,26,121.3618,94,Background
SE-FC-L1_ObjectBased_R16.pth,Full,9,16,26,120.5132,0,Background
SE-FC-L1_ObjectBased_R16.pth,Full,10,16,26,120.00319,0,Background
SE-FC-L1_ObjectBased_R16.pth,Full,11,16,26,118.485535,0,Background
SE-FC-L1_ObjectBased_R16.pth,Full,12,16,180,112.265884,0,Mouth
SE-FC-L1_ObjectBased_R16.pth,Full,13,16,26,117.447014,0,Background
SE-FC-L1_ObjectBased_R16.pth,Full,14,16,26,114.05266,0,Background
SE-FC-L1_ObjectBased_R16.pth,Full,15,16,26,122.42368,0,Background
SE-FC-L1_ObjectBased_R16.pth,Full,16,16,26,119.39531,95,Background
SE-FC-L1_ObjectBased_R16.pth,Full,17,16,26,119.654274,0,Background
SE-FC-L1_ObjectBased_R16.pth,Full,18,16,26,120.225426,0,Background
SE-FC-L1_ObjectBased_R16.pth,Full,19,16,26,115.28312,0,Background
SE-FC-L1_ObjectBased_R16.pth,Full,20,16,26,116.22015,95,Background
SE-FC-L1_ObjectBased_R16.pth,Full,21,16,180,116.624115,95,Mouth
SE-FC-L1_ObjectBased_R16.pth,M,1,16,146,152.99225,0,Nose
SE-FC-L1_ObjectBased_R16.pth,M,2,16,146,147.74762,0,Nose
SE-FC-L1_ObjectBased_R16.pth,M,3,16,146,141.66415,0,Nose
SE-FC-L1_ObjectBased_R16.pth,M,4,16,146,139.33182,0,Nose
SE-FC-L1_ObjectBased_R16.pth,M,5,16,146,145.35294,0,Nose
SE-FC-L1_ObjectBased_R16.pth,M,6,16,146,139.82492,0,Nose
SE-FC-L1_ObjectBased_R16.pth,M,7,16,146,138.94562,0,Nose
SE-FC-L1_ObjectBased_R16.pth,M,8,16,146,139.74117,215,Nose
SE-FC-L1_ObjectBased_R16.pth,M,9,16,146,139.28952,215,Nose
SE-FC-L1_ObjectBased_R16.pth,M,10,16,146,135.05713,215,Nose
SE-FC-L1_ObjectBased_R16.pth,M,11,16,146,134.73123,0,Nose
SE-FC-L1_ObjectBased_R16.pth,M,12,16,146,127.319115,0,Nose
SE-FC-L1_ObjectBased_R16.pth,M,13,16,146,128.66995,0,Nose
SE-FC-L1_ObjectBased_R16.pth,M,14,16,146,128.77036,215,Nose
SE-FC-L1_ObjectBased_R16.pth,M,15,16,146,127.34096,0,Nose
SE-FC-L1_ObjectBased_R16.pth,M,16,16,146,122.700836,0,Nose
SE-FC-L1_ObjectBased_R16.pth,M,17,16,146,127.506454,0,Nose
SE-FC-L1_ObjectBased_R16.pth,M,18,16,146,126.20514,0,Nose
SE-FC-L1_ObjectBased_R16.pth,M,19,16,146,131.58292,0,Nose
SE-FC-L1_ObjectBased_R16.pth,M,20,16,146,133.62944,0,Nose
SE-FC-L1_ObjectBased_R16.pth,M,21,16,146,139.90265,0,Nose
SE-FC-L1_ObjectBased_R16.pth,N,1,16,163,138.87247,0,Background
SE-FC-L1_ObjectBased_R16.pth,N,2,16,163,136.7808,0,Background
SE-FC-L1_ObjectBased_R16.pth,N,3,16,163,132.24438,215,Background
SE-FC-L1_ObjectBased_R16.pth,N,4,16,163,134.57718,215,Background
SE-FC-L1_ObjectBased_R16.pth,N,5,16,163,134.91705,215,Background
SE-FC-L1_ObjectBased_R16.pth,N,6,16,163,141.39175,215,Background
SE-FC-L1_ObjectBased_R16.pth,N,7,16,163,133.6131,215,Background
SE-FC-L1_ObjectBased_R16.pth,N,8,16,163,143.15509,215,Background
SE-FC-L1_ObjectBased_R16.pth,N,9,16,163,143.03674,215,Background
SE-FC-L1_ObjectBased_R16.pth,N,10,16,163,142.6566,215,Background
SE-FC-L1_ObjectBased_R16.pth,N,11,16,163,145.89084,215,Background
SE-FC-L1_ObjectBased_R16.pth,N,12,16,163,152.7511,215,Background
SE-FC-L1_ObjectBased_R16.pth,N,13,16,163,157.76253,215,Background
SE-FC-L1_ObjectBased_R16.pth,N,14,16,163,156.03935,215,Background
SE-FC-L1_ObjectBased_R16.pth,N,15,16,163,153.91243,219,Background
SE-FC-L1_ObjectBased_R16.pth,N,16,16,163,158.63509,215,Background
SE-FC-L1_ObjectBased_R16.pth,N,17,16,163,157.04457,215,Background
SE-FC-L1_ObjectBased_R16.pth,N,18,16,163,158.86594,215,Background
SE-FC-L1_ObjectBased_R16.pth,N,19,16,163,155.7587,215,Background
SE-FC-L1_ObjectBased_R16.pth,N,20,16,163,157.84059,215,Background
SE-FC-L1_ObjectBased_R16.pth,N,21,16,163,156.53796,0,Background
SE-FC-L1_ObjectBased_R2.pth,E,1,2,94,169.88348,0,Eyes
SE-FC-L1_ObjectBased_R2.pth,E,2,2,94,172.222,0,Eyes
SE-FC-L1_ObjectBased_R2.pth,E,3,2,95,162.93439,0,Eyes
SE-FC-L1_ObjectBased_R2.pth,E,4,2,26,154.71332,0,Background
SE-FC-L1_ObjectBased_R2.pth,E,5,2,26,159.7615,0,Background
SE-FC-L1_ObjectBased_R2.pth,E,6,2,26,162.19788,0,Background
SE-FC-L1_ObjectBased_R2.pth,E,7,2,26,148.51958,0,Background
SE-FC-L1_ObjectBased_R2.pth,E,8,2,26,161.4161,0,Background
SE-FC-L1_ObjectBased_R2.pth,E,9,2,26,167.61766,0,Background
SE-FC-L1_ObjectBased_R2.pth,E,10,2,26,168.77638,0,Background
SE-FC-L1_ObjectBased_R2.pth,E,11,2,26,167.21745,0,Background
SE-FC-L1_ObjectBased_R2.pth,E,12,2,26,162.18318,0,Background
SE-FC-L1_ObjectBased_R2.pth,E,13,2,95,164.34918,0,Eyes
SE-FC-L1_ObjectBased_R2.pth,E,14,2,111,164.90349,0,Background
SE-FC-L1_ObjectBased_R2.pth,E,15,2,95,170.86337,0,Eyes
SE-FC-L1_ObjectBased_R2.pth,E,16,2,26,172.74124,0,Background
SE-FC-L1_ObjectBased_R2.pth,E,17,2,26,178.34323,0,Background
SE-FC-L1_ObjectBased_R2.pth,E,18,2,26,179.65594,0,Background
SE-FC-L1_ObjectBased_R2.pth,E,19,2,26,179.24283,0,Background
SE-FC-L1_ObjectBased_R2.pth,E,20,2,26,177.8295,0,Background
SE-FC-L1_ObjectBased_R2.pth,E,21,2,26,174.04156,0,Background
SE-FC-L1_ObjectBased_R2.pth,Full,1,2,43,141.14911,0,Background
SE-FC-L1_ObjectBased_R2.pth,Full,2,2,42,140.65622,0,Background
SE-FC-L1_ObjectBased_R2.pth,Full,3,2,43,138.1127,0,Background
SE-FC-L1_ObjectBased_R2.pth,Full,4,2,42,141.59534,0,Background
SE-FC-L1_ObjectBased_R2.pth,Full,5,2,42,137.56381,0,Background
SE-FC-L1_ObjectBased_R2.pth,Full,6,2,42,135.09708,0,Background
SE-FC-L1_ObjectBased_R2.pth,Full,7,2,43,139.82074,0,Background
SE-FC-L1_ObjectBased_R2.pth,Full,8,2,43,145.15543,0,Background
SE-FC-L1_ObjectBased_R2.pth,Full,9,2,42,144.27953,0,Background
SE-FC-L1_ObjectBased_R2.pth,Full,10,2,42,149.89061,0,Background
SE-FC-L1_ObjectBased_R2.pth,Full,11,2,43,156.44952,0,Background
SE-FC-L1_ObjectBased_R2.pth,Full,12,2,43,147.65047,0,Background
SE-FC-L1_ObjectBased_R2.pth,Full,13,2,43,147.01643,0,Background
SE-FC-L1_ObjectBased_R2.pth,Full,14,2,43,155.4582,0,Background
SE-FC-L1_ObjectBased_R2.pth,Full,15,2,43,154.6286,0,Background
SE-FC-L1_ObjectBased_R2.pth,Full,16,2,43,156.74396,0,Background
SE-FC-L1_ObjectBased_R2.pth,Full,17,2,43,156.11487,0,Background
SE-FC-L1_ObjectBased_R2.pth,Full,18,2,43,154.83643,0,Background
SE-FC-L1_ObjectBased_R2.pth,Full,19,2,43,156.02118,0,Background
SE-FC-L1_ObjectBased_R2.pth,Full,20,2,42,153.5317,0,Background
SE-FC-L1_ObjectBased_R2.pth,Full,21,2,42,163.1442,0,Background
SE-FC-L1_ObjectBased_R2.pth,M,1,2,43,117.90818,0,Background
SE-FC-L1_ObjectBased_R2.pth,M,2,2,43,120.77139,0,Background
SE-FC-L1_ObjectBased_R2.pth,M,3,2,43,124.81694,0,Background
SE-FC-L1_ObjectBased_R2.pth,M,4,2,43,125.89758,0,Background
SE-FC-L1_ObjectBased_R2.pth,M,5,2,42,121.23274,0,Background
SE-FC-L1_ObjectBased_R2.pth,M,6,2,43,122.93181,0,Background
SE-FC-L1_ObjectBased_R2.pth,M,7,2,43,124.40006,0,Background
SE-FC-L1_ObjectBased_R2.pth,M,8,2,43,129.14926,0,Background
SE-FC-L1_ObjectBased_R2.pth,M,9,2,43,135.83093,0,Background
SE-FC-L1_ObjectBased_R2.pth,M,10,2,43,136.98535,0,Background
SE-FC-L1_ObjectBased_R2.pth,M,11,2,43,135.28134,0,Background
SE-FC-L1_ObjectBased_R2.pth,M,12,2,42,140.0214,0,Background
SE-FC-L1_ObjectBased_R2.pth,M,13,2,43,131.66106,0,Background
SE-FC-L1_ObjectBased_R2.pth,M,14,2,43,134.83594,0,Background
SE-FC-L1_ObjectBased_R2.pth,M,15,2,180,138.7237,0,Mouth
SE-FC-L1_ObjectBased_R2.pth,M,16,2,43,139.89911,0,Background
SE-FC-L1_ObjectBased_R2.pth,M,17,2,43,132.49573,0,Background
SE-FC-L1_ObjectBased_R2.pth,M,18,2,43,143.23703,0,Background
SE-FC-L1_ObjectBased_R2.pth,M,19,2,43,138.25517,0,Background
SE-FC-L1_ObjectBased_R2.pth,M,20,2,43,140.06206,0,Background
SE-FC-L1_ObjectBased_R2.pth,M,21,2,43,138.56015,0,Background
SE-FC-L1_ObjectBased_R2.pth,N,1,2,146,156.92773,0,Nose
SE-FC-L1_ObjectBased_R2.pth,N,2,2,146,159.7839,0,Nose
SE-FC-L1_ObjectBased_R2.pth,N,3,2,146,152.2771,0,Nose
SE-FC-L1_ObjectBased_R2.pth,N,4,2,146,155.53996,0,Nose
SE-FC-L1_ObjectBased_R2.pth,N,5,2,146,149.94327,0,Nose
SE-FC-L1_ObjectBased_R2.pth,N,6,2,146,150.62274,0,Nose
SE-FC-L1_ObjectBased_R2.pth,N,7,2,146,152.5767,0,Nose
SE-FC-L1_ObjectBased_R2.pth,N,8,2,146,154.37105,0,Nose
SE-FC-L1_ObjectBased_R2.pth,N,9,2,146,154.30522,0,Nose
SE-FC-L1_ObjectBased_R2.pth,N,10,2,146,158.66214,0,Nose
SE-FC-L1_ObjectBased_R2.pth,N,11,2,146,156.4867,0,Nose
SE-FC-L1_ObjectBased_R2.pth,N,12,2,146,156.81686,0,Nose
SE-FC-L1_ObjectBased_R2.pth,N,13,2,146,158.29755,0,Nose
SE-FC-L1_ObjectBased_R2.pth,N,14,2,146,153.19055,0,Nose
SE-FC-L1_ObjectBased_R2.pth,N,15,2,146,144.15912,0,Nose
SE-FC-L1_ObjectBased_R2.pth,N,16,2,146,142.59946,0,Nose
SE-FC-L1_ObjectBased_R2.pth,N,17,2,146,144.23529,0,Nose
SE-FC-L1_ObjectBased_R2.pth,N,18,2,146,138.251,0,Nose
SE-FC-L1_ObjectBased_R2.pth,N,19,2,146,140.19147,0,Nose
SE-FC-L1_ObjectBased_R2.pth,N,20,2,146,149.9267,0,Nose
SE-FC-L1_ObjectBased_R2.pth,N,21,2,146,153.65916,0,Nose
SE-FC-L1_ObjectBased_R32.pth,E,1,32,180,106.7932,128,Mouth
SE-FC-L1_ObjectBased_R32.pth,E,2,32,180,113.67496,128,Mouth
SE-FC-L1_ObjectBased_R32.pth,E,3,32,180,105.848816,129,Mouth
SE-FC-L1_ObjectBased_R32.pth,E,4,32,181,111.569214,129,Mouth
SE-FC-L1_ObjectBased_R32.pth,E,5,32,181,107.87793,129,Mouth
SE-FC-L1_ObjectBased_R32.pth,E,6,32,181,115.89434,129,Mouth
SE-FC-L1_ObjectBased_R32.pth,E,7,32,181,117.86002,129,Mouth
SE-FC-L1_ObjectBased_R32.pth,E,8,32,181,117.251686,129,Mouth
SE-FC-L1_ObjectBased_R32.pth,E,9,32,181,113.838425,129,Mouth
SE-FC-L1_ObjectBased_R32.pth,E,10,32,181,107.81384,129,Mouth
SE-FC-L1_ObjectBased_R32.pth,E,11,32,181,114.20853,129,Mouth
SE-FC-L1_ObjectBased_R32.pth,E,12,32,181,109.6866,129,Mouth
SE-FC-L1_ObjectBased_R32.pth,E,13,32,181,124.09619,129,Mouth
SE-FC-L1_ObjectBased_R32.pth,E,14,32,181,121.90327,129,Mouth
SE-FC-L1_ObjectBased_R32.pth,E,15,32,0,141.15805,129,Background
SE-FC-L1_ObjectBased_R32.pth,E,16,32,0,127.78353,129,Background
SE-FC-L1_ObjectBased_R32.pth,E,17,32,0,145.06595,129,Background
SE-FC-L1_ObjectBased_R32.pth,E,18,32,0,113.644745,129,Background
SE-FC-L1_ObjectBased_R32.pth,E,19,32,0,123.8403,129,Background
SE-FC-L1_ObjectBased_R32.pth,E,20,32,0,131.15466,129,Background
SE-FC-L1_ObjectBased_R32.pth,E,21,32,0,121.70552,129,Background
SE-FC-L1_ObjectBased_R32.pth,Full,1,32,198,111.63081,60,Mouth
SE-FC-L1_ObjectBased_R32.pth,Full,2,32,181,123.44856,60,Mouth
SE-FC-L1_ObjectBased_R32.pth,Full,3,32,181,133.50339,60,Mouth
SE-FC-L1_ObjectBased_R32.pth,Full,4,32,181,126.23395,60,Mouth
SE-FC-L1_ObjectBased_R32.pth,Full,5,32,181,131.80038,60,Mouth
SE-FC-L1_ObjectBased_R32.pth,Full,6,32,181,124.95816,59,Mouth
SE-FC-L1_ObjectBased_R32.pth,Full,7,32,181,129.4215,60,Mouth
SE-FC-L1_ObjectBased_R32.pth,Full,8,32,181,125.19485,60,Mouth
SE-FC-L1_ObjectBased_R32.pth,Full,9,32,181,118.97893,60,Mouth
SE-FC-L1_ObjectBased_R32.pth,Full,10,32,181,123.35295,60,Mouth
SE-FC-L1_ObjectBased_R32.pth,Full,11,32,181,106.456345,60,Mouth
SE-FC-L1_ObjectBased_R32.pth,Full,12,32,181,122.21615,60,Mouth
SE-FC-L1_ObjectBased_R32.pth,Full,13,32,181,129.11662,60,Mouth
SE-FC-L1_ObjectBased_R32.pth,Full,14,32,181,122.78759,60,Mouth
SE-FC-L1_ObjectBased_R32.pth,Full,15,32,181,104.63306,60,Mouth
SE-FC-L1_ObjectBased_R32.pth,Full,16,32,181,125.725174,60,Mouth
SE-FC-L1_ObjectBased_R32.pth,Full,17,32,181,121.24251,60,Mouth
SE-FC-L1_ObjectBased_R32.pth,Full,18,32,181,119.92814,59,Mouth
SE-FC-L1_ObjectBased_R32.pth,Full,19,32,181,116.87657,60,Mouth
SE-FC-L1_ObjectBased_R32.pth,Full,20,32,197,118.95367,59,Mouth
SE-FC-L1_ObjectBased_R32.pth,Full,21,32,215,124.91527,43,Background
SE-FC-L1_ObjectBased_R32.pth,M,1,32,25,112.06069,128,Background
SE-FC-L1_ObjectBased_R32.pth,M,2,32,197,122.09418,112,Mouth
SE-FC-L1_ObjectBased_R32.pth,M,3,32,181,110.69922,112,Mouth
SE-FC-L1_ObjectBased_R32.pth,M,4,32,197,116.91005,112,Mouth
SE-FC-L1_ObjectBased_R32.pth,M,5,32,25,127.06563,128,Background
SE-FC-L1_ObjectBased_R32.pth,M,6,32,25,116.55319,112,Background
SE-FC-L1_ObjectBased_R32.pth,M,7,32,25,118.737305,112,Background
SE-FC-L1_ObjectBased_R32.pth,M,8,32,25,122.16232,112,Background
SE-FC-L1_ObjectBased_R32.pth,M,9,32,25,113.986115,112,Background
SE-FC-L1_ObjectBased_R32.pth,M,10,32,25,86.82449,112,Background
SE-FC-L1_ObjectBased_R32.pth,M,11,32,25,99.37979,112,Background
SE-FC-L1_ObjectBased_R32.pth,M,12,32,25,96.50113,112,Background
SE-FC-L1_ObjectBased_R32.pth,M,13,32,25,94.73481,60,Background
SE-FC-L1_ObjectBased_R32.pth,M,14,32,25,114.31215,112,Background
SE-FC-L1_ObjectBased_R32.pth,M,15,32,25,108.21134,112,Background
SE-FC-L1_ObjectBased_R32.pth,M,16,32,25,99.55473,128,Background
SE-FC-L1_ObjectBased_R32.pth,M,17,32,25,104.68934,128,Background
SE-FC-L1_ObjectBased_R32.pth,M,18,32,181,107.27786,112,Mouth
SE-FC-L1_ObjectBased_R32.pth,M,19,32,180,114.183044,128,Mouth
SE-FC-L1_ObjectBased_R32.pth,M,20,32,180,116.92366,128,Mouth
SE-FC-L1_ObjectBased_R32.pth,M,21,32,25,111.05086,128,Background
SE-FC-L1_ObjectBased_R32.pth,N,1,32,198,124.51872,60,Mouth
SE-FC-L1_ObjectBased_R32.pth,N,2,32,198,123.43306,77,Mouth
SE-FC-L1_ObjectBased_R32.pth,N,3,32,197,121.88881,77,Mouth
SE-FC-L1_ObjectBased_R32.pth,N,4,32,197,124.88034,60,Mouth
SE-FC-L1_ObjectBased_R32.pth,N,5,32,197,124.13767,77,Mouth
SE-FC-L1_ObjectBased_R32.pth,N,6,32,197,127.45767,77,Mouth
SE-FC-L1_ObjectBased_R32.pth,N,7,32,197,125.47774,77,Mouth
SE-FC-L1_ObjectBased_R32.pth,N,8,32,198,120.538376,77,Mouth
SE-FC-L1_ObjectBased_R32.pth,N,9,32,197,111.12324,77,Mouth
SE-FC-L1_ObjectBased_R32.pth,N,10,32,198,121.632675,77,Mouth
SE-FC-L1_ObjectBased_R32.pth,N,11,32,197,108.461136,77,Mouth
SE-FC-L1_ObjectBased_R32.pth,N,12,32,198,109.40284,77,Mouth
SE-FC-L1_ObjectBased_R32.pth,N,13,32,198,123.277374,77,Mouth
SE-FC-L1_ObjectBased_R32.pth,N,14,32,198,121.029785,77,Mouth
SE-FC-L1_ObjectBased_R32.pth,N,15,32,198,125.92468,77,Mouth
SE-FC-L1_ObjectBased_R32.pth,N,16,32,198,133.6045,77,Mouth
SE-FC-L1_ObjectBased_R32.pth,N,17,32,198,135.76491,43,Mouth
SE-FC-L1_ObjectBased_R32.pth,N,18,32,198,129.27446,77,Mouth
SE-FC-L1_ObjectBased_R32.pth,N,19,32,198,125.92277,77,Mouth
SE-FC-L1_ObjectBased_R32.pth,N,20,32,198,130.65848,77,Mouth
SE-FC-L1_ObjectBased_R32.pth,N,21,32,198,127.61189,77,Mouth
SE-FC-L1_ObjectBased_R4.pth,E,1,4,94,81.60549,26,Eyes
SE-FC-L1_ObjectBased_R4.pth,E,2,4,94,93.75262,25,Eyes
SE-FC-L1_ObjectBased_R4.pth,E,3,4,94,102.794365,25,Eyes
SE-FC-L1_ObjectBased_R4.pth,E,4,4,94,105.34658,25,Eyes
SE-FC-L1_ObjectBased_R4.pth,E,5,4,94,103.134445,26,Eyes
SE-FC-L1_ObjectBased_R4.pth,E,6,4,94,122.735916,25,Eyes
SE-FC-L1_ObjectBased_R4.pth,E,7,4,94,117.04701,25,Eyes
SE-FC-L1_ObjectBased_R4.pth,E,8,4,94,110.56943,25,Eyes
SE-FC-L1_ObjectBased_R4.pth,E,9,4,94,110.89011,25,Eyes
SE-FC-L1_ObjectBased_R4.pth,E,10,4,94,100.487946,25,Eyes
SE-FC-L1_ObjectBased_R4.pth,E,11,4,94,105.45318,25,Eyes
SE-FC-L1_ObjectBased_R4.pth,E,12,4,94,92.90089,26,Eyes
SE-FC-L1_ObjectBased_R4.pth,E,13,4,94,91.880424,26,Eyes
SE-FC-L1_ObjectBased_R4.pth,E,14,4,94,99.90251,26,Eyes
SE-FC-L1_ObjectBased_R4.pth,E,15,4,94,111.44129,26,Eyes
SE-FC-L1_ObjectBased_R4.pth,E,16,4,94,107.05016,26,Eyes
SE-FC-L1_ObjectBased_R4.pth,E,17,4,94,106.008095,25,Eyes
SE-FC-L1_ObjectBased_R4.pth,E,18,4,94,95.65823,26,Eyes
SE-FC-L1_ObjectBased_R4.pth,E,19,4,0,87.21612,26,Background
SE-FC-L1_ObjectBased_R4.pth,E,20,4,94,94.18919,26,Eyes
SE-FC-L1_ObjectBased_R4.pth,E,21,4,0,95.377686,26,Background
SE-FC-L1_ObjectBased_R4.pth,Full,1,4,146,33.631687,25,Nose
SE-FC-L1_ObjectBased_R4.pth,Full,2,4,146,35.79004,25,Nose
SE-FC-L1_ObjectBased_R4.pth,Full,3,4,129,40.703026,25,Nose
SE-FC-L1_ObjectBased_R4.pth,Full,4,4,129,42.770184,25,Nose
SE-FC-L1_ObjectBased_R4.pth,Full,5,4,129,38.345478,25,Nose
SE-FC-L1_ObjectBased_R4.pth,Full,6,4,129,37.857742,25,Nose
SE-FC-L1_ObjectBased_R4.pth,Full,7,4,129,36.94189,25,Nose
SE-FC-L1_ObjectBased_R4.pth,Full,8,4,215,41.34527,26,Background
SE-FC-L1_ObjectBased_R4.pth,Full,9,4,215,51.839157,26,Background
SE-FC-L1_ObjectBased_R4.pth,Full,10,4,218,44.759327,25,Background
SE-FC-L1_ObjectBased_R4.pth,Full,11,4,215,52.955635,26,Background
SE-FC-L1_ObjectBased_R4.pth,Full,12,4,129,38.27964,26,Nose
SE-FC-L1_ObjectBased_R4.pth,Full,13,4,215,53.641426,25,Background
SE-FC-L1_ObjectBased_R4.pth,Full,14,4,215,66.78322,26,Background
SE-FC-L1_ObjectBased_R4.pth,Full,15,4,215,61.87191,26,Background
SE-FC-L1_ObjectBased_R4.pth,Full,16,4,217,47.68953,26,Background
SE-FC-L1_ObjectBased_R4.pth,Full,17,4,215,60.648724,25,Background
SE-FC-L1_ObjectBased_R4.pth,Full,18,4,220,42.68809,25,Background
SE-FC-L1_ObjectBased_R4.pth,Full,19,4,215,46.09645,25,Background
SE-FC-L1_ObjectBased_R4.pth,Full,20,4,215,64.606255,25,Background
SE-FC-L1_ObjectBased_R4.pth,Full,21,4,215,55.953068,25,Background
SE-FC-L1_ObjectBased_R4.pth,M,1,4,220,66.54636,26,Background
SE-FC-L1_ObjectBased_R4.pth,M,2,4,215,71.55443,26,Background
SE-FC-L1_ObjectBased_R4.pth,M,3,4,215,78.862335,26,Background
SE-FC-L1_ObjectBased_R4.pth,M,4,4,215,79.83432,26,Background
SE-FC-L1_ObjectBased_R4.pth,M,5,4,0,64.76265,26,Background
SE-FC-L1_ObjectBased_R4.pth,M,6,4,0,98.55432,26,Background
SE-FC-L1_ObjectBased_R4.pth,M,7,4,215,81.66547,26,Background
SE-FC-L1_ObjectBased_R4.pth,M,8,4,0,123.025635,26,Background
SE-FC-L1_ObjectBased_R4.pth,M,9,4,0,135.1961,26,Background
SE-FC-L1_ObjectBased_R4.pth,M,10,4,0,113.443565,26,Background
SE-FC-L1_ObjectBased_R4.pth,M,11,4,0,96.91207,26,Background
SE-FC-L1_ObjectBased_R4.pth,M,12,4,0,112.91479,26,Background
SE-FC-L1_ObjectBased_R4.pth,M,13,4,0,109.34374,26,Background
SE-FC-L1_ObjectBased_R4.pth,M,14,4,0,119.230415,26,Background
SE-FC-L1_ObjectBased_R4.pth,M,15,4,0,128.1825,26,Background
SE-FC-L1_ObjectBased_R4.pth,M,16,4,0,90.56764,26,Background
SE-FC-L1_ObjectBased_R4.pth,M,17,4,0,121.78437,26,Background
SE-FC-L1_ObjectBased_R4.pth,M,18,4,0,117.4527,26,Background
SE-FC-L1_ObjectBased_R4.pth,M,19,4,0,122.10168,26,Background
SE-FC-L1_ObjectBased_R4.pth,M,20,4,0,127.93675,26,Background
SE-FC-L1_ObjectBased_R4.pth,M,21,4,0,103.53704,26,Background
SE-FC-L1_ObjectBased_R4.pth,N,1,4,215,45.64719,112,Background
SE-FC-L1_ObjectBased_R4.pth,N,2,4,215,22.455273,26,Background
SE-FC-L1_ObjectBased_R4.pth,N,3,4,0,40.0168,112,Background
SE-FC-L1_ObjectBased_R4.pth,N,4,4,0,34.92657,112,Background
SE-FC-L1_ObjectBased_R4.pth,N,5,4,215,21.410532,112,Background
SE-FC-L1_ObjectBased_R4.pth,N,6,4,94,25.154308,112,Eyes
SE-FC-L1_ObjectBased_R4.pth,N,7,4,215,17.234375,112,Background
SE-FC-L1_ObjectBased_R4.pth,N,8,4,215,17.234375,112,Background
SE-FC-L1_ObjectBased_R4.pth,N,9,4,215,17.234375,0,Background
SE-FC-L1_ObjectBased_R4.pth,N,10,4,215,17.234375,0,Background
SE-FC-L1_ObjectBased_R4.pth,N,11,4,215,17.234375,0,Background
SE-FC-L1_ObjectBased_R4.pth,N,12,4,215,17.234375,0,Background
SE-FC-L1_ObjectBased_R4.pth,N,13,4,215,17.234375,0,Background
SE-FC-L1_ObjectBased_R4.pth,N,14,4,215,17.234375,0,Background
SE-FC-L1_ObjectBased_R4.pth,N,15,4,77,17.234375,112,Eyes
SE-FC-L1_ObjectBased_R4.pth,N,16,4,60,17.234375,112,Background
SE-FC-L1_ObjectBased_R4.pth,N,17,4,215,17.234375,112,Background
SE-FC-L1_ObjectBased_R4.pth,N,18,4,94,29.508156,129,Eyes
SE-FC-L1_ObjectBased_R4.pth,N,19,4,215,17.234375,112,Background
SE-FC-L1_ObjectBased_R4.pth,N,20,4,219,17.35853,25,Background
SE-FC-L1_ObjectBased_R4.pth,N,21,4,0,19.59605,129,Background
SE-FC-L1_ObjectBased_R8.pth,E,1,8,60,56.279785,26,Background
SE-FC-L1_ObjectBased_R8.pth,E,2,8,60,57.96597,26,Background
SE-FC-L1_ObjectBased_R8.pth,E,3,8,60,57.119812,26,Background
SE-FC-L1_ObjectBased_R8.pth,E,4,8,60,38.588665,25,Background
SE-FC-L1_ObjectBased_R8.pth,E,5,8,215,55.71546,26,Background
SE-FC-L1_ObjectBased_R8.pth,E,6,8,215,33.293686,26,Background
SE-FC-L1_ObjectBased_R8.pth,E,7,8,215,60.74962,26,Background
SE-FC-L1_ObjectBased_R8.pth,E,8,8,60,45.390663,26,Background
SE-FC-L1_ObjectBased_R8.pth,E,9,8,222,46.586414,26,Background
SE-FC-L1_ObjectBased_R8.pth,E,10,8,215,33.43644,26,Background
SE-FC-L1_ObjectBased_R8.pth,E,11,8,215,38.35315,25,Background
SE-FC-L1_ObjectBased_R8.pth,E,12,8,215,42.052017,0,Background
SE-FC-L1_ObjectBased_R8.pth,E,13,8,215,39.707283,26,Background
SE-FC-L1_ObjectBased_R8.pth,E,14,8,215,35.550484,26,Background
SE-FC-L1_ObjectBased_R8.pth,E,15,8,215,57.865616,26,Background
SE-FC-L1_ObjectBased_R8.pth,E,16,8,219,72.70464,42,Background
SE-FC-L1_ObjectBased_R8.pth,E,17,8,215,77.72966,25,Background
SE-FC-L1_ObjectBased_R8.pth,E,18,8,215,73.14227,26,Background
SE-FC-L1_ObjectBased_R8.pth,E,19,8,215,26.880344,26,Background
SE-FC-L1_ObjectBased_R8.pth,E,20,8,215,28.544321,42,Background
SE-FC-L1_ObjectBased_R8.pth,E,21,8,215,47.377552,26,Background
SE-FC-L1_ObjectBased_R8.pth,Full,1,8,198,36.897232,146,Mouth
SE-FC-L1_ObjectBased_R8.pth,Full,2,8,198,50.14509,129,Mouth
SE-FC-L1_ObjectBased_R8.pth,Full,3,8,43,36.7467,25,Background
SE-FC-L1_ObjectBased_R8.pth,Full,4,8,43,27.280872,25,Background
SE-FC-L1_ObjectBased_R8.pth,Full,5,8,43,17.495998,0,Background
SE-FC-L1_ObjectBased_R8.pth,Full,6,8,43,18.134895,0,Background
SE-FC-L1_ObjectBased_R8.pth,Full,7,8,43,25.834393,215,Background
SE-FC-L1_ObjectBased_R8.pth,Full,8,8,43,21.801846,25,Background
SE-FC-L1_ObjectBased_R8.pth,Full,9,8,43,21.002235,0,Background
SE-FC-L1_ObjectBased_R8.pth,Full,10,8,215,24.538727,0,Background
SE-FC-L1_ObjectBased_R8.pth,Full,11,8,43,28.834097,0,Background
SE-FC-L1_ObjectBased_R8.pth,Full,12,8,43,29.44026,0,Background
SE-FC-L1_ObjectBased_R8.pth,Full,13,8,43,20.893135,25,Background
SE-FC-L1_ObjectBased_R8.pth,Full,14,8,43,27.033516,0,Background
SE-FC-L1_ObjectBased_R8.pth,Full,15,8,43,34.052895,0,Background
SE-FC-L1_ObjectBased_R8.pth,Full,16,8,43,28.644485,215,Background
SE-FC-L1_ObjectBased_R8.pth,Full,17,8,43,38.441154,215,Background
SE-FC-L1_ObjectBased_R8.pth,Full,18,8,43,26.130346,25,Background
SE-FC-L1_ObjectBased_R8.pth,Full,19,8,43,39.81801,146,Background
SE-FC-L1_ObjectBased_R8.pth,Full,20,8,43,34.805687,180,Background
SE-FC-L1_ObjectBased_R8.pth,Full,21,8,0,59.64084,180,Background
SE-FC-L1_ObjectBased_R8.pth,M,1,8,198,37.2307,215,Mouth
SE-FC-L1_ObjectBased_R8.pth,M,2,8,198,54.238655,215,Mouth
SE-FC-L1_ObjectBased_R8.pth,M,3,8,198,56.71608,215,Mouth
SE-FC-L1_ObjectBased_R8.pth,M,4,8,198,51.716278,0,Mouth
SE-FC-L1_ObjectBased_R8.pth,M,5,8,198,56.543945,0,Mouth
SE-FC-L1_ObjectBased_R8.pth,M,6,8,198,57.97669,0,Mouth
SE-FC-L1_ObjectBased_R8.pth,M,7,8,198,52.89158,0,Mouth
SE-FC-L1_ObjectBased_R8.pth,M,8,8,198,50.582153,0,Mouth
SE-FC-L1_ObjectBased_R8.pth,M,9,8,198,55.643154,0,Mouth
SE-FC-L1_ObjectBased_R8.pth,M,10,8,198,61.059467,0,Mouth
SE-FC-L1_ObjectBased_R8.pth,M,11,8,198,62.381725,0,Mouth
SE-FC-L1_ObjectBased_R8.pth,M,12,8,198,71.01597,0,Mouth
SE-FC-L1_ObjectBased_R8.pth,M,13,8,198,69.28611,0,Mouth
SE-FC-L1_ObjectBased_R8.pth,M,14,8,198,72.42953,0,Mouth
SE-FC-L1_ObjectBased_R8.pth,M,15,8,198,58.02232,0,Mouth
SE-FC-L1_ObjectBased_R8.pth,M,16,8,198,68.51805,0,Mouth
SE-FC-L1_ObjectBased_R8.pth,M,17,8,198,77.08934,0,Mouth
SE-FC-L1_ObjectBased_R8.pth,M,18,8,198,58.195354,0,Mouth
SE-FC-L1_ObjectBased_R8.pth,M,19,8,198,70.198944,0,Mouth
SE-FC-L1_ObjectBased_R8.pth,M,20,8,198,74.33191,0,Mouth
SE-FC-L1_ObjectBased_R8.pth,M,21,8,198,76.04292,0,Mouth
SE-FC-L1_ObjectBased_R8.pth,N,1,8,163,17.234371,26,Background
SE-FC-L1_ObjectBased_R8.pth,N,2,8,163,17.234371,26,Background
SE-FC-L1_ObjectBased_R8.pth,N,3,8,163,17.234371,26,Background
SE-FC-L1_ObjectBased_R8.pth,N,4,8,163,17.234371,26,Background
SE-FC-L1_ObjectBased_R8.pth,N,5,8,0,20.72821,26,Background
SE-FC-L1_ObjectBased_R8.pth,N,6,8,0,24.528687,215,Background
SE-FC-L1_ObjectBased_R8.pth,N,7,8,0,32.270004,26,Background
SE-FC-L1_ObjectBased_R8.pth,N,8,8,0,31.675976,215,Background
SE-FC-L1_ObjectBased_R8.pth,N,9,8,0,41.37979,26,Background
SE-FC-L1_ObjectBased_R8.pth,N,10,8,0,55.63746,215,Background
SE-FC-L1_ObjectBased_R8.pth,N,11,8,0,59.375748,26,Background
SE-FC-L1_ObjectBased_R8.pth,N,12,8,0,81.458664,26,Background
SE-FC-L1_ObjectBased_R8.pth,N,13,8,0,64.65533,26,Background
SE-FC-L1_ObjectBased_R8.pth,N,14,8,0,77.304375,215,Background
SE-FC-L1_ObjectBased_R8.pth,N,15,8,0,74.24914,215,Background
SE-FC-L1_ObjectBased_R8.pth,N,16,8,0,88.8707,215,Background
SE-FC-L1_ObjectBased_R8.pth,N,17,8,0,95.90933,215,Background
SE-FC-L1_ObjectBased_R8.pth,N,18,8,0,81.37736,215,Background
SE-FC-L1_ObjectBased_R8.pth,N,19,8,0,94.70794,215,Background
SE-FC-L1_ObjectBased_R8.pth,N,20,8,0,75.07553,215,Background
SE-FC-L1_ObjectBased_R8.pth,N,21,8,0,65.07036,215,Background
SE-FC-L2_FaceBased_R16.pth,E,1,16,0,89.37535,112,Background
SE-FC-L2_FaceBased_R16.pth,E,2,16,197,55.622864,216,Mouth
SE-FC-L2_FaceBased_R16.pth,E,3,16,198,61.847893,112,Mouth
SE-FC-L2_FaceBased_R16.pth,E,4,16,198,68.133286,112,Mouth
SE-FC-L2_FaceBased_R16.pth,E,5,16,198,76.35463,112,Mouth
SE-FC-L2_FaceBased_R16.pth,E,6,16,198,82.956345,112,Mouth
SE-FC-L2_FaceBased_R16.pth,E,7,16,0,65.35202,215,Background
SE-FC-L2_FaceBased_R16.pth,E,8,16,198,63.60379,112,Mouth
SE-FC-L2_FaceBased_R16.pth,E,9,16,198,56.369144,112,Mouth
SE-FC-L2_FaceBased_R16.pth,E,10,16,198,63.699265,215,Mouth
SE-FC-L2_FaceBased_R16.pth,E,11,16,0,69.82025,111,Background
SE-FC-L2_FaceBased_R16.pth,E,12,16,0,88.036514,112,Background
SE-FC-L2_FaceBased_R16.pth,E,13,16,0,54.66565,112,Background
SE-FC-L2_FaceBased_R16.pth,E,14,16,0,45.82444,215,Background
SE-FC-L2_FaceBased_R16.pth,E,15,16,198,41.427517,112,Mouth
SE-FC-L2_FaceBased_R16.pth,E,16,16,0,48.034073,215,Background
SE-FC-L2_FaceBased_R16.pth,E,17,16,0,35.199715,215,Background
SE-FC-L2_FaceBased_R16.pth,E,18,16,198,29.55341,112,Mouth
SE-FC-L2_FaceBased_R16.pth,E,19,16,198,40.368107,112,Mouth
SE-FC-L2_FaceBased_R16.pth,E,20,16,198,37.457047,112,Mouth
SE-FC-L2_FaceBased_R16.pth,E,21,16,198,59.83747,112,Mouth
SE-FC-L2_FaceBased_R16.pth,Full,1,16,198,73.851845,77,Mouth
SE-FC-L2_FaceBased_R16.pth,Full,2,16,0,54.941315,77,Background
SE-FC-L2_FaceBased_R16.pth,Full,3,16,0,58.13092,215,Background
SE-FC-L2_FaceBased_R16.pth,Full,4,16,198,77.36115,77,Mouth
SE-FC-L2_FaceBased_R16.pth,Full,5,16,198,52.39529,77,Mouth
SE-FC-L2_FaceBased_R16.pth,Full,6,16,0,48.161175,77,Background
SE-FC-L2_FaceBased_R16.pth,Full,7,16,0,77.21645,77,Background
SE-FC-L2_FaceBased_R16.pth,Full,8,16,198,42.780964,77,Mouth
SE-FC-L2_FaceBased_R16.pth,Full,9,16,198,59.294712,77,Mouth
SE-FC-L2_FaceBased_R16.pth,Full,10,16,198,39.712513,77,Mouth
SE-FC-L2_FaceBased_R16.pth,Full,11,16,198,42.518234,60,Mouth
SE-FC-L2_FaceBased_R16.pth,Full,12,16,198,55.71868,77,Mouth
SE-FC-L2_FaceBased_R16.pth,Full,13,16,198,52.982887,77,Mouth
SE-FC-L2_FaceBased_R16.pth,Full,14,16,198,51.897713,77,Mouth
SE-FC-L2_FaceBased_R16.pth,Full,15,16,198,37.579697,215,Mouth
SE-FC-L2_FaceBased_R16.pth,Full,16,16,0,56.61168,215,Background
SE-FC-L2_FaceBased_R16.pth,Full,17,16,0,44.502113,215,Background
SE-FC-L2_FaceBased_R16.pth,Full,18,16,0,32.195637,215,Background
SE-FC-L2_FaceBased_R16.pth,Full,19,16,198,38.479534,77,Mouth
SE-FC-L2_FaceBased_R16.pth,Full,20,16,198,41.116436,77,Mouth
SE-FC-L2_FaceBased_R16.pth,Full,21,16,0,37.25544,77,Background
SE-FC-L2_FaceBased_R16.pth,M,1,16,0,80.210754,77,Background
SE-FC-L2_FaceBased_R16.pth,M,2,16,0,92.259834,77,Background
SE-FC-L2_FaceBased_R16.pth,M,3,16,0,100.57474,77,Background
SE-FC-L2_FaceBased_R16.pth,M,4,16,0,107.51369,77,Background
SE-FC-L2_FaceBased_R16.pth,M,5,16,0,75.4888,77,Background
SE-FC-L2_FaceBased_R16.pth,M,6,16,0,73.83855,77,Background
SE-FC-L2_FaceBased_R16.pth,M,7,16,0,68.32292,77,Background
SE-FC-L2_FaceBased_R16.pth,M,8,16,0,90.48207,77,Background
SE-FC-L2_FaceBased_R16.pth,M,9,16,0,77.09514,77,Background
SE-FC-L2_FaceBased_R16.pth,M,10,16,0,61.239338,77,Background
SE-FC-L2_FaceBased_R16.pth,M,11,16,0,56.99912,129,Background
SE-FC-L2_FaceBased_R16.pth,M,12,16,0,46.839355,129,Background
SE-FC-L2_FaceBased_R16.pth,M,13,16,0,60.59682,129,Background
SE-FC-L2_FaceBased_R16.pth,M,14,16,0,74.115,129,Background
SE-FC-L2_FaceBased_R16.pth,M,15,16,0,68.18443,77,Background
SE-FC-L2_FaceBased_R16.pth,M,16,16,0,64.777954,129,Background
SE-FC-L2_FaceBased_R16.pth,M,17,16,0,64.97091,77,Background
SE-FC-L2_FaceBased_R16.pth,M,18,16,0,54.344036,215,Background
SE-FC-L2_FaceBased_R16.pth,M,19,16,0,60.561333,215,Background
SE-FC-L2_FaceBased_R16.pth,M,20,16,0,48.682022,77,Background
SE-FC-L2_FaceBased_R16.pth,M,21,16,0,69.33814,215,Background
SE-FC-L2_FaceBased_R16.pth,N,1,16,198,75.54009,43,Mouth
SE-FC-L2_FaceBased_R16.pth,N,2,16,198,75.20877,43,Mouth
SE-FC-L2_FaceBased_R16.pth,N,3,16,198,61.95399,43,Mouth
SE-FC-L2_FaceBased_R16.pth,N,4,16,198,81.39656,78,Mouth
SE-FC-L2_FaceBased_R16.pth,N,5,16,198,78.28814,146,Mouth
SE-FC-L2_FaceBased_R16.pth,N,6,16,198,75.697685,78,Mouth
SE-FC-L2_FaceBased_R16.pth,N,7,16,198,56.510326,43,Mouth
SE-FC-L2_FaceBased_R16.pth,N,8,16,198,55.85959,43,Mouth
SE-FC-L2_FaceBased_R16.pth,N,9,16,198,72.61722,43,Mouth
SE-FC-L2_FaceBased_R16.pth,N,10,16,198,69.92485,60,Mouth
SE-FC-L2_FaceBased_R16.pth,N,11,16,198,70.924866,60,Mouth
SE-FC-L2_FaceBased_R16.pth,N,12,16,198,71.32213,60,Mouth
SE-FC-L2_FaceBased_R16.pth,N,13,16,198,57.66638,43,Mouth
SE-FC-L2_FaceBased_R16.pth,N,14,16,198,63.90392,43,Mouth
SE-FC-L2_FaceBased_R16.pth,N,15,16,198,59.418953,43,Mouth
SE-FC-L2_FaceBased_R16.pth,N,16,16,198,59.871872,78,Mouth
SE-FC-L2_FaceBased_R16.pth,N,17,16,198,57.723442,78,Mouth
SE-FC-L2_FaceBased_R16.pth,N,18,16,198,55.041878,78,Mouth
SE-FC-L2_FaceBased_R16.pth,N,19,16,198,64.8385,215,Mouth
SE-FC-L2_FaceBased_R16.pth,N,20,16,198,61.466244,60,Mouth
SE-FC-L2_FaceBased_R16.pth,N,21,16,198,53.80404,60,Mouth
SE-FC-L2_FaceBased_R2.pth,E,1,2,0,0,0,Background
SE-FC-L2_FaceBased_R2.pth,E,2,2,0,0,0,Background
SE-FC-L2_FaceBased_R2.pth,E,3,2,0,0,0,Background
SE-FC-L2_FaceBased_R2.pth,E,4,2,0,0,0,Background
SE-FC-L2_FaceBased_R2.pth,E,5,2,0,0,0,Background
SE-FC-L2_FaceBased_R2.pth,E,6,2,0,0,0,Background
SE-FC-L2_FaceBased_R2.pth,E,7,2,0,0,0,Background
SE-FC-L2_FaceBased_R2.pth,E,8,2,0,0,0,Background
SE-FC-L2_FaceBased_R2.pth,E,9,2,0,0,0,Background
SE-FC-L2_FaceBased_R2.pth,E,10,2,0,0,0,Background
SE-FC-L2_FaceBased_R2.pth,E,11,2,0,0,0,Background
SE-FC-L2_FaceBased_R2.pth,E,12,2,215,17.277405,0,Background
SE-FC-L2_FaceBased_R2.pth,E,13,2,0,0,0,Background
SE-FC-L2_FaceBased_R2.pth,E,14,2,215,17.277405,0,Background
SE-FC-L2_FaceBased_R2.pth,E,15,2,0,0,0,Background
SE-FC-L2_FaceBased_R2.pth,E,16,2,215,17.277405,0,Background
SE-FC-L2_FaceBased_R2.pth,E,17,2,215,17.277405,0,Background
SE-FC-L2_FaceBased_R2.pth,E,18,2,0,0,0,Background
SE-FC-L2_FaceBased_R2.pth,E,19,2,0,0,0,Background
SE-FC-L2_FaceBased_R2.pth,E,20,2,215,17.277403,0,Background
SE-FC-L2_FaceBased_R2.pth,E,21,2,0,0,0,Background
SE-FC-L2_FaceBased_R2.pth,Full,1,2,215,35.975883,0,Background
SE-FC-L2_FaceBased_R2.pth,Full,2,2,215,34.18596,0,Background
SE-FC-L2_FaceBased_R2.pth,Full,3,2,215,31.47923,0,Background
SE-FC-L2_FaceBased_R2.pth,Full,4,2,216,31.475094,0,Background
SE-FC-L2_FaceBased_R2.pth,Full,5,2,215,28.946976,0,Background
SE-FC-L2_FaceBased_R2.pth,Full,6,2,215,17.765236,0,Background
SE-FC-L2_FaceBased_R2.pth,Full,7,2,0,0,0,Background
SE-FC-L2_FaceBased_R2.pth,Full,8,2,0,0,0,Background
SE-FC-L2_FaceBased_R2.pth,Full,9,2,0,0,0,Background
SE-FC-L2_FaceBased_R2.pth,Full,10,2,0,0,0,Background
SE-FC-L2_FaceBased_R2.pth,Full,11,2,0,0,0,Background
SE-FC-L2_FaceBased_R2.pth,Full,12,2,0,0,0,Background
SE-FC-L2_FaceBased_R2.pth,Full,13,2,0,0,0,Background
SE-FC-L2_FaceBased_R2.pth,Full,14,2,215,17.277405,0,Background
SE-FC-L2_FaceBased_R2.pth,Full,15,2,0,0,0,Background
SE-FC-L2_FaceBased_R2.pth,Full,16,2,215,17.277405,0,Background
SE-FC-L2_FaceBased_R2.pth,Full,17,2,215,17.277405,0,Background
SE-FC-L2_FaceBased_R2.pth,Full,18,2,215,17.277405,0,Background
SE-FC-L2_FaceBased_R2.pth,Full,19,2,0,0,0,Background
SE-FC-L2_FaceBased_R2.pth,Full,20,2,215,17.277405,0,Background
SE-FC-L2_FaceBased_R2.pth,Full,21,2,215,17.277405,0,Background
SE-FC-L2_FaceBased_R2.pth,M,1,2,0,0,0,Background
SE-FC-L2_FaceBased_R2.pth,M,2,2,0,0,0,Background
SE-FC-L2_FaceBased_R2.pth,M,3,2,0,0,0,Background
SE-FC-L2_FaceBased_R2.pth,M,4,2,0,0,0,Background
SE-FC-L2_FaceBased_R2.pth,M,5,2,0,0,0,Background
SE-FC-L2_FaceBased_R2.pth,M,6,2,0,0,0,Background
SE-FC-L2_FaceBased_R2.pth,M,7,2,0,0,0,Background
SE-FC-L2_FaceBased_R2.pth,M,8,2,0,0,0,Background
SE-FC-L2_FaceBased_R2.pth,M,9,2,0,0,0,Background
SE-FC-L2_FaceBased_R2.pth,M,10,2,0,0,0,Background
SE-FC-L2_FaceBased_R2.pth,M,11,2,0,0,0,Background
SE-FC-L2_FaceBased_R2.pth,M,12,2,0,0,0,Background
SE-FC-L2_FaceBased_R2.pth,M,13,2,0,0,0,Background
SE-FC-L2_FaceBased_R2.pth,M,14,2,0,0,0,Background
SE-FC-L2_FaceBased_R2.pth,M,15,2,0,0,0,Background
SE-FC-L2_FaceBased_R2.pth,M,16,2,0,0,0,Background
SE-FC-L2_FaceBased_R2.pth,M,17,2,0,0,0,Background
SE-FC-L2_FaceBased_R2.pth,M,18,2,0,0,0,Background
SE-FC-L2_FaceBased_R2.pth,M,19,2,0,0,0,Background
SE-FC-L2_FaceBased_R2.pth,M,20,2,0,0,0,Background
SE-FC-L2_FaceBased_R2.pth,M,21,2,0,0,0,Background
SE-FC-L2_FaceBased_R2.pth,N,1,2,215,17.277405,0,Background
SE-FC-L2_FaceBased_R2.pth,N,2,2,215,17.277405,0,Background
SE-FC-L2_FaceBased_R2.pth,N,3,2,215,17.277405,0,Background
SE-FC-L2_FaceBased_R2.pth,N,4,2,215,17.277405,0,Background
SE-FC-L2_FaceBased_R2.pth,N,5,2,215,17.277405,0,Background
SE-FC-L2_FaceBased_R2.pth,N,6,2,215,17.277405,0,Background
SE-FC-L2_FaceBased_R2.pth,N,7,2,215,17.277405,0,Background
SE-FC-L2_FaceBased_R2.pth,N,8,2,215,17.277405,0,Background
SE-FC-L2_FaceBased_R2.pth,N,9,2,215,17.277405,0,Background
SE-FC-L2_FaceBased_R2.pth,N,10,2,129,24.511774,0,Nose
SE-FC-L2_FaceBased_R2.pth,N,11,2,129,18.169662,0,Nose
SE-FC-L2_FaceBased_R2.pth,N,12,2,215,17.277405,0,Background
SE-FC-L2_FaceBased_R2.pth,N,13,2,129,24.886095,0,Nose
SE-FC-L2_FaceBased_R2.pth,N,14,2,129,30.116903,0,Nose
SE-FC-L2_FaceBased_R2.pth,N,15,2,129,18.204617,0,Nose
SE-FC-L2_FaceBased_R2.pth,N,16,2,215,20.156208,0,Background
SE-FC-L2_FaceBased_R2.pth,N,17,2,215,18.987352,0,Background
SE-FC-L2_FaceBased_R2.pth,N,18,2,215,17.277405,0,Background
SE-FC-L2_FaceBased_R2.pth,N,19,2,129,31.61176,0,Nose
SE-FC-L2_FaceBased_R2.pth,N,20,2,129,31.728958,0,Nose
SE-FC-L2_FaceBased_R2.pth,N,21,2,129,17.661327,0,Nose
SE-FC-L2_FaceBased_R32.pth,E,1,32,215,107.68425,94,Background
SE-FC-L2_FaceBased_R32.pth,E,2,32,215,92.072075,94,Background
SE-FC-L2_FaceBased_R32.pth,E,3,32,215,83.350876,94,Background
SE-FC-L2_FaceBased_R32.pth,E,4,32,215,90.27602,94,Background
SE-FC-L2_FaceBased_R32.pth,E,5,32,215,94.775055,94,Background
SE-FC-L2_FaceBased_R32.pth,E,6,32,215,102.49451,94,Background
SE-FC-L2_FaceBased_R32.pth,E,7,32,215,100.747925,25,Background
SE-FC-L2_FaceBased_R32.pth,E,8,32,215,114.96736,25,Background
SE-FC-L2_FaceBased_R32.pth,E,9,32,215,100.86098,25,Background
SE-FC-L2_FaceBased_R32.pth,E,10,32,215,98.59862,25,Background
SE-FC-L2_FaceBased_R32.pth,E,11,32,215,93.32446,25,Background
SE-FC-L2_FaceBased_R32.pth,E,12,32,215,99.772446,25,Background
SE-FC-L2_FaceBased_R32.pth,E,13,32,215,106.27658,25,Background
SE-FC-L2_FaceBased_R32.pth,E,14,32,215,104.90701,25,Background
SE-FC-L2_FaceBased_R32.pth,E,15,32,215,105.16541,25,Background
SE-FC-L2_FaceBased_R32.pth,E,16,32,215,118.60222,25,Background
SE-FC-L2_FaceBased_R32.pth,E,17,32,215,95.9014,25,Background
SE-FC-L2_FaceBased_R32.pth,E,18,32,219,113.77,25,Background
SE-FC-L2_FaceBased_R32.pth,E,19,32,215,73.483765,25,Background
SE-FC-L2_FaceBased_R32.pth,E,20,32,129,68.0701,25,Nose
SE-FC-L2_FaceBased_R32.pth,E,21,32,129,83.59511,25,Nose
SE-FC-L2_FaceBased_R32.pth,Full,1,32,215,160.02121,25,Background
SE-FC-L2_FaceBased_R32.pth,Full,2,32,215,130.27588,26,Background
SE-FC-L2_FaceBased_R32.pth,Full,3,32,215,139.70526,26,Background
SE-FC-L2_FaceBased_R32.pth,Full,4,32,215,133.48688,77,Background
SE-FC-L2_FaceBased_R32.pth,Full,5,32,215,91.59025,42,Background
SE-FC-L2_FaceBased_R32.pth,Full,6,32,215,68.23869,42,Background
SE-FC-L2_FaceBased_R32.pth,Full,7,32,0,90.56601,77,Background
SE-FC-L2_FaceBased_R32.pth,Full,8,32,215,66.31201,42,Background
SE-FC-L2_FaceBased_R32.pth,Full,9,32,215,69.04458,77,Background
SE-FC-L2_FaceBased_R32.pth,Full,10,32,215,90.681496,77,Background
SE-FC-L2_FaceBased_R32.pth,Full,11,32,215,80.22104,77,Background
SE-FC-L2_FaceBased_R32.pth,Full,12,32,215,98.61231,77,Background
SE-FC-L2_FaceBased_R32.pth,Full,13,32,215,72.96241,77,Background
SE-FC-L2_FaceBased_R32.pth,Full,14,32,215,106.42349,77,Background
SE-FC-L2_FaceBased_R32.pth,Full,15,32,215,103.760796,25,Background
SE-FC-L2_FaceBased_R32.pth,Full,16,32,180,66.71828,25,Mouth
SE-FC-L2_FaceBased_R32.pth,Full,17,32,215,66.13564,77,Background
SE-FC-L2_FaceBased_R32.pth,Full,18,32,215,83.54117,77,Background
SE-FC-L2_FaceBased_R32.pth,Full,19,32,180,77.26651,77,Mouth
SE-FC-L2_FaceBased_R32.pth,Full,20,32,181,81.87692,77,Mouth
SE-FC-L2_FaceBased_R32.pth,Full,21,32,180,67.67626,77,Mouth
SE-FC-L2_FaceBased_R32.pth,M,1,32,215,168.66977,25,Background
SE-FC-L2_FaceBased_R32.pth,M,2,32,215,181.81839,25,Background
SE-FC-L2_FaceBased_R32.pth,M,3,32,215,179.42941,25,Background
SE-FC-L2_FaceBased_R32.pth,M,4,32,215,172.70409,25,Background
SE-FC-L2_FaceBased_R32.pth,M,5,32,215,167.67838,25,Background
SE-FC-L2_FaceBased_R32.pth,M,6,32,220,173.39436,25,Background
SE-FC-L2_FaceBased_R32.pth,M,7,32,215,175.22134,25,Background
SE-FC-L2_FaceBased_R32.pth,M,8,32,217,175.80885,25,Background
SE-FC-L2_FaceBased_R32.pth,M,9,32,215,171.7748,26,Background
SE-FC-L2_FaceBased_R32.pth,M,10,32,215,169.3641,25,Background
SE-FC-L2_FaceBased_R32.pth,M,11,32,217,165.90002,25,Background
SE-FC-L2_FaceBased_R32.pth,M,12,32,215,171.10396,26,Background
SE-FC-L2_FaceBased_R32.pth,M,13,32,215,167.51456,26,Background
SE-FC-L2_FaceBased_R32.pth,M,14,32,215,169.15509,25,Background
SE-FC-L2_FaceBased_R32.pth,M,15,32,215,164.52687,25,Background
SE-FC-L2_FaceBased_R32.pth,M,16,32,215,170.2382,25,Background
SE-FC-L2_FaceBased_R32.pth,M,17,32,215,172.7581,25,Background
SE-FC-L2_FaceBased_R32.pth,M,18,32,215,167.70723,25,Background
SE-FC-L2_FaceBased_R32.pth,M,19,32,215,158.92186,26,Background
SE-FC-L2_FaceBased_R32.pth,M,20,32,215,170.94522,25,Background
SE-FC-L2_FaceBased_R32.pth,M,21,32,215,150.79575,26,Background
SE-FC-L2_FaceBased_R32.pth,N,1,32,94,112.27022,25,Eyes
SE-FC-L2_FaceBased_R32.pth,N,2,32,94,116.895004,25,Eyes
SE-FC-L2_FaceBased_R32.pth,N,3,32,94,113.47467,25,Eyes
SE-FC-L2_FaceBased_R32.pth,N,4,32,94,105.924614,25,Eyes
SE-FC-L2_FaceBased_R32.pth,N,5,32,94,115.7162,25,Eyes
SE-FC-L2_FaceBased_R32.pth,N,6,32,94,112.95705,25,Eyes
SE-FC-L2_FaceBased_R32.pth,N,7,32,94,113.58609,25,Eyes
SE-FC-L2_FaceBased_R32.pth,N,8,32,94,94.603325,25,Eyes
SE-FC-L2_FaceBased_R32.pth,N,9,32,94,113.044495,25,Eyes
SE-FC-L2_FaceBased_R32.pth,N,10,32,94,106.11129,25,Eyes
SE-FC-L2_FaceBased_R32.pth,N,11,32,94,104.116394,25,Eyes
SE-FC-L2_FaceBased_R32.pth,N,12,32,94,114.400345,25,Eyes
SE-FC-L2_FaceBased_R32.pth,N,13,32,94,114.8353,25,Eyes
SE-FC-L2_FaceBased_R32.pth,N,14,32,94,118.545425,25,Eyes
SE-FC-L2_FaceBased_R32.pth,N,15,32,94,105.97621,25,Eyes
SE-FC-L2_FaceBased_R32.pth,N,16,32,94,117.12987,25,Eyes
SE-FC-L2_FaceBased_R32.pth,N,17,32,94,107.17265,25,Eyes
SE-FC-L2_FaceBased_R32.pth,N,18,32,94,91.27889,25,Eyes
SE-FC-L2_FaceBased_R32.pth,N,19,32,94,109.11153,25,Eyes
SE-FC-L2_FaceBased_R32.pth,N,20,32,94,105.991,25,Eyes
SE-FC-L2_FaceBased_R32.pth,N,21,32,94,95.20886,25,Eyes
SE-FC-L2_FaceBased_R4.pth,E,1,4,60,74.99781,215,Background
SE-FC-L2_FaceBased_R4.pth,E,2,4,60,83.46414,215,Background
SE-FC-L2_FaceBased_R4.pth,E,3,4,60,85.36823,215,Background
SE-FC-L2_FaceBased_R4.pth,E,4,4,60,80.60414,215,Background
SE-FC-L2_FaceBased_R4.pth,E,5,4,60,91.4119,215,Background
SE-FC-L2_FaceBased_R4.pth,E,6,4,60,89.509384,215,Background
SE-FC-L2_FaceBased_R4.pth,E,7,4,60,89.968796,215,Background
SE-FC-L2_FaceBased_R4.pth,E,8,4,60,92.84444,215,Background
SE-FC-L2_FaceBased_R4.pth,E,9,4,60,90.93519,215,Background
SE-FC-L2_FaceBased_R4.pth,E,10,4,60,93.69715,215,Background
SE-FC-L2_FaceBased_R4.pth,E,11,4,60,88.62971,215,Background
SE-FC-L2_FaceBased_R4.pth,E,12,4,60,105.68219,215,Background
SE-FC-L2_FaceBased_R4.pth,E,13,4,60,100.81214,215,Background
SE-FC-L2_FaceBased_R4.pth,E,14,4,60,96.0861,215,Background
SE-FC-L2_FaceBased_R4.pth,E,15,4,60,89.59021,215,Background
SE-FC-L2_FaceBased_R4.pth,E,16,4,60,90.41103,215,Background
SE-FC-L2_FaceBased_R4.pth,E,17,4,60,93.09604,215,Background
SE-FC-L2_FaceBased_R4.pth,E,18,4,60,86.23664,215,Background
SE-FC-L2_FaceBased_R4.pth,E,19,4,60,79.90462,215,Background
SE-FC-L2_FaceBased_R4.pth,E,20,4,60,90.80388,215,Background
SE-FC-L2_FaceBased_R4.pth,E,21,4,60,86.33275,215,Background
SE-FC-L2_FaceBased_R4.pth,Full,1,4,59,77.358505,215,Background
SE-FC-L2_FaceBased_R4.pth,Full,2,4,59,77.81354,0,Background
SE-FC-L2_FaceBased_R4.pth,Full,3,4,43,76.55536,215,Background
SE-FC-L2_FaceBased_R4.pth,Full,4,4,163,79.83937,215,Background
SE-FC-L2_FaceBased_R4.pth,Full,5,4,43,90.08531,215,Background
SE-FC-L2_FaceBased_R4.pth,Full,6,4,163,77.87945,0,Background
SE-FC-L2_FaceBased_R4.pth,Full,7,4,163,75.3952,0,Background
SE-FC-L2_FaceBased_R4.pth,Full,8,4,163,81.46878,0,Background
SE-FC-L2_FaceBased_R4.pth,Full,9,4,43,89.66089,215,Background
SE-FC-L2_FaceBased_R4.pth,Full,10,4,163,98.209885,215,Background
SE-FC-L2_FaceBased_R4.pth,Full,11,4,163,90.095985,215,Background
SE-FC-L2_FaceBased_R4.pth,Full,12,4,163,84.779816,0,Background
SE-FC-L2_FaceBased_R4.pth,Full,13,4,163,87.90851,215,Background
SE-FC-L2_FaceBased_R4.pth,Full,14,4,163,88.23973,0,Background
SE-FC-L2_FaceBased_R4.pth,Full,15,4,163,97.2778,215,Background
SE-FC-L2_FaceBased_R4.pth,Full,16,4,163,99.27825,215,Background
SE-FC-L2_FaceBased_R4.pth,Full,17,4,163,97.2165,215,Background
SE-FC-L2_FaceBased_R4.pth,Full,18,4,163,90.00131,215,Background
SE-FC-L2_FaceBased_R4.pth,Full,19,4,163,90.05419,0,Background
SE-FC-L2_FaceBased_R4.pth,Full,20,4,163,85.42758,215,Background
SE-FC-L2_FaceBased_R4.pth,Full,21,4,163,80.30441,215,Background
SE-FC-L2_FaceBased_R4.pth,M,1,4,146,109.85645,215,Nose
SE-FC-L2_FaceBased_R4.pth,M,2,4,146,102.48404,215,Nose
SE-FC-L2_FaceBased_R4.pth,M,3,4,146,92.88825,0,Nose
SE-FC-L2_FaceBased_R4.pth,M,4,4,146,84.55357,215,Nose
SE-FC-L2_FaceBased_R4.pth,M,5,4,146,93.78994,0,Nose
SE-FC-L2_FaceBased_R4.pth,M,6,4,146,71.92966,0,Nose
SE-FC-L2_FaceBased_R4.pth,M,7,4,146,86.81175,0,Nose
SE-FC-L2_FaceBased_R4.pth,M,8,4,146,76.80243,0,Nose
SE-FC-L2_FaceBased_R4.pth,M,9,4,146,104.64708,0,Nose
SE-FC-L2_FaceBased_R4.pth,M,10,4,146,103.60015,215,Nose
SE-FC-L2_FaceBased_R4.pth,M,11,4,146,113.70441,215,Nose
SE-FC-L2_FaceBased_R4.pth,M,12,4,146,101.15244,0,Nose
SE-FC-L2_FaceBased_R4.pth,M,13,4,146,108.462555,215,Nose
SE-FC-L2_FaceBased_R4.pth,M,14,4,146,113.17397,215,Nose
SE-FC-L2_FaceBased_R4.pth,M,15,4,146,101.74841,215,Nose
SE-FC-L2_FaceBased_R4.pth,M,16,4,146,117.41795,215,Nose
SE-FC-L2_FaceBased_R4.pth,M,17,4,146,122.20715,215,Nose
SE-FC-L2_FaceBased_R4.pth,M,18,4,146,127.16792,215,Nose
SE-FC-L2_FaceBased_R4.pth,M,19,4,146,115.88712,215,Nose
SE-FC-L2_FaceBased_R4.pth,M,20,4,146,119.40299,215,Nose
SE-FC-L2_FaceBased_R4.pth,M,21,4,146,125.01419,215,Nose
SE-FC-L2_FaceBased_R4.pth,N,1,4,77,94.28457,0,Eyes
SE-FC-L2_FaceBased_R4.pth,N,2,4,77,94.15006,0,Eyes
SE-FC-L2_FaceBased_R4.pth,N,3,4,77,94.09333,0,Eyes
SE-FC-L2_FaceBased_R4.pth,N,4,4,77,92.22949,0,Eyes
SE-FC-L2_FaceBased_R4.pth,N,5,4,77,96.70197,0,Eyes
SE-FC-L2_FaceBased_R4.pth,N,6,4,111,99.48192,215,Background
SE-FC-L2_FaceBased_R4.pth,N,7,4,77,94.05548,215,Eyes
SE-FC-L2_FaceBased_R4.pth,N,8,4,111,107.157425,216,Background
SE-FC-L2_FaceBased_R4.pth,N,9,4,111,111.45026,215,Background
SE-FC-L2_FaceBased_R4.pth,N,10,4,111,103.459465,0,Background
SE-FC-L2_FaceBased_R4.pth,N,11,4,112,102.70501,0,Background
SE-FC-L2_FaceBased_R4.pth,N,12,4,112,99.0807,215,Background
SE-FC-L2_FaceBased_R4.pth,N,13,4,112,111.361565,215,Background
SE-FC-L2_FaceBased_R4.pth,N,14,4,112,94.1072,0,Background
SE-FC-L2_FaceBased_R4.pth,N,15,4,111,95.84262,215,Background
SE-FC-L2_FaceBased_R4.pth,N,16,4,112,83.57989,0,Background
SE-FC-L2_FaceBased_R4.pth,N,17,4,112,82.4849,0,Background
SE-FC-L2_FaceBased_R4.pth,N,18,4,112,79.96523,0,Background
SE-FC-L2_FaceBased_R4.pth,N,19,4,112,77.78441,0,Background
SE-FC-L2_FaceBased_R4.pth,N,20,4,112,91.11952,0,Background
SE-FC-L2_FaceBased_R4.pth,N,21,4,112,76.76926,0,Background
SE-FC-L2_FaceBased_R8.pth,E,1,8,94,64.27663,198,Eyes
SE-FC-L2_FaceBased_R8.pth,E,2,8,94,66.98982,198,Eyes
SE-FC-L2_FaceBased_R8.pth,E,3,8,94,57.534378,198,Eyes
SE-FC-L2_FaceBased_R8.pth,E,4,8,94,57.18666,0,Eyes
SE-FC-L2_FaceBased_R8.pth,E,5,8,94,65.92778,198,Eyes
SE-FC-L2_FaceBased_R8.pth,E,6,8,94,59.50315,0,Eyes
SE-FC-L2_FaceBased_R8.pth,E,7,8,94,71.33247,198,Eyes
SE-FC-L2_FaceBased_R8.pth,E,8,8,94,63.973843,0,Eyes
SE-FC-L2_FaceBased_R8.pth,E,9,8,94,67.1289,0,Eyes
SE-FC-L2_FaceBased_R8.pth,E,10,8,94,64.31799,0,Eyes
SE-FC-L2_FaceBased_R8.pth,E,11,8,94,48.860863,0,Eyes
SE-FC-L2_FaceBased_R8.pth,E,12,8,94,46.14346,0,Eyes
SE-FC-L2_FaceBased_R8.pth,E,13,8,94,59.394062,198,Eyes
SE-FC-L2_FaceBased_R8.pth,E,14,8,94,58.25079,0,Eyes
SE-FC-L2_FaceBased_R8.pth,E,15,8,94,61.82893,198,Eyes
SE-FC-L2_FaceBased_R8.pth,E,16,8,94,76.5514,0,Eyes
SE-FC-L2_FaceBased_R8.pth,E,17,8,94,59.171005,0,Eyes
SE-FC-L2_FaceBased_R8.pth,E,18,8,94,60.182487,0,Eyes
SE-FC-L2_FaceBased_R8.pth,E,19,8,94,72.49775,198,Eyes
SE-FC-L2_FaceBased_R8.pth,E,20,8,94,76.39111,198,Eyes
SE-FC-L2_FaceBased_R8.pth,E,21,8,94,57.882935,0,Eyes
SE-FC-L2_FaceBased_R8.pth,Full,1,8,215,112.138596,181,Background
SE-FC-L2_FaceBased_R8.pth,Full,2,8,215,111.98984,181,Background
SE-FC-L2_FaceBased_R8.pth,Full,3,8,215,102.10253,0,Background
SE-FC-L2_FaceBased_R8.pth,Full,4,8,215,111.5216,0,Background
SE-FC-L2_FaceBased_R8.pth,Full,5,8,215,106.10704,0,Background
SE-FC-L2_FaceBased_R8.pth,Full,6,8,215,102.896805,0,Background
SE-FC-L2_FaceBased_R8.pth,Full,7,8,216,99.55959,0,Background
SE-FC-L2_FaceBased_R8.pth,Full,8,8,111,81.425766,0,Background
SE-FC-L2_FaceBased_R8.pth,Full,9,8,215,92.37902,0,Background
SE-FC-L2_FaceBased_R8.pth,Full,10,8,215,86.626236,0,Background
SE-FC-L2_FaceBased_R8.pth,Full,11,8,215,94.462006,25,Background
SE-FC-L2_FaceBased_R8.pth,Full,12,8,215,109.56288,0,Background
SE-FC-L2_FaceBased_R8.pth,Full,13,8,215,105.84536,0,Background
SE-FC-L2_FaceBased_R8.pth,Full,14,8,215,109.995865,0,Background
SE-FC-L2_FaceBased_R8.pth,Full,15,8,215,106.84828,0,Background
SE-FC-L2_FaceBased_R8.pth,Full,16,8,111,87.99165,0,Background
SE-FC-L2_FaceBased_R8.pth,Full,17,8,215,86.794586,0,Background
SE-FC-L2_FaceBased_R8.pth,Full,18,8,215,78.23103,0,Background
SE-FC-L2_FaceBased_R8.pth,Full,19,8,215,94.52069,0,Background
SE-FC-L2_FaceBased_R8.pth,Full,20,8,215,95.07791,0,Background
SE-FC-L2_FaceBased_R8.pth,Full,21,8,215,99.23254,0,Background
SE-FC-L2_FaceBased_R8.pth,M,1,8,215,130.46243,0,Background
SE-FC-L2_FaceBased_R8.pth,M,2,8,215,120.25432,180,Background
SE-FC-L2_FaceBased_R8.pth,M,3,8,215,127.87196,0,Background
SE-FC-L2_FaceBased_R8.pth,M,4,8,215,147.38797,0,Background
SE-FC-L2_FaceBased_R8.pth,M,5,8,215,136.016,0,Background
SE-FC-L2_FaceBased_R8.pth,M,6,8,220,136.37927,0,Background
SE-FC-L2_FaceBased_R8.pth,M,7,8,222,139.75163,0,Background
SE-FC-L2_FaceBased_R8.pth,M,8,8,215,143.94144,0,Background
SE-FC-L2_FaceBased_R8.pth,M,9,8,215,137.01976,0,Background
SE-FC-L2_FaceBased_R8.pth,M,10,8,215,129.15736,0,Background
SE-FC-L2_FaceBased_R8.pth,M,11,8,215,115.81145,0,Background
SE-FC-L2_FaceBased_R8.pth,M,12,8,215,115.625854,0,Background
SE-FC-L2_FaceBased_R8.pth,M,13,8,215,131.17189,0,Background
SE-FC-L2_FaceBased_R8.pth,M,14,8,215,140.88004,0,Background
SE-FC-L2_FaceBased_R8.pth,M,15,8,215,141.69443,0,Background
SE-FC-L2_FaceBased_R8.pth,M,16,8,215,133.62741,0,Background
SE-FC-L2_FaceBased_R8.pth,M,17,8,215,150.65659,0,Background
SE-FC-L2_FaceBased_R8.pth,M,18,8,215,143.51736,0,Background
SE-FC-L2_FaceBased_R8.pth,M,19,8,215,145.06232,0,Background
SE-FC-L2_FaceBased_R8.pth,M,20,8,215,148.79285,0,Background
SE-FC-L2_FaceBased_R8.pth,M,21,8,215,151.40985,0,Background
SE-FC-L2_FaceBased_R8.pth,N,1,8,215,99.62265,128,Background
SE-FC-L2_FaceBased_R8.pth,N,2,8,215,96.45732,129,Background
SE-FC-L2_FaceBased_R8.pth,N,3,8,215,104.49159,181,Background
SE-FC-L2_FaceBased_R8.pth,N,4,8,215,99.20695,181,Background
SE-FC-L2_FaceBased_R8.pth,N,5,8,215,108.21242,181,Background
SE-FC-L2_FaceBased_R8.pth,N,6,8,215,107.224174,128,Background
SE-FC-L2_FaceBased_R8.pth,N,7,8,94,95.2749,181,Eyes
SE-FC-L2_FaceBased_R8.pth,N,8,8,215,97.83744,181,Background
SE-FC-L2_FaceBased_R8.pth,N,9,8,218,95.452675,129,Background
SE-FC-L2_FaceBased_R8.pth,N,10,8,215,95.92161,129,Background
SE-FC-L2_FaceBased_R8.pth,N,11,8,94,101.646194,129,Eyes
SE-FC-L2_FaceBased_R8.pth,N,12,8,94,110.152916,0,Eyes
SE-FC-L2_FaceBased_R8.pth,N,13,8,215,95.1078,129,Background
SE-FC-L2_FaceBased_R8.pth,N,14,8,94,92.0999,0,Eyes
SE-FC-L2_FaceBased_R8.pth,N,15,8,94,101.792206,129,Eyes
SE-FC-L2_FaceBased_R8.pth,N,16,8,94,107.3224,129,Eyes
SE-FC-L2_FaceBased_R8.pth,N,17,8,215,103.5351,129,Background
SE-FC-L2_FaceBased_R8.pth,N,18,8,94,96.27045,129,Eyes
SE-FC-L2_FaceBased_R8.pth,N,19,8,94,88.20711,128,Eyes
SE-FC-L2_FaceBased_R8.pth,N,20,8,94,102.06466,129,Eyes
SE-FC-L2_FaceBased_R8.pth,N,21,8,94,109.30729,197,Eyes
SE-FC-L2_ObjectBased_R16.pth,E,1,16,94,104.714,60,Eyes
SE-FC-L2_ObjectBased_R16.pth,E,2,16,94,102.88991,197,Eyes
SE-FC-L2_ObjectBased_R16.pth,E,3,16,94,108.499016,197,Eyes
SE-FC-L2_ObjectBased_R16.pth,E,4,16,94,108.09513,129,Eyes
SE-FC-L2_ObjectBased_R16.pth,E,5,16,94,98.10626,197,Eyes
SE-FC-L2_ObjectBased_R16.pth,E,6,16,94,97.91256,197,Eyes
SE-FC-L2_ObjectBased_R16.pth,E,7,16,94,91.43692,197,Eyes
SE-FC-L2_ObjectBased_R16.pth,E,8,16,94,104.476456,197,Eyes
SE-FC-L2_ObjectBased_R16.pth,E,9,16,94,97.06037,146,Eyes
SE-FC-L2_ObjectBased_R16.pth,E,10,16,94,104.55118,197,Eyes
SE-FC-L2_ObjectBased_R16.pth,E,11,16,94,100.83808,197,Eyes
SE-FC-L2_ObjectBased_R16.pth,E,12,16,94,108.56126,197,Eyes
SE-FC-L2_ObjectBased_R16.pth,E,13,16,94,111.51955,197,Eyes
SE-FC-L2_ObjectBased_R16.pth,E,14,16,94,106.16565,197,Eyes
SE-FC-L2_ObjectBased_R16.pth,E,15,16,94,91.79714,197,Eyes
SE-FC-L2_ObjectBased_R16.pth,E,16,16,94,102.51207,197,Eyes
SE-FC-L2_ObjectBased_R16.pth,E,17,16,94,105.2827,197,Eyes
SE-FC-L2_ObjectBased_R16.pth,E,18,16,94,89.12315,198,Eyes
SE-FC-L2_ObjectBased_R16.pth,E,19,16,94,101.91376,198,Eyes
SE-FC-L2_ObjectBased_R16.pth,E,20,16,94,107.27257,198,Eyes
SE-FC-L2_ObjectBased_R16.pth,E,21,16,94,101.45273,198,Eyes
SE-FC-L2_ObjectBased_R16.pth,Full,1,16,215,80.78998,0,Background
SE-FC-L2_ObjectBased_R16.pth,Full,2,16,215,67.49536,0,Background
SE-FC-L2_ObjectBased_R16.pth,Full,3,16,215,86.14766,0,Background
SE-FC-L2_ObjectBased_R16.pth,Full,4,16,215,113.58708,0,Background
SE-FC-L2_ObjectBased_R16.pth,Full,5,16,215,117.05364,0,Background
SE-FC-L2_ObjectBased_R16.pth,Full,6,16,215,126.00516,0,Background
SE-FC-L2_ObjectBased_R16.pth,Full,7,16,215,134.32425,0,Background
SE-FC-L2_ObjectBased_R16.pth,Full,8,16,215,133.3073,0,Background
SE-FC-L2_ObjectBased_R16.pth,Full,9,16,215,141.59503,0,Background
SE-FC-L2_ObjectBased_R16.pth,Full,10,16,215,123.04947,0,Background
SE-FC-L2_ObjectBased_R16.pth,Full,11,16,215,146.86676,146,Background
SE-FC-L2_ObjectBased_R16.pth,Full,12,16,215,156.21841,0,Background
SE-FC-L2_ObjectBased_R16.pth,Full,13,16,215,125.92572,0,Background
SE-FC-L2_ObjectBased_R16.pth,Full,14,16,215,130.48398,0,Background
SE-FC-L2_ObjectBased_R16.pth,Full,15,16,215,140.61984,0,Background
SE-FC-L2_ObjectBased_R16.pth,Full,16,16,215,120.684235,0,Background
SE-FC-L2_ObjectBased_R16.pth,Full,17,16,218,125.068436,145,Background
SE-FC-L2_ObjectBased_R16.pth,Full,18,16,215,117.51523,129,Background
SE-FC-L2_ObjectBased_R16.pth,Full,19,16,215,126.621765,129,Background
SE-FC-L2_ObjectBased_R16.pth,Full,20,16,215,107.9677,129,Background
SE-FC-L2_ObjectBased_R16.pth,Full,21,16,215,113.93959,129,Background
SE-FC-L2_ObjectBased_R16.pth,M,1,16,198,123.583694,0,Mouth
SE-FC-L2_ObjectBased_R16.pth,M,2,16,198,108.78128,0,Mouth
SE-FC-L2_ObjectBased_R16.pth,M,3,16,215,127.3646,25,Background
SE-FC-L2_ObjectBased_R16.pth,M,4,16,198,111.66922,146,Mouth
SE-FC-L2_ObjectBased_R16.pth,M,5,16,215,113.1039,146,Background
SE-FC-L2_ObjectBased_R16.pth,M,6,16,198,97.32689,146,Mouth
SE-FC-L2_ObjectBased_R16.pth,M,7,16,198,102.32074,146,Mouth
SE-FC-L2_ObjectBased_R16.pth,M,8,16,198,88.23671,146,Mouth
SE-FC-L2_ObjectBased_R16.pth,M,9,16,198,88.299446,146,Mouth
SE-FC-L2_ObjectBased_R16.pth,M,10,16,198,90.96548,146,Mouth
SE-FC-L2_ObjectBased_R16.pth,M,11,16,215,95.14601,146,Background
SE-FC-L2_ObjectBased_R16.pth,M,12,16,198,65.02113,146,Mouth
SE-FC-L2_ObjectBased_R16.pth,M,13,16,198,85.784775,146,Mouth
SE-FC-L2_ObjectBased_R16.pth,M,14,16,198,80.23323,146,Mouth
SE-FC-L2_ObjectBased_R16.pth,M,15,16,181,86.114204,146,Mouth
SE-FC-L2_ObjectBased_R16.pth,M,16,16,181,58.4722,146,Mouth
SE-FC-L2_ObjectBased_R16.pth,M,17,16,215,94.904785,146,Background
SE-FC-L2_ObjectBased_R16.pth,M,18,16,197,90.24185,146,Mouth
SE-FC-L2_ObjectBased_R16.pth,M,19,16,215,128.49986,146,Background
SE-FC-L2_ObjectBased_R16.pth,M,20,16,215,127.41139,146,Background
SE-FC-L2_ObjectBased_R16.pth,M,21,16,215,110.92124,146,Background
SE-FC-L2_ObjectBased_R16.pth,N,1,16,163,83.36663,112,Background
SE-FC-L2_ObjectBased_R16.pth,N,2,16,163,100.667496,112,Background
SE-FC-L2_ObjectBased_R16.pth,N,3,16,163,102.49202,112,Background
SE-FC-L2_ObjectBased_R16.pth,N,4,16,163,105.90465,112,Background
SE-FC-L2_ObjectBased_R16.pth,N,5,16,163,101.8926,112,Background
SE-FC-L2_ObjectBased_R16.pth,N,6,16,163,106.75329,112,Background
SE-FC-L2_ObjectBased_R16.pth,N,7,16,163,110.84412,198,Background
SE-FC-L2_ObjectBased_R16.pth,N,8,16,163,106.03037,198,Background
SE-FC-L2_ObjectBased_R16.pth,N,9,16,163,108.57941,198,Background
SE-FC-L2_ObjectBased_R16.pth,N,10,16,163,97.28928,26,Background
SE-FC-L2_ObjectBased_R16.pth,N,11,16,163,85.475555,26,Background
SE-FC-L2_ObjectBased_R16.pth,N,12,16,163,96.2958,112,Background
SE-FC-L2_ObjectBased_R16.pth,N,13,16,163,93.49307,112,Background
SE-FC-L2_ObjectBased_R16.pth,N,14,16,163,101.9787,112,Background
SE-FC-L2_ObjectBased_R16.pth,N,15,16,163,98.27558,112,Background
SE-FC-L2_ObjectBased_R16.pth,N,16,16,163,78.07209,112,Background
SE-FC-L2_ObjectBased_R16.pth,N,17,16,163,84.11713,112,Background
SE-FC-L2_ObjectBased_R16.pth,N,18,16,163,84.661255,26,Background
SE-FC-L2_ObjectBased_R16.pth,N,19,16,163,94.53625,198,Background
SE-FC-L2_ObjectBased_R16.pth,N,20,16,163,94.08214,26,Background
SE-FC-L2_ObjectBased_R16.pth,N,21,16,163,90.769394,26,Background
SE-FC-L2_ObjectBased_R2.pth,E,1,2,0,177.72885,94,Background
SE-FC-L2_ObjectBased_R2.pth,E,2,2,0,178.04495,95,Background
SE-FC-L2_ObjectBased_R2.pth,E,3,2,0,187.17046,94,Background
SE-FC-L2_ObjectBased_R2.pth,E,4,2,0,182.52043,94,Background
SE-FC-L2_ObjectBased_R2.pth,E,5,2,0,183.82338,94,Background
SE-FC-L2_ObjectBased_R2.pth,E,6,2,0,186.5102,94,Background
SE-FC-L2_ObjectBased_R2.pth,E,7,2,0,193.91074,94,Background
SE-FC-L2_ObjectBased_R2.pth,E,8,2,0,180.57828,94,Background
SE-FC-L2_ObjectBased_R2.pth,E,9,2,0,184.89734,94,Background
SE-FC-L2_ObjectBased_R2.pth,E,10,2,0,187.86237,215,Background
SE-FC-L2_ObjectBased_R2.pth,E,11,2,0,185.45744,94,Background
SE-FC-L2_ObjectBased_R2.pth,E,12,2,0,184.20149,215,Background
SE-FC-L2_ObjectBased_R2.pth,E,13,2,0,183.65839,94,Background
SE-FC-L2_ObjectBased_R2.pth,E,14,2,0,183.44067,94,Background
SE-FC-L2_ObjectBased_R2.pth,E,15,2,0,186.26662,94,Background
SE-FC-L2_ObjectBased_R2.pth,E,16,2,0,179.89456,94,Background
SE-FC-L2_ObjectBased_R2.pth,E,17,2,0,176.80478,94,Background
SE-FC-L2_ObjectBased_R2.pth,E,18,2,0,179.5811,215,Background
SE-FC-L2_ObjectBased_R2.pth,E,19,2,0,175.72624,215,Background
SE-FC-L2_ObjectBased_R2.pth,E,20,2,0,181.0652,95,Background
SE-FC-L2_ObjectBased_R2.pth,E,21,2,0,185.0737,95,Background
SE-FC-L2_ObjectBased_R2.pth,Full,1,2,0,165.51303,215,Background
SE-FC-L2_ObjectBased_R2.pth,Full,2,2,0,159.60735,215,Background
SE-FC-L2_ObjectBased_R2.pth,Full,3,2,0,170.29509,215,Background
SE-FC-L2_ObjectBased_R2.pth,Full,4,2,0,170.10367,215,Background
SE-FC-L2_ObjectBased_R2.pth,Full,5,2,0,172.58948,215,Background
SE-FC-L2_ObjectBased_R2.pth,Full,6,2,0,162.60623,221,Background
SE-FC-L2_ObjectBased_R2.pth,Full,7,2,0,152.2566,215,Background
SE-FC-L2_ObjectBased_R2.pth,Full,8,2,0,155.65906,215,Background
SE-FC-L2_ObjectBased_R2.pth,Full,9,2,0,157.459,215,Background
SE-FC-L2_ObjectBased_R2.pth,Full,10,2,0,175.22568,215,Background
SE-FC-L2_ObjectBased_R2.pth,Full,11,2,0,141.51114,215,Background
SE-FC-L2_ObjectBased_R2.pth,Full,12,2,0,152.26038,215,Background
SE-FC-L2_ObjectBased_R2.pth,Full,13,2,0,149.5785,215,Background
SE-FC-L2_ObjectBased_R2.pth,Full,14,2,0,167.96169,215,Background
SE-FC-L2_ObjectBased_R2.pth,Full,15,2,0,161.87111,215,Background
SE-FC-L2_ObjectBased_R2.pth,Full,16,2,0,157.8031,215,Background
SE-FC-L2_ObjectBased_R2.pth,Full,17,2,0,161.81017,215,Background
SE-FC-L2_ObjectBased_R2.pth,Full,18,2,0,159.47266,215,Background
SE-FC-L2_ObjectBased_R2.pth,Full,19,2,0,167.57428,215,Background
SE-FC-L2_ObjectBased_R2.pth,Full,20,2,0,156.59912,215,Background
SE-FC-L2_ObjectBased_R2.pth,Full,21,2,0,153.19244,215,Background
SE-FC-L2_ObjectBased_R2.pth,M,1,2,215,154.91724,26,Background
SE-FC-L2_ObjectBased_R2.pth,M,2,2,220,150.65862,26,Background
SE-FC-L2_ObjectBased_R2.pth,M,3,2,215,132.94812,26,Background
SE-FC-L2_ObjectBased_R2.pth,M,4,2,215,120.35028,26,Background
SE-FC-L2_ObjectBased_R2.pth,M,5,2,215,147.27574,26,Background
SE-FC-L2_ObjectBased_R2.pth,M,6,2,215,156.57037,26,Background
SE-FC-L2_ObjectBased_R2.pth,M,7,2,217,127.50407,26,Background
SE-FC-L2_ObjectBased_R2.pth,M,8,2,216,128.20059,26,Background
SE-FC-L2_ObjectBased_R2.pth,M,9,2,215,136.607,94,Background
SE-FC-L2_ObjectBased_R2.pth,M,10,2,219,119.01062,94,Background
SE-FC-L2_ObjectBased_R2.pth,M,11,2,215,154.04663,26,Background
SE-FC-L2_ObjectBased_R2.pth,M,12,2,215,157.85979,94,Background
SE-FC-L2_ObjectBased_R2.pth,M,13,2,215,150.51135,94,Background
SE-FC-L2_ObjectBased_R2.pth,M,14,2,215,139.63165,94,Background
SE-FC-L2_ObjectBased_R2.pth,M,15,2,215,156.2451,94,Background
SE-FC-L2_ObjectBased_R2.pth,M,16,2,215,139.1022,94,Background
SE-FC-L2_ObjectBased_R2.pth,M,17,2,215,156.80557,94,Background
SE-FC-L2_ObjectBased_R2.pth,M,18,2,215,157.19788,94,Background
SE-FC-L2_ObjectBased_R2.pth,M,19,2,215,156.07246,94,Background
SE-FC-L2_ObjectBased_R2.pth,M,20,2,215,143.22876,94,Background
SE-FC-L2_ObjectBased_R2.pth,M,21,2,215,148.12225,94,Background
SE-FC-L2_ObjectBased_R2.pth,N,1,2,112,122.822784,215,Background
SE-FC-L2_ObjectBased_R2.pth,N,2,2,112,117.500626,222,Background
SE-FC-L2_ObjectBased_R2.pth,N,3,2,112,124.089485,215,Background
SE-FC-L2_ObjectBased_R2.pth,N,4,2,0,127.3018,215,Background
SE-FC-L2_ObjectBased_R2.pth,N,5,2,0,116.48755,215,Background
SE-FC-L2_ObjectBased_R2.pth,N,6,2,112,119.69614,215,Background
SE-FC-L2_ObjectBased_R2.pth,N,7,2,112,126.26248,215,Background
SE-FC-L2_ObjectBased_R2.pth,N,8,2,112,130.47864,215,Background
SE-FC-L2_ObjectBased_R2.pth,N,9,2,112,131.94421,215,Background
SE-FC-L2_ObjectBased_R2.pth,N,10,2,112,133.93495,220,Background
SE-FC-L2_ObjectBased_R2.pth,N,11,2,112,135.49997,215,Background
SE-FC-L2_ObjectBased_R2.pth,N,12,2,112,139.29736,215,Background
SE-FC-L2_ObjectBased_R2.pth,N,13,2,112,135.6912,215,Background
SE-FC-L2_ObjectBased_R2.pth,N,14,2,112,139.68776,215,Background
SE-FC-L2_ObjectBased_R2.pth,N,15,2,112,139.84933,215,Background
SE-FC-L2_ObjectBased_R2.pth,N,16,2,112,133.75845,215,Background
SE-FC-L2_ObjectBased_R2.pth,N,17,2,112,132.11984,215,Background
SE-FC-L2_ObjectBased_R2.pth,N,18,2,112,131.51874,215,Background
SE-FC-L2_ObjectBased_R2.pth,N,19,2,112,137.74878,215,Background
SE-FC-L2_ObjectBased_R2.pth,N,20,2,112,135.74995,215,Background
SE-FC-L2_ObjectBased_R2.pth,N,21,2,112,139.38834,215,Background
SE-FC-L2_ObjectBased_R32.pth,E,1,32,77,17.661325,26,Eyes
SE-FC-L2_ObjectBased_R32.pth,E,2,32,77,17.661327,0,Eyes
SE-FC-L2_ObjectBased_R32.pth,E,3,32,77,17.661327,0,Eyes
SE-FC-L2_ObjectBased_R32.pth,E,4,32,77,17.661327,43,Eyes
SE-FC-L2_ObjectBased_R32.pth,E,5,32,77,17.661327,0,Eyes
SE-FC-L2_ObjectBased_R32.pth,E,6,32,77,18.528952,112,Eyes
SE-FC-L2_ObjectBased_R32.pth,E,7,32,77,17.661327,43,Eyes
SE-FC-L2_ObjectBased_R32.pth,E,8,32,77,17.666334,95,Eyes
SE-FC-L2_ObjectBased_R32.pth,E,9,32,77,18.977015,112,Eyes
SE-FC-L2_ObjectBased_R32.pth,E,10,32,77,18.689793,0,Eyes
SE-FC-L2_ObjectBased_R32.pth,E,11,32,77,22.234835,0,Eyes
SE-FC-L2_ObjectBased_R32.pth,E,12,32,77,20.96953,0,Eyes
SE-FC-L2_ObjectBased_R32.pth,E,13,32,77,23.33266,0,Eyes
SE-FC-L2_ObjectBased_R32.pth,E,14,32,77,25.453693,0,Eyes
SE-FC-L2_ObjectBased_R32.pth,E,15,32,77,20.8286,0,Eyes
SE-FC-L2_ObjectBased_R32.pth,E,16,32,77,28.110254,146,Eyes
SE-FC-L2_ObjectBased_R32.pth,E,17,32,77,28.983126,146,Eyes
SE-FC-L2_ObjectBased_R32.pth,E,18,32,77,24.671192,112,Eyes
SE-FC-L2_ObjectBased_R32.pth,E,19,32,77,22.00212,0,Eyes
SE-FC-L2_ObjectBased_R32.pth,E,20,32,77,17.661327,0,Eyes
SE-FC-L2_ObjectBased_R32.pth,E,21,32,77,21.250504,146,Eyes
SE-FC-L2_ObjectBased_R32.pth,Full,1,32,0,0,0,Background
SE-FC-L2_ObjectBased_R32.pth,Full,2,32,0,0,0,Background
SE-FC-L2_ObjectBased_R32.pth,Full,3,32,0,0,0,Background
SE-FC-L2_ObjectBased_R32.pth,Full,4,32,0,0,0,Background
SE-FC-L2_ObjectBased_R32.pth,Full,5,32,0,0,0,Background
SE-FC-L2_ObjectBased_R32.pth,Full,6,32,0,0,0,Background
SE-FC-L2_ObjectBased_R32.pth,Full,7,32,0,0,0,Background
SE-FC-L2_ObjectBased_R32.pth,Full,8,32,0,17.742523,26,Background
SE-FC-L2_ObjectBased_R32.pth,Full,9,32,0,17.742523,26,Background
SE-FC-L2_ObjectBased_R32.pth,Full,10,32,0,0,0,Background
SE-FC-L2_ObjectBased_R32.pth,Full,11,32,0,0,0,Background
SE-FC-L2_ObjectBased_R32.pth,Full,12,32,0,0,0,Background
SE-FC-L2_ObjectBased_R32.pth,Full,13,32,0,17.742523,26,Background
SE-FC-L2_ObjectBased_R32.pth,Full,14,32,0,0,0,Background
SE-FC-L2_ObjectBased_R32.pth,Full,15,32,0,0,0,Background
SE-FC-L2_ObjectBased_R32.pth,Full,16,32,0,17.234375,26,Background
SE-FC-L2_ObjectBased_R32.pth,Full,17,32,0,17.742523,26,Background
SE-FC-L2_ObjectBased_R32.pth,Full,18,32,0,0,0,Background
SE-FC-L2_ObjectBased_R32.pth,Full,19,32,0,21.214222,26,Background
SE-FC-L2_ObjectBased_R32.pth,Full,20,32,180,17.661327,26,Mouth
SE-FC-L2_ObjectBased_R32.pth,Full,21,32,180,17.661327,0,Mouth
SE-FC-L2_ObjectBased_R32.pth,M,1,32,0,48.536335,26,Background
SE-FC-L2_ObjectBased_R32.pth,M,2,32,0,57.20542,26,Background
SE-FC-L2_ObjectBased_R32.pth,M,3,32,0,47.518585,26,Background
SE-FC-L2_ObjectBased_R32.pth,M,4,32,0,46.782097,26,Background
SE-FC-L2_ObjectBased_R32.pth,M,5,32,0,34.5383,26,Background
SE-FC-L2_ObjectBased_R32.pth,M,6,32,0,38.777622,26,Background
SE-FC-L2_ObjectBased_R32.pth,M,7,32,0,31.682022,26,Background
SE-FC-L2_ObjectBased_R32.pth,M,8,32,0,30.722519,26,Background
SE-FC-L2_ObjectBased_R32.pth,M,9,32,0,32.68725,26,Background
SE-FC-L2_ObjectBased_R32.pth,M,10,32,0,49.378166,26,Background
SE-FC-L2_ObjectBased_R32.pth,M,11,32,0,33.576653,26,Background
SE-FC-L2_ObjectBased_R32.pth,M,12,32,0,23.086926,26,Background
SE-FC-L2_ObjectBased_R32.pth,M,13,32,0,26.434639,26,Background
SE-FC-L2_ObjectBased_R32.pth,M,14,32,0,32.085842,26,Background
SE-FC-L2_ObjectBased_R32.pth,M,15,32,0,23.097837,26,Background
SE-FC-L2_ObjectBased_R32.pth,M,16,32,0,30.81858,26,Background
SE-FC-L2_ObjectBased_R32.pth,M,17,32,0,58.398193,43,Background
SE-FC-L2_ObjectBased_R32.pth,M,18,32,0,29.294098,26,Background
SE-FC-L2_ObjectBased_R32.pth,M,19,32,0,41.78267,26,Background
SE-FC-L2_ObjectBased_R32.pth,M,20,32,0,63.06738,43,Background
SE-FC-L2_ObjectBased_R32.pth,M,21,32,0,43.247078,43,Background
SE-FC-L2_ObjectBased_R32.pth,N,1,32,198,36.782883,26,Mouth
SE-FC-L2_ObjectBased_R32.pth,N,2,32,198,41.32156,146,Mouth
SE-FC-L2_ObjectBased_R32.pth,N,3,32,198,33.72885,146,Mouth
SE-FC-L2_ObjectBased_R32.pth,N,4,32,0,37.384575,26,Background
SE-FC-L2_ObjectBased_R32.pth,N,5,32,198,22.406506,26,Mouth
SE-FC-L2_ObjectBased_R32.pth,N,6,32,198,28.380964,26,Mouth
SE-FC-L2_ObjectBased_R32.pth,N,7,32,198,42.994026,26,Mouth
SE-FC-L2_ObjectBased_R32.pth,N,8,32,198,52.22489,26,Mouth
SE-FC-L2_ObjectBased_R32.pth,N,9,32,198,50.205105,26,Mouth
SE-FC-L2_ObjectBased_R32.pth,N,10,32,198,59.739017,26,Mouth
SE-FC-L2_ObjectBased_R32.pth,N,11,32,198,67.77003,26,Mouth
SE-FC-L2_ObjectBased_R32.pth,N,12,32,198,70.61725,26,Mouth
SE-FC-L2_ObjectBased_R32.pth,N,13,32,198,92.57199,215,Mouth
SE-FC-L2_ObjectBased_R32.pth,N,14,32,198,87.20227,215,Mouth
SE-FC-L2_ObjectBased_R32.pth,N,15,32,197,59.469517,146,Mouth
SE-FC-L2_ObjectBased_R32.pth,N,16,32,0,71.60918,146,Background
SE-FC-L2_ObjectBased_R32.pth,N,17,32,0,66.8427,215,Background
SE-FC-L2_ObjectBased_R32.pth,N,18,32,0,40.063683,26,Background
SE-FC-L2_ObjectBased_R32.pth,N,19,32,0,59.906128,26,Background
SE-FC-L2_ObjectBased_R32.pth,N,20,32,0,37.862717,26,Background
SE-FC-L2_ObjectBased_R32.pth,N,21,32,0,37.944904,26,Background
SE-FC-L2_ObjectBased_R4.pth,E,1,4,26,151.4495,215,Background
SE-FC-L2_ObjectBased_R4.pth,E,2,4,26,155.44162,215,Background
SE-FC-L2_ObjectBased_R4.pth,E,3,4,26,151.56543,219,Background
SE-FC-L2_ObjectBased_R4.pth,E,4,4,26,145.83156,215,Background
SE-FC-L2_ObjectBased_R4.pth,E,5,4,26,153.86296,215,Background
SE-FC-L2_ObjectBased_R4.pth,E,6,4,26,151.58899,215,Background
SE-FC-L2_ObjectBased_R4.pth,E,7,4,215,179.55386,60,Background
SE-FC-L2_ObjectBased_R4.pth,E,8,4,215,180.84634,60,Background
SE-FC-L2_ObjectBased_R4.pth,E,9,4,217,179.57126,60,Background
SE-FC-L2_ObjectBased_R4.pth,E,10,4,215,181.66183,60,Background
SE-FC-L2_ObjectBased_R4.pth,E,11,4,215,174.44104,60,Background
SE-FC-L2_ObjectBased_R4.pth,E,12,4,215,181.67157,60,Background
SE-FC-L2_ObjectBased_R4.pth,E,13,4,215,180.173,60,Background
SE-FC-L2_ObjectBased_R4.pth,E,14,4,221,175.44395,60,Background
SE-FC-L2_ObjectBased_R4.pth,E,15,4,215,175.41846,60,Background
SE-FC-L2_ObjectBased_R4.pth,E,16,4,215,164.4102,77,Background
SE-FC-L2_ObjectBased_R4.pth,E,17,4,215,165.90677,129,Background
SE-FC-L2_ObjectBased_R4.pth,E,18,4,215,164.19948,60,Background
SE-FC-L2_ObjectBased_R4.pth,E,19,4,215,164.91682,60,Background
SE-FC-L2_ObjectBased_R4.pth,E,20,4,215,171.61755,60,Background
SE-FC-L2_ObjectBased_R4.pth,E,21,4,26,150.82181,215,Background
SE-FC-L2_ObjectBased_R4.pth,Full,1,4,215,142.8782,0,Background
SE-FC-L2_ObjectBased_R4.pth,Full,2,4,215,148.31947,0,Background
SE-FC-L2_ObjectBased_R4.pth,Full,3,4,215,144.33627,60,Background
SE-FC-L2_ObjectBased_R4.pth,Full,4,4,215,150.45827,0,Background
SE-FC-L2_ObjectBased_R4.pth,Full,5,4,215,132.90808,60,Background
SE-FC-L2_ObjectBased_R4.pth,Full,6,4,215,137.83998,0,Background
SE-FC-L2_ObjectBased_R4.pth,Full,7,4,215,138.24658,0,Background
SE-FC-L2_ObjectBased_R4.pth,Full,8,4,215,134.72958,0,Background
SE-FC-L2_ObjectBased_R4.pth,Full,9,4,215,128.17038,0,Background
SE-FC-L2_ObjectBased_R4.pth,Full,10,4,215,140.28464,0,Background
SE-FC-L2_ObjectBased_R4.pth,Full,11,4,215,135.09032,0,Background
SE-FC-L2_ObjectBased_R4.pth,Full,12,4,215,137.19278,0,Background
SE-FC-L2_ObjectBased_R4.pth,Full,13,4,215,128.85477,0,Background
SE-FC-L2_ObjectBased_R4.pth,Full,14,4,215,121.17195,0,Background
SE-FC-L2_ObjectBased_R4.pth,Full,15,4,215,138.91098,0,Background
SE-FC-L2_ObjectBased_R4.pth,Full,16,4,217,133.01286,60,Background
SE-FC-L2_ObjectBased_R4.pth,Full,17,4,215,133.32285,60,Background
SE-FC-L2_ObjectBased_R4.pth,Full,18,4,215,133.97498,60,Background
SE-FC-L2_ObjectBased_R4.pth,Full,19,4,215,126.021225,60,Background
SE-FC-L2_ObjectBased_R4.pth,Full,20,4,215,135.57318,0,Background
SE-FC-L2_ObjectBased_R4.pth,Full,21,4,215,131.7977,0,Background
SE-FC-L2_ObjectBased_R4.pth,M,1,4,215,180.4552,0,Background
SE-FC-L2_ObjectBased_R4.pth,M,2,4,215,193.87985,0,Background
SE-FC-L2_ObjectBased_R4.pth,M,3,4,215,189.59656,0,Background
SE-FC-L2_ObjectBased_R4.pth,M,4,4,215,191.86963,0,Background
SE-FC-L2_ObjectBased_R4.pth,M,5,4,215,191.50092,0,Background
SE-FC-L2_ObjectBased_R4.pth,M,6,4,215,190.3519,0,Background
SE-FC-L2_ObjectBased_R4.pth,M,7,4,215,192.57092,0,Background
SE-FC-L2_ObjectBased_R4.pth,M,8,4,215,192.4343,0,Background
SE-FC-L2_ObjectBased_R4.pth,M,9,4,215,188.4755,0,Background
SE-FC-L2_ObjectBased_R4.pth,M,10,4,215,185.56708,0,Background
SE-FC-L2_ObjectBased_R4.pth,M,11,4,215,184.88327,0,Background
SE-FC-L2_ObjectBased_R4.pth,M,12,4,215,184.80688,0,Background
SE-FC-L2_ObjectBased_R4.pth,M,13,4,215,180.87387,0,Background
SE-FC-L2_ObjectBased_R4.pth,M,14,4,215,182.3586,0,Background
SE-FC-L2_ObjectBased_R4.pth,M,15,4,215,180.81705,0,Background
SE-FC-L2_ObjectBased_R4.pth,M,16,4,25,151.97147,219,Background
SE-FC-L2_ObjectBased_R4.pth,M,17,4,215,177.13503,0,Background
SE-FC-L2_ObjectBased_R4.pth,M,18,4,25,148.28107,215,Background
SE-FC-L2_ObjectBased_R4.pth,M,19,4,26,139.69247,215,Background
SE-FC-L2_ObjectBased_R4.pth,M,20,4,215,171.87282,0,Background
SE-FC-L2_ObjectBased_R4.pth,M,21,4,215,171.91287,0,Background
SE-FC-L2_ObjectBased_R4.pth,N,1,4,215,184.91853,0,Background
SE-FC-L2_ObjectBased_R4.pth,N,2,4,215,182.29079,0,Background
SE-FC-L2_ObjectBased_R4.pth,N,3,4,215,175.11188,0,Background
SE-FC-L2_ObjectBased_R4.pth,N,4,4,215,170.33215,0,Background
SE-FC-L2_ObjectBased_R4.pth,N,5,4,215,174.67035,0,Background
SE-FC-L2_ObjectBased_R4.pth,N,6,4,215,171.3597,0,Background
SE-FC-L2_ObjectBased_R4.pth,N,7,4,215,172.56381,0,Background
SE-FC-L2_ObjectBased_R4.pth,N,8,4,215,171.92404,0,Background
SE-FC-L2_ObjectBased_R4.pth,N,9,4,215,170.8842,0,Background
SE-FC-L2_ObjectBased_R4.pth,N,10,4,215,168.80139,0,Background
SE-FC-L2_ObjectBased_R4.pth,N,11,4,215,173.37668,0,Background
SE-FC-L2_ObjectBased_R4.pth,N,12,4,215,174.79065,0,Background
SE-FC-L2_ObjectBased_R4.pth,N,13,4,215,172.6658,0,Background
SE-FC-L2_ObjectBased_R4.pth,N,14,4,218,172.73836,0,Background
SE-FC-L2_ObjectBased_R4.pth,N,15,4,215,167.57298,60,Background
SE-FC-L2_ObjectBased_R4.pth,N,16,4,215,175.24455,0,Background
SE-FC-L2_ObjectBased_R4.pth,N,17,4,215,175.8772,60,Background
SE-FC-L2_ObjectBased_R4.pth,N,18,4,215,176.56729,0,Background
SE-FC-L2_ObjectBased_R4.pth,N,19,4,215,176.82825,60,Background
SE-FC-L2_ObjectBased_R4.pth,N,20,4,215,175.80864,0,Background
SE-FC-L2_ObjectBased_R4.pth,N,21,4,215,178.42609,0,Background
SE-FC-L2_ObjectBased_R8.pth,E,1,8,129,152.11499,0,Nose
SE-FC-L2_ObjectBased_R8.pth,E,2,8,129,148.09973,0,Nose
SE-FC-L2_ObjectBased_R8.pth,E,3,8,129,143.30142,0,Nose
SE-FC-L2_ObjectBased_R8.pth,E,4,8,129,155.29817,0,Nose
SE-FC-L2_ObjectBased_R8.pth,E,5,8,129,133.40215,0,Nose
SE-FC-L2_ObjectBased_R8.pth,E,6,8,129,147.15634,0,Nose
SE-FC-L2_ObjectBased_R8.pth,E,7,8,129,143.06757,215,Nose
SE-FC-L2_ObjectBased_R8.pth,E,8,8,129,160.8792,0,Nose
SE-FC-L2_ObjectBased_R8.pth,E,9,8,129,157.89847,0,Nose
SE-FC-L2_ObjectBased_R8.pth,E,10,8,129,154.67674,215,Nose
SE-FC-L2_ObjectBased_R8.pth,E,11,8,129,149.36227,215,Nose
SE-FC-L2_ObjectBased_R8.pth,E,12,8,129,149.21017,215,Nose
SE-FC-L2_ObjectBased_R8.pth,E,13,8,129,138.65192,215,Nose
SE-FC-L2_ObjectBased_R8.pth,E,14,8,129,135.25092,215,Nose
SE-FC-L2_ObjectBased_R8.pth,E,15,8,129,127.0184,215,Nose
SE-FC-L2_ObjectBased_R8.pth,E,16,8,129,129.88145,215,Nose
SE-FC-L2_ObjectBased_R8.pth,E,17,8,129,118.77433,215,Nose
SE-FC-L2_ObjectBased_R8.pth,E,18,8,129,135.57959,215,Nose
SE-FC-L2_ObjectBased_R8.pth,E,19,8,129,126.970795,215,Nose
SE-FC-L2_ObjectBased_R8.pth,E,20,8,129,132.64923,215,Nose
SE-FC-L2_ObjectBased_R8.pth,E,21,8,129,141.12222,215,Nose
SE-FC-L2_ObjectBased_R8.pth,Full,1,8,60,78.81697,215,Background
SE-FC-L2_ObjectBased_R8.pth,Full,2,8,60,100.41772,215,Background
SE-FC-L2_ObjectBased_R8.pth,Full,3,8,60,104.41899,215,Background
SE-FC-L2_ObjectBased_R8.pth,Full,4,8,60,108.58331,215,Background
SE-FC-L2_ObjectBased_R8.pth,Full,5,8,60,108.51152,215,Background
SE-FC-L2_ObjectBased_R8.pth,Full,6,8,60,102.47786,215,Background
SE-FC-L2_ObjectBased_R8.pth,Full,7,8,60,104.85665,215,Background
SE-FC-L2_ObjectBased_R8.pth,Full,8,8,60,127.63585,215,Background
SE-FC-L2_ObjectBased_R8.pth,Full,9,8,60,118.97417,215,Background
SE-FC-L2_ObjectBased_R8.pth,Full,10,8,60,124.74728,215,Background
SE-FC-L2_ObjectBased_R8.pth,Full,11,8,60,125.569885,215,Background
SE-FC-L2_ObjectBased_R8.pth,Full,12,8,60,131.23991,215,Background
SE-FC-L2_ObjectBased_R8.pth,Full,13,8,60,106.041245,215,Background
SE-FC-L2_ObjectBased_R8.pth,Full,14,8,60,110.64013,215,Background
SE-FC-L2_ObjectBased_R8.pth,Full,15,8,60,123.38072,215,Background
SE-FC-L2_ObjectBased_R8.pth,Full,16,8,60,113.36736,215,Background
SE-FC-L2_ObjectBased_R8.pth,Full,17,8,60,116.65814,215,Background
SE-FC-L2_ObjectBased_R8.pth,Full,18,8,60,110.91584,215,Background
SE-FC-L2_ObjectBased_R8.pth,Full,19,8,60,109.82857,215,Background
SE-FC-L2_ObjectBased_R8.pth,Full,20,8,60,107.414604,215,Background
SE-FC-L2_ObjectBased_R8.pth,Full,21,8,60,104.35304,215,Background
SE-FC-L2_ObjectBased_R8.pth,M,1,8,60,117.52353,163,Background
SE-FC-L2_ObjectBased_R8.pth,M,2,8,77,130.18832,0,Eyes
SE-FC-L2_ObjectBased_R8.pth,M,3,8,60,139.22824,0,Background
SE-FC-L2_ObjectBased_R8.pth,M,4,8,60,142.2034,0,Background
SE-FC-L2_ObjectBased_R8.pth,M,5,8,60,136.40744,0,Background
SE-FC-L2_ObjectBased_R8.pth,M,6,8,60,148.3381,0,Background
SE-FC-L2_ObjectBased_R8.pth,M,7,8,60,137.96611,0,Background
SE-FC-L2_ObjectBased_R8.pth,M,8,8,60,135.68013,0,Background
SE-FC-L2_ObjectBased_R8.pth,M,9,8,60,139.90385,0,Background
SE-FC-L2_ObjectBased_R8.pth,M,10,8,60,134.34988,163,Background
SE-FC-L2_ObjectBased_R8.pth,M,11,8,60,136.4144,0,Background
SE-FC-L2_ObjectBased_R8.pth,M,12,8,60,139.49902,0,Background
SE-FC-L2_ObjectBased_R8.pth,M,13,8,60,142.17242,0,Background
SE-FC-L2_ObjectBased_R8.pth,M,14,8,60,129.99197,0,Background
SE-FC-L2_ObjectBased_R8.pth,M,15,8,60,131.90912,0,Background
SE-FC-L2_ObjectBased_R8.pth,M,16,8,60,128.42761,0,Background
SE-FC-L2_ObjectBased_R8.pth,M,17,8,60,123.31848,0,Background
SE-FC-L2_ObjectBased_R8.pth,M,18,8,60,115.83649,0,Background
SE-FC-L2_ObjectBased_R8.pth,M,19,8,60,103.48624,0,Background
SE-FC-L2_ObjectBased_R8.pth,M,20,8,60,109.69159,0,Background
SE-FC-L2_ObjectBased_R8.pth,M,21,8,60,98.94837,163,Background
SE-FC-L2_ObjectBased_R8.pth,N,1,8,181,164.3603,0,Mouth
SE-FC-L2_ObjectBased_R8.pth,N,2,8,181,161.12668,0,Mouth
SE-FC-L2_ObjectBased_R8.pth,N,3,8,180,160.33406,0,Mouth
SE-FC-L2_ObjectBased_R8.pth,N,4,8,180,142.2858,0,Mouth
SE-FC-L2_ObjectBased_R8.pth,N,5,8,180,153.67926,0,Mouth
SE-FC-L2_ObjectBased_R8.pth,N,6,8,180,157.62862,0,Mouth
SE-FC-L2_ObjectBased_R8.pth,N,7,8,181,157.51665,0,Mouth
SE-FC-L2_ObjectBased_R8.pth,N,8,8,181,158.26877,0,Mouth
SE-FC-L2_ObjectBased_R8.pth,N,9,8,181,150.71356,0,Mouth
SE-FC-L2_ObjectBased_R8.pth,N,10,8,180,151.17734,0,Mouth
SE-FC-L2_ObjectBased_R8.pth,N,11,8,180,154.48862,0,Mouth
SE-FC-L2_ObjectBased_R8.pth,N,12,8,180,156.62064,215,Mouth
SE-FC-L2_ObjectBased_R8.pth,N,13,8,180,162.55106,0,Mouth
SE-FC-L2_ObjectBased_R8.pth,N,14,8,180,155.98936,0,Mouth
SE-FC-L2_ObjectBased_R8.pth,N,15,8,181,154.05777,0,Mouth
SE-FC-L2_ObjectBased_R8.pth,N,16,8,181,134.34288,0,Mouth
SE-FC-L2_ObjectBased_R8.pth,N,17,8,181,146.61465,0,Mouth
SE-FC-L2_ObjectBased_R8.pth,N,18,8,181,130.85887,0,Mouth
SE-FC-L2_ObjectBased_R8.pth,N,19,8,181,142.78111,0,Mouth
SE-FC-L2_ObjectBased_R8.pth,N,20,8,181,145.60477,0,Mouth
SE-FC-L2_ObjectBased_R8.pth,N,21,8,181,145.51538,0,Mouth
SE-FC-L3_FaceBased_R16.pth,E,1,16,218,70.77975,43,Background
SE-FC-L3_FaceBased_R16.pth,E,2,16,146,37.38932,0,Nose
SE-FC-L3_FaceBased_R16.pth,E,3,16,215,94.34766,42,Background
SE-FC-L3_FaceBased_R16.pth,E,4,16,215,82.44005,0,Background
SE-FC-L3_FaceBased_R16.pth,E,5,16,215,61.79579,0,Background
SE-FC-L3_FaceBased_R16.pth,E,6,16,215,51.831543,0,Background
SE-FC-L3_FaceBased_R16.pth,E,7,16,215,78.418,0,Background
SE-FC-L3_FaceBased_R16.pth,E,8,16,216,69.85246,42,Background
SE-FC-L3_FaceBased_R16.pth,E,9,16,215,57.427338,0,Background
SE-FC-L3_FaceBased_R16.pth,E,10,16,215,66.25211,26,Background
SE-FC-L3_FaceBased_R16.pth,E,11,16,216,62.20623,0,Background
SE-FC-L3_FaceBased_R16.pth,E,12,16,215,44.892693,0,Background
SE-FC-L3_FaceBased_R16.pth,E,13,16,215,42.901608,198,Background
SE-FC-L3_FaceBased_R16.pth,E,14,16,180,54.8078,198,Mouth
SE-FC-L3_FaceBased_R16.pth,E,15,16,180,100.31052,129,Mouth
SE-FC-L3_FaceBased_R16.pth,E,16,16,77,31.126726,181,Eyes
SE-FC-L3_FaceBased_R16.pth,E,17,16,0,0,0,Background
SE-FC-L3_FaceBased_R16.pth,E,18,16,0,0,0,Background
SE-FC-L3_FaceBased_R16.pth,E,19,16,0,0,0,Background
SE-FC-L3_FaceBased_R16.pth,E,20,16,0,0,0,Background
SE-FC-L3_FaceBased_R16.pth,E,21,16,0,17.234371,26,Background
SE-FC-L3_FaceBased_R16.pth,Full,1,16,77,46.87768,0,Eyes
SE-FC-L3_FaceBased_R16.pth,Full,2,16,77,20.622961,0,Eyes
SE-FC-L3_FaceBased_R16.pth,Full,3,16,146,17.661327,0,Nose
SE-FC-L3_FaceBased_R16.pth,Full,4,16,60,48.867744,0,Background
SE-FC-L3_FaceBased_R16.pth,Full,5,16,60,56.609047,0,Background
SE-FC-L3_FaceBased_R16.pth,Full,6,16,77,17.698399,0,Eyes
SE-FC-L3_FaceBased_R16.pth,Full,7,16,60,88.81343,0,Background
SE-FC-L3_FaceBased_R16.pth,Full,8,16,60,47.9841,0,Background
SE-FC-L3_FaceBased_R16.pth,Full,9,16,77,25.445232,0,Eyes
SE-FC-L3_FaceBased_R16.pth,Full,10,16,25,46.477936,95,Background
SE-FC-L3_FaceBased_R16.pth,Full,11,16,60,62.052437,112,Background
SE-FC-L3_FaceBased_R16.pth,Full,12,16,59,70.971146,111,Background
SE-FC-L3_FaceBased_R16.pth,Full,13,16,43,69.25896,129,Background
SE-FC-L3_FaceBased_R16.pth,Full,14,16,60,95.28087,112,Background
SE-FC-L3_FaceBased_R16.pth,Full,15,16,60,82.29555,215,Background
SE-FC-L3_FaceBased_R16.pth,Full,16,16,77,66.95203,112,Eyes
SE-FC-L3_FaceBased_R16.pth,Full,17,16,77,17.424381,0,Eyes
SE-FC-L3_FaceBased_R16.pth,Full,18,16,60,17.430681,0,Background
SE-FC-L3_FaceBased_R16.pth,Full,19,16,60,17.424377,0,Background
SE-FC-L3_FaceBased_R16.pth,Full,20,16,60,21.019783,0,Background
SE-FC-L3_FaceBased_R16.pth,Full,21,16,77,17.424377,0,Eyes
SE-FC-L3_FaceBased_R16.pth,M,1,16,94,80.98657,0,Eyes
SE-FC-L3_FaceBased_R16.pth,M,2,16,94,85.57587,0,Eyes
SE-FC-L3_FaceBased_R16.pth,M,3,16,94,83.68633,26,Eyes
SE-FC-L3_FaceBased_R16.pth,M,4,16,77,49.854656,0,Eyes
SE-FC-L3_FaceBased_R16.pth,M,5,16,95,79.07927,0,Eyes
SE-FC-L3_FaceBased_R16.pth,M,6,16,111,86.074036,181,Background
SE-FC-L3_FaceBased_R16.pth,M,7,16,112,74.28357,43,Background
SE-FC-L3_FaceBased_R16.pth,M,8,16,111,73.54135,181,Background
SE-FC-L3_FaceBased_R16.pth,M,9,16,43,70.35044,78,Background
SE-FC-L3_FaceBased_R16.pth,M,10,16,43,59.657883,0,Background
SE-FC-L3_FaceBased_R16.pth,M,11,16,43,57.771538,0,Background
SE-FC-L3_FaceBased_R16.pth,M,12,16,42,28.038734,0,Background
SE-FC-L3_FaceBased_R16.pth,M,13,16,0,0,0,Background
SE-FC-L3_FaceBased_R16.pth,M,14,16,60,91.410034,146,Background
SE-FC-L3_FaceBased_R16.pth,M,15,16,77,85.91278,0,Eyes
SE-FC-L3_FaceBased_R16.pth,M,16,16,77,94.378426,146,Eyes
SE-FC-L3_FaceBased_R16.pth,M,17,16,77,87.77226,112,Eyes
SE-FC-L3_FaceBased_R16.pth,M,18,16,77,92.0818,112,Eyes
SE-FC-L3_FaceBased_R16.pth,M,19,16,77,103.85841,146,Eyes
SE-FC-L3_FaceBased_R16.pth,M,20,16,77,94.83041,95,Eyes
SE-FC-L3_FaceBased_R16.pth,M,21,16,77,75.89865,95,Eyes
SE-FC-L3_FaceBased_R16.pth,N,1,16,0,0,0,Background
SE-FC-L3_FaceBased_R16.pth,N,2,16,0,17.501133,26,Background
SE-FC-L3_FaceBased_R16.pth,N,3,16,0,0,0,Background
SE-FC-L3_FaceBased_R16.pth,N,4,16,0,0,0,Background
SE-FC-L3_FaceBased_R16.pth,N,5,16,0,0,0,Background
SE-FC-L3_FaceBased_R16.pth,N,6,16,0,0,0,Background
SE-FC-L3_FaceBased_R16.pth,N,7,16,0,0,0,Background
SE-FC-L3_FaceBased_R16.pth,N,8,16,0,0,0,Background
SE-FC-L3_FaceBased_R16.pth,N,9,16,0,17.501135,26,Background
SE-FC-L3_FaceBased_R16.pth,N,10,16,0,0,0,Background
SE-FC-L3_FaceBased_R16.pth,N,11,16,0,0,0,Background
SE-FC-L3_FaceBased_R16.pth,N,12,16,0,0,0,Background
SE-FC-L3_FaceBased_R16.pth,N,13,16,0,0,0,Background
SE-FC-L3_FaceBased_R16.pth,N,14,16,0,0,0,Background
SE-FC-L3_FaceBased_R16.pth,N,15,16,0,0,0,Background
SE-FC-L3_FaceBased_R16.pth,N,16,16,0,0,0,Background
SE-FC-L3_FaceBased_R16.pth,N,17,16,0,0,0,Background
SE-FC-L3_FaceBased_R16.pth,N,18,16,0,0,0,Background
SE-FC-L3_FaceBased_R16.pth,N,19,16,0,0,0,Background
SE-FC-L3_FaceBased_R16.pth,N,20,16,60,17.501133,0,Background
SE-FC-L3_FaceBased_R16.pth,N,21,16,0,0,0,Background
SE-FC-L3_FaceBased_R2.pth,E,1,2,26,98.326324,128,Background
SE-FC-L3_FaceBased_R2.pth,E,2,2,197,93.722885,128,Mouth
SE-FC-L3_FaceBased_R2.pth,E,3,2,180,87.58183,112,Mouth
SE-FC-L3_FaceBased_R2.pth,E,4,2,164,87.956985,128,Background
SE-FC-L3_FaceBased_R2.pth,E,5,2,180,86.79623,128,Mouth
SE-FC-L3_FaceBased_R2.pth,E,6,2,163,82.31358,129,Background
SE-FC-L3_FaceBased_R2.pth,E,7,2,164,82.20755,94,Background
SE-FC-L3_FaceBased_R2.pth,E,8,2,164,73.697296,129,Background
SE-FC-L3_FaceBased_R2.pth,E,9,2,197,91.614365,129,Mouth
SE-FC-L3_FaceBased_R2.pth,E,10,2,197,109.17676,129,Mouth
SE-FC-L3_FaceBased_R2.pth,E,11,2,198,83.48686,128,Mouth
SE-FC-L3_FaceBased_R2.pth,E,12,2,198,109.02581,145,Mouth
SE-FC-L3_FaceBased_R2.pth,E,13,2,94,104.689896,180,Eyes
SE-FC-L3_FaceBased_R2.pth,E,14,2,94,23.566792,26,Eyes
SE-FC-L3_FaceBased_R2.pth,E,15,2,94,81.17981,43,Eyes
SE-FC-L3_FaceBased_R2.pth,E,16,2,25,102.64018,146,Background
SE-FC-L3_FaceBased_R2.pth,E,17,2,25,115.718414,111,Background
SE-FC-L3_FaceBased_R2.pth,E,18,2,163,83.12773,215,Background
SE-FC-L3_FaceBased_R2.pth,E,19,2,0,0,0,Background
SE-FC-L3_FaceBased_R2.pth,E,20,2,163,92.76817,215,Background
SE-FC-L3_FaceBased_R2.pth,E,21,2,164,115.53602,217,Background
SE-FC-L3_FaceBased_R2.pth,Full,1,2,146,84.684296,77,Nose
SE-FC-L3_FaceBased_R2.pth,Full,2,2,26,98.7234,94,Background
SE-FC-L3_FaceBased_R2.pth,Full,3,2,146,84.71594,94,Nose
SE-FC-L3_FaceBased_R2.pth,Full,4,2,146,75.25842,95,Nose
SE-FC-L3_FaceBased_R2.pth,Full,5,2,146,51.627525,94,Nose
SE-FC-L3_FaceBased_R2.pth,Full,6,2,95,80.31465,197,Eyes
SE-FC-L3_FaceBased_R2.pth,Full,7,2,26,75.71851,197,Background
SE-FC-L3_FaceBased_R2.pth,Full,8,2,111,58.821526,0,Background
SE-FC-L3_FaceBased_R2.pth,Full,9,2,111,87.8058,197,Background
SE-FC-L3_FaceBased_R2.pth,Full,10,2,111,92.724594,197,Background
SE-FC-L3_FaceBased_R2.pth,Full,11,2,95,104.262344,197,Eyes
SE-FC-L3_FaceBased_R2.pth,Full,12,2,111,94.43706,197,Background
SE-FC-L3_FaceBased_R2.pth,Full,13,2,111,96.36287,197,Background
SE-FC-L3_FaceBased_R2.pth,Full,14,2,111,102.5124,197,Background
SE-FC-L3_FaceBased_R2.pth,Full,15,2,111,91.77785,0,Background
SE-FC-L3_FaceBased_R2.pth,Full,16,2,95,76.406586,0,Eyes
SE-FC-L3_FaceBased_R2.pth,Full,17,2,112,83.75031,0,Background
SE-FC-L3_FaceBased_R2.pth,Full,18,2,128,78.64081,0,Nose
SE-FC-L3_FaceBased_R2.pth,Full,19,2,180,23.421085,0,Mouth
SE-FC-L3_FaceBased_R2.pth,Full,20,2,180,56.47101,215,Mouth
SE-FC-L3_FaceBased_R2.pth,Full,21,2,146,48.12903,60,Nose
SE-FC-L3_FaceBased_R2.pth,M,1,2,59,32.482803,112,Background
SE-FC-L3_FaceBased_R2.pth,M,2,2,59,52.774437,129,Background
SE-FC-L3_FaceBased_R2.pth,M,3,2,43,47.950558,77,Background
SE-FC-L3_FaceBased_R2.pth,M,4,2,42,87.40779,128,Background
SE-FC-L3_FaceBased_R2.pth,M,5,2,59,78.57387,129,Background
SE-FC-L3_FaceBased_R2.pth,M,6,2,60,95.67412,215,Background
SE-FC-L3_FaceBased_R2.pth,M,7,2,60,81.597275,215,Background
SE-FC-L3_FaceBased_R2.pth,M,8,2,26,105.303894,129,Background
SE-FC-L3_FaceBased_R2.pth,M,9,2,25,115.6015,215,Background
SE-FC-L3_FaceBased_R2.pth,M,10,2,26,131.89075,215,Background
SE-FC-L3_FaceBased_R2.pth,M,11,2,94,55.00863,112,Eyes
SE-FC-L3_FaceBased_R2.pth,M,12,2,94,73.71819,215,Eyes
SE-FC-L3_FaceBased_R2.pth,M,13,2,94,72.131226,215,Eyes
SE-FC-L3_FaceBased_R2.pth,M,14,2,94,82.76103,215,Eyes
SE-FC-L3_FaceBased_R2.pth,M,15,2,94,95.541,146,Eyes
SE-FC-L3_FaceBased_R2.pth,M,16,2,94,89.70999,146,Eyes
SE-FC-L3_FaceBased_R2.pth,M,17,2,94,85.89168,146,Eyes
SE-FC-L3_FaceBased_R2.pth,M,18,2,94,86.72867,146,Eyes
SE-FC-L3_FaceBased_R2.pth,M,19,2,0,59.83196,215,Background
SE-FC-L3_FaceBased_R2.pth,M,20,2,0,81.1766,43,Background
SE-FC-L3_FaceBased_R2.pth,M,21,2,25,115.73439,215,Background
SE-FC-L3_FaceBased_R2.pth,N,1,2,77,82.87303,129,Eyes
SE-FC-L3_FaceBased_R2.pth,N,2,2,77,78.55118,129,Eyes
SE-FC-L3_FaceBased_R2.pth,N,3,2,94,84.7318,26,Eyes
SE-FC-L3_FaceBased_R2.pth,N,4,2,77,92.08319,146,Eyes
SE-FC-L3_FaceBased_R2.pth,N,5,2,77,73.096756,129,Eyes
SE-FC-L3_FaceBased_R2.pth,N,6,2,77,62.621086,0,Eyes
SE-FC-L3_FaceBased_R2.pth,N,7,2,77,70.13551,26,Eyes
SE-FC-L3_FaceBased_R2.pth,N,8,2,77,92.91704,129,Eyes
SE-FC-L3_FaceBased_R2.pth,N,9,2,77,72.15272,0,Eyes
SE-FC-L3_FaceBased_R2.pth,N,10,2,77,85.12261,0,Eyes
SE-FC-L3_FaceBased_R2.pth,N,11,2,77,86.10985,0,Eyes
SE-FC-L3_FaceBased_R2.pth,N,12,2,94,74.25632,0,Eyes
SE-FC-L3_FaceBased_R2.pth,N,13,2,94,84.75589,0,Eyes
SE-FC-L3_FaceBased_R2.pth,N,14,2,77,71.478226,0,Eyes
SE-FC-L3_FaceBased_R2.pth,N,15,2,77,84.280136,215,Eyes
SE-FC-L3_FaceBased_R2.pth,N,16,2,77,69.610794,0,Eyes
SE-FC-L3_FaceBased_R2.pth,N,17,2,77,75.056046,215,Eyes
SE-FC-L3_FaceBased_R2.pth,N,18,2,77,82.00401,216,Eyes
SE-FC-L3_FaceBased_R2.pth,N,19,2,77,81.79406,215,Eyes
SE-FC-L3_FaceBased_R2.pth,N,20,2,77,76.83478,215,Eyes
SE-FC-L3_FaceBased_R2.pth,N,21,2,94,76.291115,215,Eyes
SE-FC-L3_FaceBased_R32.pth,E,1,32,181,108.48604,215,Mouth
SE-FC-L3_FaceBased_R32.pth,E,2,32,197,104.546394,215,Mouth
SE-FC-L3_FaceBased_R32.pth,E,3,32,198,120.87982,215,Mouth
SE-FC-L3_FaceBased_R32.pth,E,4,32,198,96.44668,26,Mouth
SE-FC-L3_FaceBased_R32.pth,E,5,32,198,105.756256,215,Mouth
SE-FC-L3_FaceBased_R32.pth,E,6,32,163,17.424377,0,Background
SE-FC-L3_FaceBased_R32.pth,E,7,32,163,17.424377,0,Background
SE-FC-L3_FaceBased_R32.pth,E,8,32,128,27.398926,26,Nose
SE-FC-L3_FaceBased_R32.pth,E,9,32,129,47.37783,0,Nose
SE-FC-L3_FaceBased_R32.pth,E,10,32,60,23.023647,0,Background
SE-FC-L3_FaceBased_R32.pth,E,11,32,60,17.277397,0,Background
SE-FC-L3_FaceBased_R32.pth,E,12,32,60,17.30898,0,Background
SE-FC-L3_FaceBased_R32.pth,E,13,32,94,25.639795,146,Eyes
SE-FC-L3_FaceBased_R32.pth,E,14,32,0,119.42704,215,Background
SE-FC-L3_FaceBased_R32.pth,E,15,32,180,107.3893,215,Mouth
SE-FC-L3_FaceBased_R32.pth,E,16,32,181,132.86653,215,Mouth
SE-FC-L3_FaceBased_R32.pth,E,17,32,180,117.912155,215,Mouth
SE-FC-L3_FaceBased_R32.pth,E,18,32,146,118.97186,215,Nose
SE-FC-L3_FaceBased_R32.pth,E,19,32,180,101.83345,215,Mouth
SE-FC-L3_FaceBased_R32.pth,E,20,32,180,102.0657,95,Mouth
SE-FC-L3_FaceBased_R32.pth,E,21,32,180,95.45573,215,Mouth
SE-FC-L3_FaceBased_R32.pth,Full,1,32,0,73.59455,215,Background
SE-FC-L3_FaceBased_R32.pth,Full,2,32,112,22.855198,43,Background
SE-FC-L3_FaceBased_R32.pth,Full,3,32,0,39.49586,198,Background
SE-FC-L3_FaceBased_R32.pth,Full,4,32,0,0,0,Background
SE-FC-L3_FaceBased_R32.pth,Full,5,32,0,0,0,Background
SE-FC-L3_FaceBased_R32.pth,Full,6,32,111,71.99144,198,Background
SE-FC-L3_FaceBased_R32.pth,Full,7,32,129,34.765366,43,Nose
SE-FC-L3_FaceBased_R32.pth,Full,8,32,94,86.7845,26,Eyes
SE-FC-L3_FaceBased_R32.pth,Full,9,32,163,17.277397,26,Background
SE-FC-L3_FaceBased_R32.pth,Full,10,32,94,80.63147,26,Eyes
SE-FC-L3_FaceBased_R32.pth,Full,11,32,94,59.857986,0,Eyes
SE-FC-L3_FaceBased_R32.pth,Full,12,32,94,58.734837,26,Eyes
SE-FC-L3_FaceBased_R32.pth,Full,13,32,94,90.888245,26,Eyes
SE-FC-L3_FaceBased_R32.pth,Full,14,32,163,64.95879,26,Background
SE-FC-L3_FaceBased_R32.pth,Full,15,32,0,0,0,Background
SE-FC-L3_FaceBased_R32.pth,Full,16,32,0,0,0,Background
SE-FC-L3_FaceBased_R32.pth,Full,17,32,25,120.17744,164,Background
SE-FC-L3_FaceBased_R32.pth,Full,18,32,112,97.59605,215,Background
SE-FC-L3_FaceBased_R32.pth,Full,19,32,112,60.919765,43,Background
SE-FC-L3_FaceBased_R32.pth,Full,20,32,112,59.426743,43,Background
SE-FC-L3_FaceBased_R32.pth,Full,21,32,112,46.042416,198,Background
SE-FC-L3_FaceBased_R32.pth,M,1,32,0,38.262543,215,Background
SE-FC-L3_FaceBased_R32.pth,M,2,32,0,62.21711,215,Background
SE-FC-L3_FaceBased_R32.pth,M,3,32,0,0,0,Background
SE-FC-L3_FaceBased_R32.pth,M,4,32,0,0,0,Background
SE-FC-L3_FaceBased_R32.pth,M,5,32,0,0,0,Background
SE-FC-L3_FaceBased_R32.pth,M,6,32,0,0,0,Background
SE-FC-L3_FaceBased_R32.pth,M,7,32,0,0,0,Background
SE-FC-L3_FaceBased_R32.pth,M,8,32,0,0,0,Background
SE-FC-L3_FaceBased_R32.pth,M,9,32,129,17.277397,0,Nose
SE-FC-L3_FaceBased_R32.pth,M,10,32,129,17.277395,0,Nose
SE-FC-L3_FaceBased_R32.pth,M,11,32,0,0,0,Background
SE-FC-L3_FaceBased_R32.pth,M,12,32,0,0,0,Background
SE-FC-L3_FaceBased_R32.pth,M,13,32,0,0,0,Background
SE-FC-L3_FaceBased_R32.pth,M,14,32,0,0,0,Background
SE-FC-L3_FaceBased_R32.pth,M,15,32,112,17.661339,0,Background
SE-FC-L3_FaceBased_R32.pth,M,16,32,129,17.277397,0,Nose
SE-FC-L3_FaceBased_R32.pth,M,17,32,0,0,0,Background
SE-FC-L3_FaceBased_R32.pth,M,18,32,112,17.661339,0,Background
SE-FC-L3_FaceBased_R32.pth,M,19,32,112,17.66134,0,Background
SE-FC-L3_FaceBased_R32.pth,M,20,32,112,18.353016,0,Background
SE-FC-L3_FaceBased_R32.pth,M,21,32,112,17.424381,0,Background
SE-FC-L3_FaceBased_R32.pth,N,1,32,146,119.276184,94,Nose
SE-FC-L3_FaceBased_R32.pth,N,2,32,129,117.99382,43,Nose
SE-FC-L3_FaceBased_R32.pth,N,3,32,129,112.92496,43,Nose
SE-FC-L3_FaceBased_R32.pth,N,4,32,146,121.59892,43,Nose
SE-FC-L3_FaceBased_R32.pth,N,5,32,146,107.73632,164,Nose
SE-FC-L3_FaceBased_R32.pth,N,6,32,25,116.60098,163,Background
SE-FC-L3_FaceBased_R32.pth,N,7,32,25,155.29608,163,Background
SE-FC-L3_FaceBased_R32.pth,N,8,32,25,150.7455,163,Background
SE-FC-L3_FaceBased_R32.pth,N,9,32,25,168.26755,163,Background
SE-FC-L3_FaceBased_R32.pth,N,10,32,26,175.7913,163,Background
SE-FC-L3_FaceBased_R32.pth,N,11,32,25,170.30951,163,Background
SE-FC-L3_FaceBased_R32.pth,N,12,32,25,146.42511,163,Background
SE-FC-L3_FaceBased_R32.pth,N,13,32,215,177.37463,163,Background
SE-FC-L3_FaceBased_R32.pth,N,14,32,215,179.79922,163,Background
SE-FC-L3_FaceBased_R32.pth,N,15,32,215,186.3294,112,Background
SE-FC-L3_FaceBased_R32.pth,N,16,32,0,106.907326,94,Background
SE-FC-L3_FaceBased_R32.pth,N,17,32,0,95.53911,95,Background
SE-FC-L3_FaceBased_R32.pth,N,18,32,0,93.56842,215,Background
SE-FC-L3_FaceBased_R32.pth,N,19,32,25,145.39049,111,Background
SE-FC-L3_FaceBased_R32.pth,N,20,32,215,101.29906,94,Background
SE-FC-L3_FaceBased_R32.pth,N,21,32,25,113.43474,111,Background
SE-FC-L3_FaceBased_R4.pth,E,1,4,198,145.3524,215,Mouth
SE-FC-L3_FaceBased_R4.pth,E,2,4,198,125.44007,215,Mouth
SE-FC-L3_FaceBased_R4.pth,E,3,4,197,116.34763,215,Mouth
SE-FC-L3_FaceBased_R4.pth,E,4,4,198,153.63728,215,Mouth
SE-FC-L3_FaceBased_R4.pth,E,5,4,198,162.68729,215,Mouth
SE-FC-L3_FaceBased_R4.pth,E,6,4,198,168.81833,215,Mouth
SE-FC-L3_FaceBased_R4.pth,E,7,4,198,160.06589,146,Mouth
SE-FC-L3_FaceBased_R4.pth,E,8,4,42,122.73114,215,Background
SE-FC-L3_FaceBased_R4.pth,E,9,4,198,146.20027,215,Mouth
SE-FC-L3_FaceBased_R4.pth,E,10,4,26,140.42024,215,Background
SE-FC-L3_FaceBased_R4.pth,E,11,4,42,128.975,146,Background
SE-FC-L3_FaceBased_R4.pth,E,12,4,42,129.13452,215,Background
SE-FC-L3_FaceBased_R4.pth,E,13,4,197,99.50203,215,Mouth
SE-FC-L3_FaceBased_R4.pth,E,14,4,43,113.8168,215,Background
SE-FC-L3_FaceBased_R4.pth,E,15,4,197,75.70412,215,Mouth
SE-FC-L3_FaceBased_R4.pth,E,16,4,197,118.81439,215,Mouth
SE-FC-L3_FaceBased_R4.pth,E,17,4,197,133.34512,215,Mouth
SE-FC-L3_FaceBased_R4.pth,E,18,4,198,111.93176,129,Mouth
SE-FC-L3_FaceBased_R4.pth,E,19,4,43,75.521454,0,Background
SE-FC-L3_FaceBased_R4.pth,E,20,4,198,98.73767,94,Mouth
SE-FC-L3_FaceBased_R4.pth,E,21,4,197,122.45688,94,Mouth
SE-FC-L3_FaceBased_R4.pth,Full,1,4,111,79.29542,215,Background
SE-FC-L3_FaceBased_R4.pth,Full,2,4,111,83.59721,215,Background
SE-FC-L3_FaceBased_R4.pth,Full,3,4,111,85.19132,215,Background
SE-FC-L3_FaceBased_R4.pth,Full,4,4,0,22.70866,26,Background
SE-FC-L3_FaceBased_R4.pth,Full,5,4,0,32.552715,26,Background
SE-FC-L3_FaceBased_R4.pth,Full,6,4,0,82.17892,112,Background
SE-FC-L3_FaceBased_R4.pth,Full,7,4,0,99.35528,112,Background
SE-FC-L3_FaceBased_R4.pth,Full,8,4,25,121.04254,112,Background
SE-FC-L3_FaceBased_R4.pth,Full,9,4,25,63.032066,111,Background
SE-FC-L3_FaceBased_R4.pth,Full,10,4,25,44.754555,112,Background
SE-FC-L3_FaceBased_R4.pth,Full,11,4,25,29.338978,111,Background
SE-FC-L3_FaceBased_R4.pth,Full,12,4,78,71.69592,181,Eyes
SE-FC-L3_FaceBased_R4.pth,Full,13,4,94,43.413246,0,Eyes
SE-FC-L3_FaceBased_R4.pth,Full,14,4,95,56.689297,26,Eyes
SE-FC-L3_FaceBased_R4.pth,Full,15,4,77,68.75126,219,Eyes
SE-FC-L3_FaceBased_R4.pth,Full,16,4,112,28.79261,0,Background
SE-FC-L3_FaceBased_R4.pth,Full,17,4,112,27.66421,0,Background
SE-FC-L3_FaceBased_R4.pth,Full,18,4,163,29.676533,0,Background
SE-FC-L3_FaceBased_R4.pth,Full,19,4,163,44.193626,0,Background
SE-FC-L3_FaceBased_R4.pth,Full,20,4,180,97.561325,111,Mouth
SE-FC-L3_FaceBased_R4.pth,Full,21,4,163,88.211586,111,Background
SE-FC-L3_FaceBased_R4.pth,M,1,4,181,103.35741,111,Mouth
SE-FC-L3_FaceBased_R4.pth,M,2,4,197,146.58719,111,Mouth
SE-FC-L3_FaceBased_R4.pth,M,3,4,197,151.70895,111,Mouth
SE-FC-L3_FaceBased_R4.pth,M,4,4,197,123.80918,111,Mouth
SE-FC-L3_FaceBased_R4.pth,M,5,4,60,39.219223,95,Background
SE-FC-L3_FaceBased_R4.pth,M,6,4,129,59.43473,215,Nose
SE-FC-L3_FaceBased_R4.pth,M,7,4,60,42.730034,95,Background
SE-FC-L3_FaceBased_R4.pth,M,8,4,0,0,0,Background
SE-FC-L3_FaceBased_R4.pth,M,9,4,60,54.37155,95,Background
SE-FC-L3_FaceBased_R4.pth,M,10,4,0,30.004728,78,Background
SE-FC-L3_FaceBased_R4.pth,M,11,4,112,17.277395,0,Background
SE-FC-L3_FaceBased_R4.pth,M,12,4,0,0,0,Background
SE-FC-L3_FaceBased_R4.pth,M,13,4,163,17.501135,0,Background
SE-FC-L3_FaceBased_R4.pth,M,14,4,163,58.415916,26,Background
SE-FC-L3_FaceBased_R4.pth,M,15,4,197,127.52016,111,Mouth
SE-FC-L3_FaceBased_R4.pth,M,16,4,146,68.1505,95,Nose
SE-FC-L3_FaceBased_R4.pth,M,17,4,181,116.523865,111,Mouth
SE-FC-L3_FaceBased_R4.pth,M,18,4,181,135.99461,111,Mouth
SE-FC-L3_FaceBased_R4.pth,M,19,4,26,120.639275,94,Background
SE-FC-L3_FaceBased_R4.pth,M,20,4,42,94.09824,111,Background
SE-FC-L3_FaceBased_R4.pth,M,21,4,42,89.07945,111,Background
SE-FC-L3_FaceBased_R4.pth,N,1,4,26,132.28723,215,Background
SE-FC-L3_FaceBased_R4.pth,N,2,4,26,190.1624,94,Background
SE-FC-L3_FaceBased_R4.pth,N,3,4,198,188.46729,95,Mouth
SE-FC-L3_FaceBased_R4.pth,N,4,4,198,179.87352,94,Mouth
SE-FC-L3_FaceBased_R4.pth,N,5,4,198,192.88031,94,Mouth
SE-FC-L3_FaceBased_R4.pth,N,6,4,198,184.65637,77,Mouth
SE-FC-L3_FaceBased_R4.pth,N,7,4,198,174.84203,78,Mouth
SE-FC-L3_FaceBased_R4.pth,N,8,4,198,176.25586,94,Mouth
SE-FC-L3_FaceBased_R4.pth,N,9,4,198,167.42168,94,Mouth
SE-FC-L3_FaceBased_R4.pth,N,10,4,198,168.7631,94,Mouth
SE-FC-L3_FaceBased_R4.pth,N,11,4,198,173.45523,94,Mouth
SE-FC-L3_FaceBased_R4.pth,N,12,4,111,90.29313,215,Background
SE-FC-L3_FaceBased_R4.pth,N,13,4,112,113.01872,215,Background
SE-FC-L3_FaceBased_R4.pth,N,14,4,111,108.03694,215,Background
SE-FC-L3_FaceBased_R4.pth,N,15,4,111,120.12002,163,Background
SE-FC-L3_FaceBased_R4.pth,N,16,4,112,124.68144,163,Background
SE-FC-L3_FaceBased_R4.pth,N,17,4,198,184.72523,94,Mouth
SE-FC-L3_FaceBased_R4.pth,N,18,4,198,180.94789,95,Mouth
SE-FC-L3_FaceBased_R4.pth,N,19,4,25,172.91408,95,Background
SE-FC-L3_FaceBased_R4.pth,N,20,4,198,161.5647,111,Mouth
SE-FC-L3_FaceBased_R4.pth,N,21,4,25,170.78015,146,Background
SE-FC-L3_FaceBased_R8.pth,E,1,8,129,29.951,0,Nose
SE-FC-L3_FaceBased_R8.pth,E,2,8,129,35.652767,0,Nose
SE-FC-L3_FaceBased_R8.pth,E,3,8,129,33.192715,0,Nose
SE-FC-L3_FaceBased_R8.pth,E,4,8,129,38.3836,0,Nose
SE-FC-L3_FaceBased_R8.pth,E,5,8,129,26.98315,0,Nose
SE-FC-L3_FaceBased_R8.pth,E,6,8,128,22.723934,0,Nose
SE-FC-L3_FaceBased_R8.pth,E,7,8,129,36.54895,0,Nose
SE-FC-L3_FaceBased_R8.pth,E,8,8,0,0,0,Background
SE-FC-L3_FaceBased_R8.pth,E,9,8,112,26.043333,0,Background
SE-FC-L3_FaceBased_R8.pth,E,10,8,128,26.375578,0,Nose
SE-FC-L3_FaceBased_R8.pth,E,11,8,180,48.229362,0,Mouth
SE-FC-L3_FaceBased_R8.pth,E,12,8,129,24.172588,0,Nose
SE-FC-L3_FaceBased_R8.pth,E,13,8,129,27.196758,0,Nose
SE-FC-L3_FaceBased_R8.pth,E,14,8,0,0,0,Background
SE-FC-L3_FaceBased_R8.pth,E,15,8,0,0,0,Background
SE-FC-L3_FaceBased_R8.pth,E,16,8,0,0,0,Background
SE-FC-L3_FaceBased_R8.pth,E,17,8,112,27.767075,0,Background
SE-FC-L3_FaceBased_R8.pth,E,18,8,164,74.369484,26,Background
SE-FC-L3_FaceBased_R8.pth,E,19,8,112,31.349022,0,Background
SE-FC-L3_FaceBased_R8.pth,E,20,8,111,38.004337,215,Background
SE-FC-L3_FaceBased_R8.pth,E,21,8,0,0,0,Background
SE-FC-L3_FaceBased_R8.pth,Full,1,8,129,19.400116,0,Nose
SE-FC-L3_FaceBased_R8.pth,Full,2,8,77,17.424377,0,Eyes
SE-FC-L3_FaceBased_R8.pth,Full,3,8,77,18.856754,0,Eyes
SE-FC-L3_FaceBased_R8.pth,Full,4,8,77,32.342026,0,Eyes
SE-FC-L3_FaceBased_R8.pth,Full,5,8,129,20.922504,0,Nose
SE-FC-L3_FaceBased_R8.pth,Full,6,8,129,17.42438,0,Nose
SE-FC-L3_FaceBased_R8.pth,Full,7,8,77,17.424377,0,Eyes
SE-FC-L3_FaceBased_R8.pth,Full,8,8,146,17.661327,0,Nose
SE-FC-L3_FaceBased_R8.pth,Full,9,8,0,0,0,Background
SE-FC-L3_FaceBased_R8.pth,Full,10,8,0,0,0,Background
SE-FC-L3_FaceBased_R8.pth,Full,11,8,0,0,0,Background
SE-FC-L3_FaceBased_R8.pth,Full,12,8,0,0,0,Background
SE-FC-L3_FaceBased_R8.pth,Full,13,8,0,0,0,Background
SE-FC-L3_FaceBased_R8.pth,Full,14,8,0,0,0,Background
SE-FC-L3_FaceBased_R8.pth,Full,15,8,0,0,0,Background
SE-FC-L3_FaceBased_R8.pth,Full,16,8,77,20.288425,0,Eyes
SE-FC-L3_FaceBased_R8.pth,Full,17,8,77,57.45995,0,Eyes
SE-FC-L3_FaceBased_R8.pth,Full,18,8,77,89.20181,0,Eyes
SE-FC-L3_FaceBased_R8.pth,Full,19,8,77,103.42834,0,Eyes
SE-FC-L3_FaceBased_R8.pth,Full,20,8,77,17.277405,0,Eyes
SE-FC-L3_FaceBased_R8.pth,Full,21,8,129,44.257656,0,Nose
SE-FC-L3_FaceBased_R8.pth,M,1,8,77,86.771614,181,Eyes
SE-FC-L3_FaceBased_R8.pth,M,2,8,77,93.10924,215,Eyes
SE-FC-L3_FaceBased_R8.pth,M,3,8,77,86.253494,215,Eyes
SE-FC-L3_FaceBased_R8.pth,M,4,8,77,92.658936,215,Eyes
SE-FC-L3_FaceBased_R8.pth,M,5,8,77,102.425385,215,Eyes
SE-FC-L3_FaceBased_R8.pth,M,6,8,94,98.35438,215,Eyes
SE-FC-L3_FaceBased_R8.pth,M,7,8,77,93.4117,0,Eyes
SE-FC-L3_FaceBased_R8.pth,M,8,8,94,100.986046,26,Eyes
SE-FC-L3_FaceBased_R8.pth,M,9,8,94,97.05321,26,Eyes
SE-FC-L3_FaceBased_R8.pth,M,10,8,94,91.4153,0,Eyes
SE-FC-L3_FaceBased_R8.pth,M,11,8,94,54.159935,0,Eyes
SE-FC-L3_FaceBased_R8.pth,M,12,8,94,96.106705,0,Eyes
SE-FC-L3_FaceBased_R8.pth,M,13,8,94,106.43164,26,Eyes
SE-FC-L3_FaceBased_R8.pth,M,14,8,94,64.8969,26,Eyes
SE-FC-L3_FaceBased_R8.pth,M,15,8,94,114.21062,0,Eyes
SE-FC-L3_FaceBased_R8.pth,M,16,8,94,105.013214,26,Eyes
SE-FC-L3_FaceBased_R8.pth,M,17,8,94,106.67409,26,Eyes
SE-FC-L3_FaceBased_R8.pth,M,18,8,94,43.28953,0,Eyes
SE-FC-L3_FaceBased_R8.pth,M,19,8,94,76.76243,0,Eyes
SE-FC-L3_FaceBased_R8.pth,M,20,8,94,46.78586,0,Eyes
SE-FC-L3_FaceBased_R8.pth,M,21,8,94,17.424381,0,Eyes
SE-FC-L3_FaceBased_R8.pth,N,1,8,198,125.02902,94,Mouth
SE-FC-L3_FaceBased_R8.pth,N,2,8,215,129.93452,163,Background
SE-FC-L3_FaceBased_R8.pth,N,3,8,198,139.25725,78,Mouth
SE-FC-L3_FaceBased_R8.pth,N,4,8,215,127.012054,94,Background
SE-FC-L3_FaceBased_R8.pth,N,5,8,198,142.07318,94,Mouth
SE-FC-L3_FaceBased_R8.pth,N,6,8,198,122.38019,94,Mouth
SE-FC-L3_FaceBased_R8.pth,N,7,8,198,127.60989,94,Mouth
SE-FC-L3_FaceBased_R8.pth,N,8,8,198,129.92484,94,Mouth
SE-FC-L3_FaceBased_R8.pth,N,9,8,198,108.90107,94,Mouth
SE-FC-L3_FaceBased_R8.pth,N,10,8,198,91.42496,77,Mouth
SE-FC-L3_FaceBased_R8.pth,N,11,8,220,92.04376,94,Background
SE-FC-L3_FaceBased_R8.pth,N,12,8,218,81.53438,0,Background
SE-FC-L3_FaceBased_R8.pth,N,13,8,215,121.24573,180,Background
SE-FC-L3_FaceBased_R8.pth,N,14,8,215,115.368256,94,Background
SE-FC-L3_FaceBased_R8.pth,N,15,8,215,134.84897,95,Background
SE-FC-L3_FaceBased_R8.pth,N,16,8,215,117.5858,77,Background
SE-FC-L3_FaceBased_R8.pth,N,17,8,215,113.84288,60,Background
SE-FC-L3_FaceBased_R8.pth,N,18,8,215,133.67456,78,Background
SE-FC-L3_FaceBased_R8.pth,N,19,8,198,63.98114,26,Mouth
SE-FC-L3_FaceBased_R8.pth,N,20,8,146,35.074036,0,Nose
SE-FC-L3_FaceBased_R8.pth,N,21,8,198,98.48818,77,Mouth
SE-FC-L3_ObjectBased_R16.pth,E,1,16,215,121.665474,77,Background
SE-FC-L3_ObjectBased_R16.pth,E,2,16,163,67.04913,60,Background
SE-FC-L3_ObjectBased_R16.pth,E,3,16,215,103.57635,60,Background
SE-FC-L3_ObjectBased_R16.pth,E,4,16,163,60.312977,0,Background
SE-FC-L3_ObjectBased_R16.pth,E,5,16,163,72.681755,0,Background
SE-FC-L3_ObjectBased_R16.pth,E,6,16,146,56.189636,0,Nose
SE-FC-L3_ObjectBased_R16.pth,E,7,16,146,79.26048,0,Nose
SE-FC-L3_ObjectBased_R16.pth,E,8,16,215,94.42532,0,Background
SE-FC-L3_ObjectBased_R16.pth,E,9,16,146,69.55423,0,Nose
SE-FC-L3_ObjectBased_R16.pth,E,10,16,94,119.01619,180,Eyes
SE-FC-L3_ObjectBased_R16.pth,E,11,16,0,114.65221,197,Background
SE-FC-L3_ObjectBased_R16.pth,E,12,16,215,86.53752,197,Background
SE-FC-L3_ObjectBased_R16.pth,E,13,16,0,115.404205,197,Background
SE-FC-L3_ObjectBased_R16.pth,E,14,16,111,104.833725,197,Background
SE-FC-L3_ObjectBased_R16.pth,E,15,16,163,65.45025,0,Background
SE-FC-L3_ObjectBased_R16.pth,E,16,16,146,59.503326,0,Nose
SE-FC-L3_ObjectBased_R16.pth,E,17,16,0,75.555084,197,Background
SE-FC-L3_ObjectBased_R16.pth,E,18,16,146,61.986244,0,Nose
SE-FC-L3_ObjectBased_R16.pth,E,19,16,163,69.50925,43,Background
SE-FC-L3_ObjectBased_R16.pth,E,20,16,163,68.28395,0,Background
SE-FC-L3_ObjectBased_R16.pth,E,21,16,163,64.05115,95,Background
SE-FC-L3_ObjectBased_R16.pth,Full,1,16,0,155.6034,145,Background
SE-FC-L3_ObjectBased_R16.pth,Full,2,16,0,100.46157,197,Background
SE-FC-L3_ObjectBased_R16.pth,Full,3,16,0,75.911835,146,Background
SE-FC-L3_ObjectBased_R16.pth,Full,4,16,0,79.156006,146,Background
SE-FC-L3_ObjectBased_R16.pth,Full,5,16,0,93.992744,146,Background
SE-FC-L3_ObjectBased_R16.pth,Full,6,16,0,173.75963,146,Background
SE-FC-L3_ObjectBased_R16.pth,Full,7,16,0,83.3721,112,Background
SE-FC-L3_ObjectBased_R16.pth,Full,8,16,0,85.60101,43,Background
SE-FC-L3_ObjectBased_R16.pth,Full,9,16,0,113.57032,198,Background
SE-FC-L3_ObjectBased_R16.pth,Full,10,16,0,168.28627,112,Background
SE-FC-L3_ObjectBased_R16.pth,Full,11,16,0,105.43033,43,Background
SE-FC-L3_ObjectBased_R16.pth,Full,12,16,163,55.72908,42,Background
SE-FC-L3_ObjectBased_R16.pth,Full,13,16,0,93.02794,77,Background
SE-FC-L3_ObjectBased_R16.pth,Full,14,16,0,82.00218,42,Background
SE-FC-L3_ObjectBased_R16.pth,Full,15,16,163,62.461628,42,Background
SE-FC-L3_ObjectBased_R16.pth,Full,16,16,0,103.747955,59,Background
SE-FC-L3_ObjectBased_R16.pth,Full,17,16,163,59.454727,42,Background
SE-FC-L3_ObjectBased_R16.pth,Full,18,16,163,63.31333,26,Background
SE-FC-L3_ObjectBased_R16.pth,Full,19,16,163,67.09093,42,Background
SE-FC-L3_ObjectBased_R16.pth,Full,20,16,215,54.010326,26,Background
SE-FC-L3_ObjectBased_R16.pth,Full,21,16,0,86.200806,60,Background
SE-FC-L3_ObjectBased_R16.pth,M,1,16,163,115.34427,60,Background
SE-FC-L3_ObjectBased_R16.pth,M,2,16,163,88.486984,59,Background
SE-FC-L3_ObjectBased_R16.pth,M,3,16,215,121.267166,59,Background
SE-FC-L3_ObjectBased_R16.pth,M,4,16,215,136.85774,43,Background
SE-FC-L3_ObjectBased_R16.pth,M,5,16,215,136.1353,60,Background
SE-FC-L3_ObjectBased_R16.pth,M,6,16,215,141.47131,77,Background
SE-FC-L3_ObjectBased_R16.pth,M,7,16,215,152.55682,43,Background
SE-FC-L3_ObjectBased_R16.pth,M,8,16,215,133.98494,43,Background
SE-FC-L3_ObjectBased_R16.pth,M,9,16,0,146.39209,42,Background
SE-FC-L3_ObjectBased_R16.pth,M,10,16,215,139.50165,26,Background
SE-FC-L3_ObjectBased_R16.pth,M,11,16,0,166.72025,129,Background
SE-FC-L3_ObjectBased_R16.pth,M,12,16,0,146.45032,197,Background
SE-FC-L3_ObjectBased_R16.pth,M,13,16,0,150.71442,129,Background
SE-FC-L3_ObjectBased_R16.pth,M,14,16,0,146.09668,42,Background
SE-FC-L3_ObjectBased_R16.pth,M,15,16,215,141.17725,26,Background
SE-FC-L3_ObjectBased_R16.pth,M,16,16,215,96.9946,42,Background
SE-FC-L3_ObjectBased_R16.pth,M,17,16,215,116.42113,26,Background
SE-FC-L3_ObjectBased_R16.pth,M,18,16,0,132.50504,42,Background
SE-FC-L3_ObjectBased_R16.pth,M,19,16,0,145.72652,43,Background
SE-FC-L3_ObjectBased_R16.pth,M,20,16,0,136.62726,43,Background
SE-FC-L3_ObjectBased_R16.pth,M,21,16,215,125.624054,43,Background
SE-FC-L3_ObjectBased_R16.pth,N,1,16,0,149.27353,146,Background
SE-FC-L3_ObjectBased_R16.pth,N,2,16,0,153.76086,146,Background
SE-FC-L3_ObjectBased_R16.pth,N,3,16,0,135.62524,146,Background
SE-FC-L3_ObjectBased_R16.pth,N,4,16,0,143.07043,146,Background
SE-FC-L3_ObjectBased_R16.pth,N,5,16,0,144.67952,146,Background
SE-FC-L3_ObjectBased_R16.pth,N,6,16,0,145.55112,146,Background
SE-FC-L3_ObjectBased_R16.pth,N,7,16,0,173.8252,146,Background
SE-FC-L3_ObjectBased_R16.pth,N,8,16,0,153.28738,129,Background
SE-FC-L3_ObjectBased_R16.pth,N,9,16,0,147.2688,77,Background
SE-FC-L3_ObjectBased_R16.pth,N,10,16,0,160.87741,77,Background
SE-FC-L3_ObjectBased_R16.pth,N,11,16,0,165.05426,129,Background
SE-FC-L3_ObjectBased_R16.pth,N,12,16,0,157.71643,128,Background
SE-FC-L3_ObjectBased_R16.pth,N,13,16,0,176.37794,112,Background
SE-FC-L3_ObjectBased_R16.pth,N,14,16,0,166.10025,112,Background
SE-FC-L3_ObjectBased_R16.pth,N,15,16,0,174.25174,129,Background
SE-FC-L3_ObjectBased_R16.pth,N,16,16,215,164.34381,112,Background
SE-FC-L3_ObjectBased_R16.pth,N,17,16,215,155.18758,111,Background
SE-FC-L3_ObjectBased_R16.pth,N,18,16,215,140.99915,111,Background
SE-FC-L3_ObjectBased_R16.pth,N,19,16,221,144.02869,112,Background
SE-FC-L3_ObjectBased_R16.pth,N,20,16,215,150.2789,112,Background
SE-FC-L3_ObjectBased_R16.pth,N,21,16,215,151.3265,112,Background
SE-FC-L3_ObjectBased_R2.pth,E,1,2,77,17.424381,26,Eyes
SE-FC-L3_ObjectBased_R2.pth,E,2,2,77,18.83852,26,Eyes
SE-FC-L3_ObjectBased_R2.pth,E,3,2,77,28.270844,26,Eyes
SE-FC-L3_ObjectBased_R2.pth,E,4,2,77,31.965475,26,Eyes
SE-FC-L3_ObjectBased_R2.pth,E,5,2,215,30.183651,26,Background
SE-FC-L3_ObjectBased_R2.pth,E,6,2,215,33.14826,26,Background
SE-FC-L3_ObjectBased_R2.pth,E,7,2,77,17.424381,0,Eyes
SE-FC-L3_ObjectBased_R2.pth,E,8,2,77,17.424381,0,Eyes
SE-FC-L3_ObjectBased_R2.pth,E,9,2,77,17.424381,0,Eyes
SE-FC-L3_ObjectBased_R2.pth,E,10,2,0,0,0,Background
SE-FC-L3_ObjectBased_R2.pth,E,11,2,0,17.277405,26,Background
SE-FC-L3_ObjectBased_R2.pth,E,12,2,77,17.424381,0,Eyes
SE-FC-L3_ObjectBased_R2.pth,E,13,2,94,17.42438,0,Eyes
SE-FC-L3_ObjectBased_R2.pth,E,14,2,0,19.407488,26,Background
SE-FC-L3_ObjectBased_R2.pth,E,15,2,0,42.399956,26,Background
SE-FC-L3_ObjectBased_R2.pth,E,16,2,0,51.438637,26,Background
SE-FC-L3_ObjectBased_R2.pth,E,17,2,77,35.84914,26,Eyes
SE-FC-L3_ObjectBased_R2.pth,E,18,2,77,42.503704,26,Eyes
SE-FC-L3_ObjectBased_R2.pth,E,19,2,0,19.450848,26,Background
SE-FC-L3_ObjectBased_R2.pth,E,20,2,77,48.56862,112,Eyes
SE-FC-L3_ObjectBased_R2.pth,E,21,2,60,38.931934,26,Background
SE-FC-L3_ObjectBased_R2.pth,Full,1,2,215,88.98833,42,Background
SE-FC-L3_ObjectBased_R2.pth,Full,2,2,215,92.104294,42,Background
SE-FC-L3_ObjectBased_R2.pth,Full,3,2,77,72.91536,42,Eyes
SE-FC-L3_ObjectBased_R2.pth,Full,4,2,215,97.545265,42,Background
SE-FC-L3_ObjectBased_R2.pth,Full,5,2,215,82.47125,42,Background
SE-FC-L3_ObjectBased_R2.pth,Full,6,2,197,91.19935,42,Mouth
SE-FC-L3_ObjectBased_R2.pth,Full,7,2,77,84.33945,42,Eyes
SE-FC-L3_ObjectBased_R2.pth,Full,8,2,197,75.401924,42,Mouth
SE-FC-L3_ObjectBased_R2.pth,Full,9,2,180,76.19295,42,Mouth
SE-FC-L3_ObjectBased_R2.pth,Full,10,2,163,56.09609,42,Background
SE-FC-L3_ObjectBased_R2.pth,Full,11,2,163,69.996124,42,Background
SE-FC-L3_ObjectBased_R2.pth,Full,12,2,0,75.20438,95,Background
SE-FC-L3_ObjectBased_R2.pth,Full,13,2,94,77.47355,42,Eyes
SE-FC-L3_ObjectBased_R2.pth,Full,14,2,77,74.5854,42,Eyes
SE-FC-L3_ObjectBased_R2.pth,Full,15,2,77,59.84852,42,Eyes
SE-FC-L3_ObjectBased_R2.pth,Full,16,2,77,77.56506,42,Eyes
SE-FC-L3_ObjectBased_R2.pth,Full,17,2,0,73.38402,78,Background
SE-FC-L3_ObjectBased_R2.pth,Full,18,2,77,62.981907,42,Eyes
SE-FC-L3_ObjectBased_R2.pth,Full,19,2,94,69.22743,42,Eyes
SE-FC-L3_ObjectBased_R2.pth,Full,20,2,78,60.721268,42,Eyes
SE-FC-L3_ObjectBased_R2.pth,Full,21,2,78,66.08324,42,Eyes
SE-FC-L3_ObjectBased_R2.pth,M,1,2,215,160.72446,60,Background
SE-FC-L3_ObjectBased_R2.pth,M,2,2,215,142.19522,77,Background
SE-FC-L3_ObjectBased_R2.pth,M,3,2,43,91.59796,163,Background
SE-FC-L3_ObjectBased_R2.pth,M,4,2,215,132.54095,163,Background
SE-FC-L3_ObjectBased_R2.pth,M,5,2,198,137.37434,163,Mouth
SE-FC-L3_ObjectBased_R2.pth,M,6,2,163,93.898155,111,Background
SE-FC-L3_ObjectBased_R2.pth,M,7,2,146,65.2565,112,Nose
SE-FC-L3_ObjectBased_R2.pth,M,8,2,146,72.81734,198,Nose
SE-FC-L3_ObjectBased_R2.pth,M,9,2,146,58.046318,111,Nose
SE-FC-L3_ObjectBased_R2.pth,M,10,2,0,74.78152,215,Background
SE-FC-L3_ObjectBased_R2.pth,M,11,2,0,68.43563,26,Background
SE-FC-L3_ObjectBased_R2.pth,M,12,2,163,76.05457,95,Background
SE-FC-L3_ObjectBased_R2.pth,M,13,2,163,57.097755,128,Background
SE-FC-L3_ObjectBased_R2.pth,M,14,2,163,87.027306,26,Background
SE-FC-L3_ObjectBased_R2.pth,M,15,2,163,78.01709,198,Background
SE-FC-L3_ObjectBased_R2.pth,M,16,2,163,83.827446,198,Background
SE-FC-L3_ObjectBased_R2.pth,M,17,2,0,45.87523,181,Background
SE-FC-L3_ObjectBased_R2.pth,M,18,2,0,56.047874,95,Background
SE-FC-L3_ObjectBased_R2.pth,M,19,2,0,60.89268,112,Background
SE-FC-L3_ObjectBased_R2.pth,M,20,2,215,152.7008,26,Background
SE-FC-L3_ObjectBased_R2.pth,M,21,2,0,62.89556,198,Background
SE-FC-L3_ObjectBased_R2.pth,N,1,2,0,44.763283,26,Background
SE-FC-L3_ObjectBased_R2.pth,N,2,2,0,48.806824,26,Background
SE-FC-L3_ObjectBased_R2.pth,N,3,2,0,46.668365,26,Background
SE-FC-L3_ObjectBased_R2.pth,N,4,2,0,50.99618,26,Background
SE-FC-L3_ObjectBased_R2.pth,N,5,2,0,74.575645,112,Background
SE-FC-L3_ObjectBased_R2.pth,N,6,2,0,123.78909,197,Background
SE-FC-L3_ObjectBased_R2.pth,N,7,2,0,126.23796,111,Background
SE-FC-L3_ObjectBased_R2.pth,N,8,2,0,116.72547,197,Background
SE-FC-L3_ObjectBased_R2.pth,N,9,2,0,107.96219,197,Background
SE-FC-L3_ObjectBased_R2.pth,N,10,2,0,80.212616,181,Background
SE-FC-L3_ObjectBased_R2.pth,N,11,2,0,54.554813,26,Background
SE-FC-L3_ObjectBased_R2.pth,N,12,2,0,87.58559,163,Background
SE-FC-L3_ObjectBased_R2.pth,N,13,2,0,65.664215,181,Background
SE-FC-L3_ObjectBased_R2.pth,N,14,2,0,58.96463,164,Background
SE-FC-L3_ObjectBased_R2.pth,N,15,2,77,24.725113,26,Eyes
SE-FC-L3_ObjectBased_R2.pth,N,16,2,77,23.350014,26,Eyes
SE-FC-L3_ObjectBased_R2.pth,N,17,2,94,17.277397,0,Eyes
SE-FC-L3_ObjectBased_R2.pth,N,18,2,0,17.501133,26,Background
SE-FC-L3_ObjectBased_R2.pth,N,19,2,94,17.277395,26,Eyes
SE-FC-L3_ObjectBased_R2.pth,N,20,2,0,0,0,Background
SE-FC-L3_ObjectBased_R2.pth,N,21,2,0,0,0,Background
SE-FC-L3_ObjectBased_R32.pth,E,1,32,163,70.0014,0,Background
SE-FC-L3_ObjectBased_R32.pth,E,2,32,197,84.83583,0,Mouth
SE-FC-L3_ObjectBased_R32.pth,E,3,32,163,74.86992,0,Background
SE-FC-L3_ObjectBased_R32.pth,E,4,32,197,87.74286,0,Mouth
SE-FC-L3_ObjectBased_R32.pth,E,5,32,163,66.222755,0,Background
SE-FC-L3_ObjectBased_R32.pth,E,6,32,197,83.95533,0,Mouth
SE-FC-L3_ObjectBased_R32.pth,E,7,32,197,91.13811,0,Mouth
SE-FC-L3_ObjectBased_R32.pth,E,8,32,197,103.23775,0,Mouth
SE-FC-L3_ObjectBased_R32.pth,E,9,32,197,83.23187,0,Mouth
SE-FC-L3_ObjectBased_R32.pth,E,10,32,197,103.85009,0,Mouth
SE-FC-L3_ObjectBased_R32.pth,E,11,32,197,96.921844,0,Mouth
SE-FC-L3_ObjectBased_R32.pth,E,12,32,163,76.57504,0,Background
SE-FC-L3_ObjectBased_R32.pth,E,13,32,163,84.01689,0,Background
SE-FC-L3_ObjectBased_R32.pth,E,14,32,163,71.01396,0,Background
SE-FC-L3_ObjectBased_R32.pth,E,15,32,163,75.53922,0,Background
SE-FC-L3_ObjectBased_R32.pth,E,16,32,163,76.887024,0,Background
SE-FC-L3_ObjectBased_R32.pth,E,17,32,163,71.54422,0,Background
SE-FC-L3_ObjectBased_R32.pth,E,18,32,163,68.50342,0,Background
SE-FC-L3_ObjectBased_R32.pth,E,19,32,163,57.51061,0,Background
SE-FC-L3_ObjectBased_R32.pth,E,20,32,163,62.88925,0,Background
SE-FC-L3_ObjectBased_R32.pth,E,21,32,163,60.301666,0,Background
SE-FC-L3_ObjectBased_R32.pth,Full,1,32,215,80.578354,94,Background
SE-FC-L3_ObjectBased_R32.pth,Full,2,32,129,65.419174,94,Nose
SE-FC-L3_ObjectBased_R32.pth,Full,3,32,129,45.944862,0,Nose
SE-FC-L3_ObjectBased_R32.pth,Full,4,32,129,58.397873,25,Nose
SE-FC-L3_ObjectBased_R32.pth,Full,5,32,129,64.96689,94,Nose
SE-FC-L3_ObjectBased_R32.pth,Full,6,32,129,68.28782,0,Nose
SE-FC-L3_ObjectBased_R32.pth,Full,7,32,129,61.00254,94,Nose
SE-FC-L3_ObjectBased_R32.pth,Full,8,32,129,68.46807,77,Nose
SE-FC-L3_ObjectBased_R32.pth,Full,9,32,198,85.82233,78,Mouth
SE-FC-L3_ObjectBased_R32.pth,Full,10,32,198,126.448395,94,Mouth
SE-FC-L3_ObjectBased_R32.pth,Full,11,32,26,112.93266,94,Background
SE-FC-L3_ObjectBased_R32.pth,Full,12,32,146,77.528366,0,Nose
SE-FC-L3_ObjectBased_R32.pth,Full,13,32,146,89.2225,94,Nose
SE-FC-L3_ObjectBased_R32.pth,Full,14,32,146,75.719864,77,Nose
SE-FC-L3_ObjectBased_R32.pth,Full,15,32,129,68.52437,0,Nose
SE-FC-L3_ObjectBased_R32.pth,Full,16,32,129,69.419556,77,Nose
SE-FC-L3_ObjectBased_R32.pth,Full,17,32,129,78.76454,181,Nose
SE-FC-L3_ObjectBased_R32.pth,Full,18,32,129,80.91674,60,Nose
SE-FC-L3_ObjectBased_R32.pth,Full,19,32,129,56.887787,77,Nose
SE-FC-L3_ObjectBased_R32.pth,Full,20,32,129,46.365974,181,Nose
SE-FC-L3_ObjectBased_R32.pth,Full,21,32,42,97.38627,181,Background
SE-FC-L3_ObjectBased_R32.pth,M,1,32,198,102.97737,77,Mouth
SE-FC-L3_ObjectBased_R32.pth,M,2,32,198,98.297104,77,Mouth
SE-FC-L3_ObjectBased_R32.pth,M,3,32,198,96.939896,60,Mouth
SE-FC-L3_ObjectBased_R32.pth,M,4,32,198,87.91054,26,Mouth
SE-FC-L3_ObjectBased_R32.pth,M,5,32,198,113.05315,77,Mouth
SE-FC-L3_ObjectBased_R32.pth,M,6,32,198,99.67682,94,Mouth
SE-FC-L3_ObjectBased_R32.pth,M,7,32,198,86.232414,60,Mouth
SE-FC-L3_ObjectBased_R32.pth,M,8,32,198,102.30312,26,Mouth
SE-FC-L3_ObjectBased_R32.pth,M,9,32,198,98.29768,60,Mouth
SE-FC-L3_ObjectBased_R32.pth,M,10,32,198,75.82802,26,Mouth
SE-FC-L3_ObjectBased_R32.pth,M,11,32,198,94.49449,94,Mouth
SE-FC-L3_ObjectBased_R32.pth,M,12,32,198,99.63369,94,Mouth
SE-FC-L3_ObjectBased_R32.pth,M,13,32,198,109.62214,77,Mouth
SE-FC-L3_ObjectBased_R32.pth,M,14,32,198,96.106964,78,Mouth
SE-FC-L3_ObjectBased_R32.pth,M,15,32,198,78.318214,77,Mouth
SE-FC-L3_ObjectBased_R32.pth,M,16,32,198,99.352905,25,Mouth
SE-FC-L3_ObjectBased_R32.pth,M,17,32,198,83.49516,0,Mouth
SE-FC-L3_ObjectBased_R32.pth,M,18,32,198,85.93693,77,Mouth
SE-FC-L3_ObjectBased_R32.pth,M,19,32,198,90.67578,60,Mouth
SE-FC-L3_ObjectBased_R32.pth,M,20,32,198,68.14479,0,Mouth
SE-FC-L3_ObjectBased_R32.pth,M,21,32,198,83.55597,0,Mouth
SE-FC-L3_ObjectBased_R32.pth,N,1,32,25,126.72779,94,Background
SE-FC-L3_ObjectBased_R32.pth,N,2,32,198,113.131714,94,Mouth
SE-FC-L3_ObjectBased_R32.pth,N,3,32,198,115.93567,94,Mouth
SE-FC-L3_ObjectBased_R32.pth,N,4,32,198,121.96212,94,Mouth
SE-FC-L3_ObjectBased_R32.pth,N,5,32,198,107.26765,94,Mouth
SE-FC-L3_ObjectBased_R32.pth,N,6,32,198,109.639206,94,Mouth
SE-FC-L3_ObjectBased_R32.pth,N,7,32,198,114.873825,94,Mouth
SE-FC-L3_ObjectBased_R32.pth,N,8,32,198,129.34143,94,Mouth
SE-FC-L3_ObjectBased_R32.pth,N,9,32,198,134.7453,94,Mouth
SE-FC-L3_ObjectBased_R32.pth,N,10,32,198,147.26053,77,Mouth
SE-FC-L3_ObjectBased_R32.pth,N,11,32,0,140.19897,77,Background
SE-FC-L3_ObjectBased_R32.pth,N,12,32,0,150.72728,77,Background
SE-FC-L3_ObjectBased_R32.pth,N,13,32,25,145.83499,78,Background
SE-FC-L3_ObjectBased_R32.pth,N,14,32,25,121.58214,94,Background
SE-FC-L3_ObjectBased_R32.pth,N,15,32,25,123.817955,77,Background
SE-FC-L3_ObjectBased_R32.pth,N,16,32,25,136.1702,77,Background
SE-FC-L3_ObjectBased_R32.pth,N,17,32,25,138.91583,77,Background
SE-FC-L3_ObjectBased_R32.pth,N,18,32,198,108.21779,77,Mouth
SE-FC-L3_ObjectBased_R32.pth,N,19,32,198,125.95362,77,Mouth
SE-FC-L3_ObjectBased_R32.pth,N,20,32,198,135.25874,77,Mouth
SE-FC-L3_ObjectBased_R32.pth,N,21,32,197,125.48956,60,Mouth
SE-FC-L3_ObjectBased_R4.pth,E,1,4,129,44.833652,0,Nose
SE-FC-L3_ObjectBased_R4.pth,E,2,4,111,34.03881,164,Background
SE-FC-L3_ObjectBased_R4.pth,E,3,4,128,37.108494,164,Nose
SE-FC-L3_ObjectBased_R4.pth,E,4,4,128,40.114273,198,Nose
SE-FC-L3_ObjectBased_R4.pth,E,5,4,111,53.07461,181,Background
SE-FC-L3_ObjectBased_R4.pth,E,6,4,111,36.409363,164,Background
SE-FC-L3_ObjectBased_R4.pth,E,7,4,42,68.42213,164,Background
SE-FC-L3_ObjectBased_R4.pth,E,8,4,77,31.8442,0,Eyes
SE-FC-L3_ObjectBased_R4.pth,E,9,4,111,25.771784,0,Background
SE-FC-L3_ObjectBased_R4.pth,E,10,4,111,26.994917,146,Background
SE-FC-L3_ObjectBased_R4.pth,E,11,4,112,33.27922,146,Background
SE-FC-L3_ObjectBased_R4.pth,E,12,4,129,56.452847,0,Nose
SE-FC-L3_ObjectBased_R4.pth,E,13,4,129,64.940865,0,Nose
SE-FC-L3_ObjectBased_R4.pth,E,14,4,0,53.20974,129,Background
SE-FC-L3_ObjectBased_R4.pth,E,15,4,0,57.94065,146,Background
SE-FC-L3_ObjectBased_R4.pth,E,16,4,129,38.89284,0,Nose
SE-FC-L3_ObjectBased_R4.pth,E,17,4,43,77.53584,0,Background
SE-FC-L3_ObjectBased_R4.pth,E,18,4,129,77.102066,0,Nose
SE-FC-L3_ObjectBased_R4.pth,E,19,4,128,45.127857,164,Nose
SE-FC-L3_ObjectBased_R4.pth,E,20,4,129,79.78743,0,Nose
SE-FC-L3_ObjectBased_R4.pth,E,21,4,129,73.50309,164,Nose
SE-FC-L3_ObjectBased_R4.pth,Full,1,4,146,32.03911,0,Nose
SE-FC-L3_ObjectBased_R4.pth,Full,2,4,94,43.176403,0,Eyes
SE-FC-L3_ObjectBased_R4.pth,Full,3,4,146,65.40435,0,Nose
SE-FC-L3_ObjectBased_R4.pth,Full,4,4,146,53.84275,0,Nose
SE-FC-L3_ObjectBased_R4.pth,Full,5,4,215,86.74165,0,Background
SE-FC-L3_ObjectBased_R4.pth,Full,6,4,146,44.545685,0,Nose
SE-FC-L3_ObjectBased_R4.pth,Full,7,4,215,71.18838,26,Background
SE-FC-L3_ObjectBased_R4.pth,Full,8,4,163,65.0052,0,Background
SE-FC-L3_ObjectBased_R4.pth,Full,9,4,163,51.514725,0,Background
SE-FC-L3_ObjectBased_R4.pth,Full,10,4,146,60.29808,25,Nose
SE-FC-L3_ObjectBased_R4.pth,Full,11,4,163,75.67534,0,Background
SE-FC-L3_ObjectBased_R4.pth,Full,12,4,146,68.24191,0,Nose
SE-FC-L3_ObjectBased_R4.pth,Full,13,4,146,71.05641,0,Nose
SE-FC-L3_ObjectBased_R4.pth,Full,14,4,146,72.40466,0,Nose
SE-FC-L3_ObjectBased_R4.pth,Full,15,4,60,65.75827,0,Background
SE-FC-L3_ObjectBased_R4.pth,Full,16,4,60,60.977924,0,Background
SE-FC-L3_ObjectBased_R4.pth,Full,17,4,60,48.788124,0,Background
SE-FC-L3_ObjectBased_R4.pth,Full,18,4,60,46.503723,0,Background
SE-FC-L3_ObjectBased_R4.pth,Full,19,4,60,83.68584,25,Background
SE-FC-L3_ObjectBased_R4.pth,Full,20,4,60,81.01342,0,Background
SE-FC-L3_ObjectBased_R4.pth,Full,21,4,60,74.936935,0,Background
SE-FC-L3_ObjectBased_R4.pth,M,1,4,215,75.188255,0,Background
SE-FC-L3_ObjectBased_R4.pth,M,2,4,60,76.54794,0,Background
SE-FC-L3_ObjectBased_R4.pth,M,3,4,60,83.26958,0,Background
SE-FC-L3_ObjectBased_R4.pth,M,4,4,181,38.17578,25,Mouth
SE-FC-L3_ObjectBased_R4.pth,M,5,4,215,102.81175,78,Background
SE-FC-L3_ObjectBased_R4.pth,M,6,4,215,76.74501,0,Background
SE-FC-L3_ObjectBased_R4.pth,M,7,4,215,127.51455,0,Background
SE-FC-L3_ObjectBased_R4.pth,M,8,4,215,110.03267,94,Background
SE-FC-L3_ObjectBased_R4.pth,M,9,4,181,89.03925,25,Mouth
SE-FC-L3_ObjectBased_R4.pth,M,10,4,60,73.79318,0,Background
SE-FC-L3_ObjectBased_R4.pth,M,11,4,181,75.28543,0,Mouth
SE-FC-L3_ObjectBased_R4.pth,M,12,4,181,73.16849,25,Mouth
SE-FC-L3_ObjectBased_R4.pth,M,13,4,181,91.994446,0,Mouth
SE-FC-L3_ObjectBased_R4.pth,M,14,4,215,92.98372,0,Background
SE-FC-L3_ObjectBased_R4.pth,M,15,4,129,90.85661,0,Nose
SE-FC-L3_ObjectBased_R4.pth,M,16,4,181,64.617966,0,Mouth
SE-FC-L3_ObjectBased_R4.pth,M,17,4,180,44.49029,0,Mouth
SE-FC-L3_ObjectBased_R4.pth,M,18,4,60,83.79826,0,Background
SE-FC-L3_ObjectBased_R4.pth,M,19,4,77,62.91152,0,Eyes
SE-FC-L3_ObjectBased_R4.pth,M,20,4,77,73.683914,0,Eyes
SE-FC-L3_ObjectBased_R4.pth,M,21,4,94,72.09957,0,Eyes
SE-FC-L3_ObjectBased_R4.pth,N,1,4,180,44.514797,26,Mouth
SE-FC-L3_ObjectBased_R4.pth,N,2,4,180,35.591545,0,Mouth
SE-FC-L3_ObjectBased_R4.pth,N,3,4,164,29.465517,0,Background
SE-FC-L3_ObjectBased_R4.pth,N,4,4,163,34.170963,0,Background
SE-FC-L3_ObjectBased_R4.pth,N,5,4,94,35.100647,0,Eyes
SE-FC-L3_ObjectBased_R4.pth,N,6,4,180,45.751854,0,Mouth
SE-FC-L3_ObjectBased_R4.pth,N,7,4,164,57.206974,43,Background
SE-FC-L3_ObjectBased_R4.pth,N,8,4,181,66.59802,26,Mouth
SE-FC-L3_ObjectBased_R4.pth,N,9,4,164,57.04753,43,Background
SE-FC-L3_ObjectBased_R4.pth,N,10,4,180,82.99679,43,Mouth
SE-FC-L3_ObjectBased_R4.pth,N,11,4,197,83.18419,59,Mouth
SE-FC-L3_ObjectBased_R4.pth,N,12,4,164,52.89323,43,Background
SE-FC-L3_ObjectBased_R4.pth,N,13,4,163,64.6961,59,Background
SE-FC-L3_ObjectBased_R4.pth,N,14,4,198,84.668365,60,Mouth
SE-FC-L3_ObjectBased_R4.pth,N,15,4,163,73.40525,59,Background
SE-FC-L3_ObjectBased_R4.pth,N,16,4,163,45.480515,43,Background
SE-FC-L3_ObjectBased_R4.pth,N,17,4,163,51.890724,59,Background
SE-FC-L3_ObjectBased_R4.pth,N,18,4,163,44.304047,26,Background
SE-FC-L3_ObjectBased_R4.pth,N,19,4,163,45.650017,26,Background
SE-FC-L3_ObjectBased_R4.pth,N,20,4,163,32.53715,26,Background
SE-FC-L3_ObjectBased_R4.pth,N,21,4,217,31.56554,26,Background
SE-FC-L3_ObjectBased_R8.pth,E,1,8,60,33.06712,0,Background
SE-FC-L3_ObjectBased_R8.pth,E,2,8,60,41.212646,0,Background
SE-FC-L3_ObjectBased_R8.pth,E,3,8,60,34.15313,0,Background
SE-FC-L3_ObjectBased_R8.pth,E,4,8,60,35.84476,0,Background
SE-FC-L3_ObjectBased_R8.pth,E,5,8,60,51.019135,0,Background
SE-FC-L3_ObjectBased_R8.pth,E,6,8,60,52.477753,0,Background
SE-FC-L3_ObjectBased_R8.pth,E,7,8,60,51.97233,0,Background
SE-FC-L3_ObjectBased_R8.pth,E,8,8,60,48.978046,0,Background
SE-FC-L3_ObjectBased_R8.pth,E,9,8,60,51.033638,0,Background
SE-FC-L3_ObjectBased_R8.pth,E,10,8,60,47.687527,0,Background
SE-FC-L3_ObjectBased_R8.pth,E,11,8,60,47.36339,0,Background
SE-FC-L3_ObjectBased_R8.pth,E,12,8,60,41.19533,0,Background
SE-FC-L3_ObjectBased_R8.pth,E,13,8,60,42.16918,0,Background
SE-FC-L3_ObjectBased_R8.pth,E,14,8,60,40.451843,0,Background
SE-FC-L3_ObjectBased_R8.pth,E,15,8,60,38.936565,0,Background
SE-FC-L3_ObjectBased_R8.pth,E,16,8,60,40.241127,0,Background
SE-FC-L3_ObjectBased_R8.pth,E,17,8,60,40.975613,0,Background
SE-FC-L3_ObjectBased_R8.pth,E,18,8,0,0,0,Background
SE-FC-L3_ObjectBased_R8.pth,E,19,8,129,25.977104,0,Nose
SE-FC-L3_ObjectBased_R8.pth,E,20,8,60,45.87887,0,Background
SE-FC-L3_ObjectBased_R8.pth,E,21,8,60,28.257524,0,Background
SE-FC-L3_ObjectBased_R8.pth,Full,1,8,0,0,0,Background
SE-FC-L3_ObjectBased_R8.pth,Full,2,8,129,17.66134,0,Nose
SE-FC-L3_ObjectBased_R8.pth,Full,3,8,129,17.661343,0,Nose
SE-FC-L3_ObjectBased_R8.pth,Full,4,8,215,17.501135,0,Background
SE-FC-L3_ObjectBased_R8.pth,Full,5,8,198,27.172293,0,Mouth
SE-FC-L3_ObjectBased_R8.pth,Full,6,8,198,30.60835,0,Mouth
SE-FC-L3_ObjectBased_R8.pth,Full,7,8,181,40.584614,0,Mouth
SE-FC-L3_ObjectBased_R8.pth,Full,8,8,181,46.01304,0,Mouth
SE-FC-L3_ObjectBased_R8.pth,Full,9,8,181,29.967213,0,Mouth
SE-FC-L3_ObjectBased_R8.pth,Full,10,8,77,36.951023,0,Eyes
SE-FC-L3_ObjectBased_R8.pth,Full,11,8,181,44.868988,0,Mouth
SE-FC-L3_ObjectBased_R8.pth,Full,12,8,0,0,0,Background
SE-FC-L3_ObjectBased_R8.pth,Full,13,8,222,49.72127,0,Background
SE-FC-L3_ObjectBased_R8.pth,Full,14,8,146,27.375086,0,Nose
SE-FC-L3_ObjectBased_R8.pth,Full,15,8,198,39.28132,0,Mouth
SE-FC-L3_ObjectBased_R8.pth,Full,16,8,77,17.764214,0,Eyes
SE-FC-L3_ObjectBased_R8.pth,Full,17,8,77,47.140877,0,Eyes
SE-FC-L3_ObjectBased_R8.pth,Full,18,8,77,53.118618,0,Eyes
SE-FC-L3_ObjectBased_R8.pth,Full,19,8,77,70.1014,0,Eyes
SE-FC-L3_ObjectBased_R8.pth,Full,20,8,77,83.2708,0,Eyes
SE-FC-L3_ObjectBased_R8.pth,Full,21,8,77,69.38327,181,Eyes
SE-FC-L3_ObjectBased_R8.pth,M,1,8,146,39.08709,0,Nose
SE-FC-L3_ObjectBased_R8.pth,M,2,8,198,55.293,0,Mouth
SE-FC-L3_ObjectBased_R8.pth,M,3,8,181,54.224617,0,Mouth
SE-FC-L3_ObjectBased_R8.pth,M,4,8,197,49.816284,0,Mouth
SE-FC-L3_ObjectBased_R8.pth,M,5,8,215,56.274162,60,Background
SE-FC-L3_ObjectBased_R8.pth,M,6,8,215,44.636982,60,Background
SE-FC-L3_ObjectBased_R8.pth,M,7,8,215,45.70584,26,Background
SE-FC-L3_ObjectBased_R8.pth,M,8,8,215,41.809196,0,Background
SE-FC-L3_ObjectBased_R8.pth,M,9,8,215,43.689583,78,Background
SE-FC-L3_ObjectBased_R8.pth,M,10,8,215,47.770355,26,Background
SE-FC-L3_ObjectBased_R8.pth,M,11,8,217,41.91585,0,Background
SE-FC-L3_ObjectBased_R8.pth,M,12,8,215,48.66893,60,Background
SE-FC-L3_ObjectBased_R8.pth,M,13,8,215,44.3769,60,Background
SE-FC-L3_ObjectBased_R8.pth,M,14,8,215,39.46498,60,Background
SE-FC-L3_ObjectBased_R8.pth,M,15,8,198,55.58041,60,Mouth
SE-FC-L3_ObjectBased_R8.pth,M,16,8,198,48.29654,60,Mouth
SE-FC-L3_ObjectBased_R8.pth,M,17,8,198,48.828045,60,Mouth
SE-FC-L3_ObjectBased_R8.pth,M,18,8,198,64.383995,78,Mouth
SE-FC-L3_ObjectBased_R8.pth,M,19,8,198,71.88846,129,Mouth
SE-FC-L3_ObjectBased_R8.pth,M,20,8,215,62.445583,146,Background
SE-FC-L3_ObjectBased_R8.pth,M,21,8,42,77.508606,146,Background
SE-FC-L3_ObjectBased_R8.pth,N,1,8,180,41.958054,0,Mouth
SE-FC-L3_ObjectBased_R8.pth,N,2,8,180,37.59681,0,Mouth
SE-FC-L3_ObjectBased_R8.pth,N,3,8,180,25.997494,0,Mouth
SE-FC-L3_ObjectBased_R8.pth,N,4,8,180,37.633606,0,Mouth
SE-FC-L3_ObjectBased_R8.pth,N,5,8,180,48.145912,0,Mouth
SE-FC-L3_ObjectBased_R8.pth,N,6,8,180,30.06427,0,Mouth
SE-FC-L3_ObjectBased_R8.pth,N,7,8,180,40.06315,0,Mouth
SE-FC-L3_ObjectBased_R8.pth,N,8,8,180,46.371872,0,Mouth
SE-FC-L3_ObjectBased_R8.pth,N,9,8,180,55.141563,0,Mouth
SE-FC-L3_ObjectBased_R8.pth,N,10,8,180,33.599182,0,Mouth
SE-FC-L3_ObjectBased_R8.pth,N,11,8,180,32.390232,0,Mouth
SE-FC-L3_ObjectBased_R8.pth,N,12,8,180,25.995937,0,Mouth
SE-FC-L3_ObjectBased_R8.pth,N,13,8,180,17.424377,0,Mouth
SE-FC-L3_ObjectBased_R8.pth,N,14,8,180,17.424377,0,Mouth
SE-FC-L3_ObjectBased_R8.pth,N,15,8,180,17.571192,0,Mouth
SE-FC-L3_ObjectBased_R8.pth,N,16,8,180,50.124268,0,Mouth
SE-FC-L3_ObjectBased_R8.pth,N,17,8,180,39.582523,0,Mouth
SE-FC-L3_ObjectBased_R8.pth,N,18,8,164,63.250217,0,Background
SE-FC-L3_ObjectBased_R8.pth,N,19,8,164,30.607979,0,Background
SE-FC-L3_ObjectBased_R8.pth,N,20,8,163,50.80334,0,Background
SE-FC-L3_ObjectBased_R8.pth,N,21,8,163,58.980507,0,Background